0 verbose cli /usr/local/bin/node /usr/local/bin/npm
1 info using npm@11.6.2
2 info using node@v24.13.0
3 silly config load:file:/usr/local/lib/node_modules/npm/npmrc
4 silly config load:file:/Users/minsoopark/Downloads/바이브코딩/k-black-music-magazine-app/.npmrc
5 silly config load:file:/Users/minsoopark/.npmrc
6 silly config load:file:/usr/local/etc/npmrc
7 verbose title npm install
8 verbose argv "install" "--cache" ".npm-cache"
9 verbose logfile logs-max:10 dir:/Users/minsoopark/Downloads/바이브코딩/k-black-music-magazine-app/.npm-cache/_logs/2026-04-03T08_47_41_082Z-
10 verbose logfile /Users/minsoopark/Downloads/바이브코딩/k-black-music-magazine-app/.npm-cache/_logs/2026-04-03T08_47_41_082Z-debug-0.log
11 silly logfile done cleaning log files
12 silly packumentCache heap:2348810240 maxSize:587202560 maxEntrySize:293601280
13 silly idealTree buildDeps
14 silly fetch manifest @supabase/supabase-js@^2.49.4
15 silly packumentCache full:https://registry.npmjs.org/@supabase%2fsupabase-js cache-miss
16 http fetch GET 200 https://registry.npmjs.org/npm 181ms
17 http fetch GET 200 https://registry.npmjs.org/@supabase%2fsupabase-js 205ms (cache miss)
18 silly packumentCache full:https://registry.npmjs.org/@supabase%2fsupabase-js set size:undefined disposed:false
19 silly fetch manifest next@14.2.5
20 silly packumentCache full:https://registry.npmjs.org/next cache-miss
21 http fetch GET 200 https://registry.npmjs.org/next 314ms (cache miss)
22 silly packumentCache full:https://registry.npmjs.org/next set size:undefined disposed:false
23 silly fetch manifest @opentelemetry/api@^1.1.0
24 silly packumentCache full:https://registry.npmjs.org/@opentelemetry%2fapi cache-miss
25 http fetch GET 200 https://registry.npmjs.org/@opentelemetry%2fapi 74ms (cache miss)
26 silly packumentCache full:https://registry.npmjs.org/@opentelemetry%2fapi set size:undefined disposed:false
27 silly fetch manifest @playwright/test@^1.41.2
28 silly packumentCache full:https://registry.npmjs.org/@playwright%2ftest cache-miss
29 http fetch GET 200 https://registry.npmjs.org/@playwright%2ftest 157ms (cache miss)
30 silly packumentCache full:https://registry.npmjs.org/@playwright%2ftest set size:undefined disposed:false
31 silly fetch manifest react@^18
32 silly packumentCache full:https://registry.npmjs.org/react cache-miss
33 http fetch GET 200 https://registry.npmjs.org/react 117ms (cache miss)
34 silly packumentCache full:https://registry.npmjs.org/react set size:undefined disposed:false
35 silly fetch manifest react-dom@^18
36 silly packumentCache full:https://registry.npmjs.org/react-dom cache-miss
37 http fetch GET 200 https://registry.npmjs.org/react-dom 125ms (cache miss)
38 silly packumentCache full:https://registry.npmjs.org/react-dom set size:undefined disposed:false
39 silly fetch manifest sass@^1.3.0
40 silly packumentCache full:https://registry.npmjs.org/sass cache-miss
41 http fetch GET 200 https://registry.npmjs.org/sass 64ms (cache miss)
42 silly packumentCache full:https://registry.npmjs.org/sass set size:undefined disposed:false
43 silly fetch manifest zod@^3.24.2
44 silly packumentCache full:https://registry.npmjs.org/zod cache-miss
45 http fetch GET 200 https://registry.npmjs.org/zod 123ms (cache miss)
46 silly packumentCache full:https://registry.npmjs.org/zod set size:undefined disposed:false
47 silly fetch manifest @types/node@^20
48 silly packumentCache full:https://registry.npmjs.org/@types%2fnode cache-miss
49 http fetch GET 200 https://registry.npmjs.org/@types%2fnode 148ms (cache miss)
50 silly packumentCache full:https://registry.npmjs.org/@types%2fnode set size:undefined disposed:false
51 silly fetch manifest @types/react@^18
52 silly packumentCache full:https://registry.npmjs.org/@types%2freact cache-miss
53 http fetch GET 200 https://registry.npmjs.org/@types%2freact 59ms (cache miss)
54 silly packumentCache full:https://registry.npmjs.org/@types%2freact set size:undefined disposed:false
55 silly fetch manifest @types/react-dom@^18
56 silly packumentCache full:https://registry.npmjs.org/@types%2freact-dom cache-miss
57 http fetch GET 200 https://registry.npmjs.org/@types%2freact-dom 56ms (cache miss)
58 silly packumentCache full:https://registry.npmjs.org/@types%2freact-dom set size:undefined disposed:false
59 silly fetch manifest autoprefixer@^10.4.20
60 silly packumentCache full:https://registry.npmjs.org/autoprefixer cache-miss
61 http fetch GET 200 https://registry.npmjs.org/autoprefixer 39ms (cache miss)
62 silly packumentCache full:https://registry.npmjs.org/autoprefixer set size:undefined disposed:false
63 silly fetch manifest postcss@^8.5.3
64 silly packumentCache full:https://registry.npmjs.org/postcss cache-miss
65 http fetch GET 200 https://registry.npmjs.org/postcss 62ms (cache miss)
66 silly packumentCache full:https://registry.npmjs.org/postcss set size:undefined disposed:false
67 silly fetch manifest eslint@^8.57.1
68 silly packumentCache full:https://registry.npmjs.org/eslint cache-miss
69 http fetch GET 200 https://registry.npmjs.org/eslint 51ms (cache miss)
70 silly packumentCache full:https://registry.npmjs.org/eslint set size:undefined disposed:false
71 silly fetch manifest eslint-config-next@14.2.5
72 silly packumentCache full:https://registry.npmjs.org/eslint-config-next cache-miss
73 http fetch GET 200 https://registry.npmjs.org/eslint-config-next 131ms (cache miss)
74 silly packumentCache full:https://registry.npmjs.org/eslint-config-next set size:undefined disposed:false
75 silly fetch manifest typescript@^5.8.2
76 silly packumentCache full:https://registry.npmjs.org/typescript cache-miss
77 http fetch GET 200 https://registry.npmjs.org/typescript 297ms (cache miss)
78 silly packumentCache full:https://registry.npmjs.org/typescript set size:undefined disposed:false
79 silly fetch manifest tailwindcss@^3.4.17
80 silly packumentCache full:https://registry.npmjs.org/tailwindcss cache-miss
81 http fetch GET 200 https://registry.npmjs.org/tailwindcss 183ms (cache miss)
82 silly packumentCache full:https://registry.npmjs.org/tailwindcss set size:undefined disposed:false
83 silly placeDep ROOT @supabase/supabase-js@2.101.1 OK for: k-black-music-magazine-app@0.1.0 want: ^2.49.4
84 silly placeDep ROOT @types/node@20.19.37 OK for: k-black-music-magazine-app@0.1.0 want: ^20
85 silly placeDep ROOT @types/react@18.3.28 OK for: k-black-music-magazine-app@0.1.0 want: ^18
86 silly placeDep ROOT @types/react-dom@18.3.7 OK for: k-black-music-magazine-app@0.1.0 want: ^18
87 silly placeDep ROOT autoprefixer@10.4.27 OK for: k-black-music-magazine-app@0.1.0 want: ^10.4.20
88 silly placeDep ROOT postcss@8.5.8 OK for: autoprefixer@10.4.27 want: ^8.1.0
89 silly placeDep ROOT eslint@8.57.1 OK for: k-black-music-magazine-app@0.1.0 want: ^8.57.1
90 silly placeDep ROOT eslint-config-next@14.2.5 OK for: k-black-music-magazine-app@0.1.0 want: 14.2.5
91 silly placeDep ROOT next@14.2.5 OK for: k-black-music-magazine-app@0.1.0 want: 14.2.5
92 silly placeDep ROOT react@18.3.1 OK for: next@14.2.5 want: ^18.2.0
93 silly placeDep ROOT react-dom@18.3.1 OK for: next@14.2.5 want: ^18.2.0
94 silly placeDep ROOT tailwindcss@3.4.19 OK for: k-black-music-magazine-app@0.1.0 want: ^3.4.17
95 silly placeDep ROOT typescript@5.9.3 OK for: k-black-music-magazine-app@0.1.0 want: ^5.8.2
96 silly placeDep ROOT zod@3.25.76 OK for: k-black-music-magazine-app@0.1.0 want: ^3.24.2
97 silly fetch manifest @supabase/auth-js@2.101.1
98 silly packumentCache full:https://registry.npmjs.org/@supabase%2fauth-js cache-miss
99 silly fetch manifest @supabase/storage-js@2.101.1
100 silly packumentCache full:https://registry.npmjs.org/@supabase%2fstorage-js cache-miss
101 silly fetch manifest @supabase/realtime-js@2.101.1
102 silly packumentCache full:https://registry.npmjs.org/@supabase%2frealtime-js cache-miss
103 silly fetch manifest @supabase/functions-js@2.101.1
104 silly packumentCache full:https://registry.npmjs.org/@supabase%2ffunctions-js cache-miss
105 silly fetch manifest @supabase/postgrest-js@2.101.1
106 silly packumentCache full:https://registry.npmjs.org/@supabase%2fpostgrest-js cache-miss
107 silly fetch manifest undici-types@~6.21.0
108 silly packumentCache full:https://registry.npmjs.org/undici-types cache-miss
109 silly fetch manifest csstype@^3.2.2
110 silly packumentCache full:https://registry.npmjs.org/csstype cache-miss
111 http fetch GET 200 https://registry.npmjs.org/@supabase%2fauth-js 61ms (cache miss)
112 silly packumentCache full:https://registry.npmjs.org/@supabase%2fauth-js set size:undefined disposed:false
113 silly fetch manifest @types/prop-types@*
114 silly packumentCache full:https://registry.npmjs.org/@types%2fprop-types cache-miss
115 http fetch GET 200 https://registry.npmjs.org/@supabase%2fstorage-js 71ms (cache miss)
116 silly packumentCache full:https://registry.npmjs.org/@supabase%2fstorage-js set size:undefined disposed:false
117 silly fetch manifest browserslist@^4.28.1
118 silly packumentCache full:https://registry.npmjs.org/browserslist cache-miss
119 http fetch GET 200 https://registry.npmjs.org/undici-types 90ms (cache miss)
120 silly packumentCache full:https://registry.npmjs.org/undici-types set size:undefined disposed:false
121 silly fetch manifest caniuse-lite@^1.0.30001774
122 silly packumentCache full:https://registry.npmjs.org/caniuse-lite cache-miss
123 http fetch GET 200 https://registry.npmjs.org/csstype 97ms (cache miss)
124 silly packumentCache full:https://registry.npmjs.org/csstype set size:undefined disposed:false
125 silly fetch manifest fraction.js@^5.3.4
126 silly packumentCache full:https://registry.npmjs.org/fraction.js cache-miss
127 http fetch GET 200 https://registry.npmjs.org/@types%2fprop-types 133ms (cache miss)
128 silly packumentCache full:https://registry.npmjs.org/@types%2fprop-types set size:undefined disposed:false
129 silly fetch manifest picocolors@^1.1.1
130 silly packumentCache full:https://registry.npmjs.org/picocolors cache-miss
131 http fetch GET 200 https://registry.npmjs.org/fraction.js 104ms (cache miss)
132 silly packumentCache full:https://registry.npmjs.org/fraction.js set size:undefined disposed:false
133 silly fetch manifest postcss-value-parser@^4.2.0
134 silly packumentCache full:https://registry.npmjs.org/postcss-value-parser cache-miss
135 http fetch GET 200 https://registry.npmjs.org/browserslist 140ms (cache miss)
136 silly packumentCache full:https://registry.npmjs.org/browserslist set size:undefined disposed:false
137 silly fetch manifest nanoid@^3.3.11
138 silly packumentCache full:https://registry.npmjs.org/nanoid cache-miss
139 http fetch GET 200 https://registry.npmjs.org/@supabase%2ffunctions-js 224ms (cache miss)
140 silly packumentCache full:https://registry.npmjs.org/@supabase%2ffunctions-js set size:undefined disposed:false
141 silly fetch manifest picocolors@^1.1.1
142 silly packumentCache full:https://registry.npmjs.org/picocolors cache-miss
143 http fetch GET 200 https://registry.npmjs.org/@supabase%2frealtime-js 237ms (cache miss)
144 silly packumentCache full:https://registry.npmjs.org/@supabase%2frealtime-js set size:undefined disposed:false
145 silly fetch manifest source-map-js@^1.2.1
146 silly packumentCache full:https://registry.npmjs.org/source-map-js cache-miss
147 http fetch GET 200 https://registry.npmjs.org/@supabase%2fpostgrest-js 244ms (cache miss)
148 silly packumentCache full:https://registry.npmjs.org/@supabase%2fpostgrest-js set size:undefined disposed:false
149 silly fetch manifest ajv@^6.12.4
150 silly packumentCache full:https://registry.npmjs.org/ajv cache-miss
151 http fetch GET 200 https://registry.npmjs.org/picocolors 63ms (cache miss)
152 silly packumentCache full:https://registry.npmjs.org/picocolors set size:undefined disposed:false
153 silly fetch manifest levn@^0.4.1
154 silly packumentCache full:https://registry.npmjs.org/levn cache-miss
155 http fetch GET 200 https://registry.npmjs.org/picocolors 39ms (cache miss)
156 silly packumentCache full:https://registry.npmjs.org/picocolors set size:undefined disposed:false
157 silly fetch manifest chalk@^4.0.0
158 silly packumentCache full:https://registry.npmjs.org/chalk cache-miss
159 http fetch GET 200 https://registry.npmjs.org/postcss-value-parser 64ms (cache miss)
160 silly packumentCache full:https://registry.npmjs.org/postcss-value-parser set size:undefined disposed:false
161 silly fetch manifest debug@^4.3.2
162 silly packumentCache full:https://registry.npmjs.org/debug cache-miss
163 http fetch GET 200 https://registry.npmjs.org/nanoid 53ms (cache miss)
164 silly packumentCache full:https://registry.npmjs.org/nanoid set size:undefined disposed:false
165 silly fetch manifest espree@^9.6.1
166 silly packumentCache full:https://registry.npmjs.org/espree cache-miss
167 http fetch GET 200 https://registry.npmjs.org/caniuse-lite 183ms (cache miss)
168 silly packumentCache full:https://registry.npmjs.org/caniuse-lite set size:undefined disposed:false
169 silly fetch manifest ignore@^5.2.0
170 silly packumentCache full:https://registry.npmjs.org/ignore cache-miss
171 http fetch GET 200 https://registry.npmjs.org/source-map-js 45ms (cache miss)
172 silly packumentCache full:https://registry.npmjs.org/source-map-js set size:undefined disposed:false
173 silly fetch manifest esquery@^1.4.2
174 silly packumentCache full:https://registry.npmjs.org/esquery cache-miss
175 http fetch GET 200 https://registry.npmjs.org/levn 35ms (cache miss)
176 silly packumentCache full:https://registry.npmjs.org/levn set size:undefined disposed:false
177 silly fetch manifest esutils@^2.0.2
178 silly packumentCache full:https://registry.npmjs.org/esutils cache-miss
179 http fetch GET 200 https://registry.npmjs.org/espree 41ms (cache miss)
180 silly packumentCache full:https://registry.npmjs.org/espree set size:undefined disposed:false
181 silly fetch manifest find-up@^5.0.0
182 silly packumentCache full:https://registry.npmjs.org/find-up cache-miss
183 http fetch GET 200 https://registry.npmjs.org/chalk 57ms (cache miss)
184 silly packumentCache full:https://registry.npmjs.org/chalk set size:undefined disposed:false
185 silly fetch manifest globals@^13.19.0
186 silly packumentCache full:https://registry.npmjs.org/globals cache-miss
187 http fetch GET 200 https://registry.npmjs.org/debug 65ms (cache miss)
188 silly packumentCache full:https://registry.npmjs.org/debug set size:undefined disposed:false
189 silly fetch manifest is-glob@^4.0.0
190 silly packumentCache full:https://registry.npmjs.org/is-glob cache-miss
191 http fetch GET 200 https://registry.npmjs.org/esutils 41ms (cache miss)
192 silly packumentCache full:https://registry.npmjs.org/esutils set size:undefined disposed:false
193 silly fetch manifest js-yaml@^4.1.0
194 silly packumentCache full:https://registry.npmjs.org/js-yaml cache-miss
195 http fetch GET 200 https://registry.npmjs.org/esquery 53ms (cache miss)
196 silly packumentCache full:https://registry.npmjs.org/esquery set size:undefined disposed:false
197 silly fetch manifest doctrine@^3.0.0
198 silly packumentCache full:https://registry.npmjs.org/doctrine cache-miss
199 http fetch GET 200 https://registry.npmjs.org/ajv 87ms (cache miss)
200 silly packumentCache full:https://registry.npmjs.org/ajv set size:undefined disposed:false
201 silly fetch manifest graphemer@^1.4.0
202 silly packumentCache full:https://registry.npmjs.org/graphemer cache-miss
203 http fetch GET 200 https://registry.npmjs.org/ignore 66ms (cache miss)
204 silly packumentCache full:https://registry.npmjs.org/ignore set size:undefined disposed:false
205 silly fetch manifest minimatch@^3.1.2
206 silly packumentCache full:https://registry.npmjs.org/minimatch cache-miss
207 http fetch GET 200 https://registry.npmjs.org/is-glob 38ms (cache miss)
208 silly packumentCache full:https://registry.npmjs.org/is-glob set size:undefined disposed:false
209 silly fetch manifest @eslint/js@8.57.1
210 silly packumentCache full:https://registry.npmjs.org/@eslint%2fjs cache-miss
211 http fetch GET 200 https://registry.npmjs.org/globals 48ms (cache miss)
212 silly packumentCache full:https://registry.npmjs.org/globals set size:undefined disposed:false
213 silly fetch manifest optionator@^0.9.3
214 silly packumentCache full:https://registry.npmjs.org/optionator cache-miss
215 http fetch GET 200 https://registry.npmjs.org/doctrine 44ms (cache miss)
216 silly packumentCache full:https://registry.npmjs.org/doctrine set size:undefined disposed:false
217 silly fetch manifest strip-ansi@^6.0.1
218 silly packumentCache full:https://registry.npmjs.org/strip-ansi cache-miss
219 http fetch GET 200 https://registry.npmjs.org/js-yaml 47ms (cache miss)
220 silly packumentCache full:https://registry.npmjs.org/js-yaml set size:undefined disposed:false
221 silly fetch manifest text-table@^0.2.0
222 silly packumentCache full:https://registry.npmjs.org/text-table cache-miss
223 http fetch GET 200 https://registry.npmjs.org/minimatch 40ms (cache miss)
224 silly packumentCache full:https://registry.npmjs.org/minimatch set size:undefined disposed:false
225 silly fetch manifest cross-spawn@^7.0.2
226 silly packumentCache full:https://registry.npmjs.org/cross-spawn cache-miss
227 http fetch GET 200 https://registry.npmjs.org/graphemer 46ms (cache miss)
228 silly packumentCache full:https://registry.npmjs.org/graphemer set size:undefined disposed:false
229 silly fetch manifest glob-parent@^6.0.2
230 silly packumentCache full:https://registry.npmjs.org/glob-parent cache-miss
231 http fetch GET 200 https://registry.npmjs.org/strip-ansi 85ms (cache miss)
232 silly packumentCache full:https://registry.npmjs.org/strip-ansi set size:undefined disposed:false
233 silly fetch manifest imurmurhash@^0.1.4
234 silly packumentCache full:https://registry.npmjs.org/imurmurhash cache-miss
235 http fetch GET 200 https://registry.npmjs.org/text-table 84ms (cache miss)
236 silly packumentCache full:https://registry.npmjs.org/text-table set size:undefined disposed:false
237 silly fetch manifest eslint-scope@^7.2.2
238 silly packumentCache full:https://registry.npmjs.org/eslint-scope cache-miss
239 http fetch GET 200 https://registry.npmjs.org/glob-parent 79ms (cache miss)
240 silly packumentCache full:https://registry.npmjs.org/glob-parent set size:undefined disposed:false
241 silly fetch manifest lodash.merge@^4.6.2
242 silly packumentCache full:https://registry.npmjs.org/lodash.merge cache-miss
243 http fetch GET 200 https://registry.npmjs.org/cross-spawn 84ms (cache miss)
244 silly packumentCache full:https://registry.npmjs.org/cross-spawn set size:undefined disposed:false
245 silly fetch manifest is-path-inside@^3.0.3
246 silly packumentCache full:https://registry.npmjs.org/is-path-inside cache-miss
247 http fetch GET 200 https://registry.npmjs.org/@eslint%2fjs 103ms (cache miss)
248 silly packumentCache full:https://registry.npmjs.org/@eslint%2fjs set size:undefined disposed:false
249 silly fetch manifest fast-deep-equal@^3.1.3
250 silly packumentCache full:https://registry.npmjs.org/fast-deep-equal cache-miss
251 http fetch GET 200 https://registry.npmjs.org/optionator 101ms (cache miss)
252 silly packumentCache full:https://registry.npmjs.org/optionator set size:undefined disposed:false
253 silly fetch manifest natural-compare@^1.4.0
254 silly packumentCache full:https://registry.npmjs.org/natural-compare cache-miss
255 http fetch GET 200 https://registry.npmjs.org/find-up 184ms (cache miss)
256 silly packumentCache full:https://registry.npmjs.org/find-up set size:undefined disposed:false
257 silly fetch manifest @eslint/eslintrc@^2.1.4
258 silly packumentCache full:https://registry.npmjs.org/@eslint%2feslintrc cache-miss
259 http fetch GET 200 https://registry.npmjs.org/lodash.merge 29ms (cache miss)
260 silly packumentCache full:https://registry.npmjs.org/lodash.merge set size:undefined disposed:false
261 silly fetch manifest @nodelib/fs.walk@^1.2.8
262 silly packumentCache full:https://registry.npmjs.org/@nodelib%2ffs.walk cache-miss
263 http fetch GET 200 https://registry.npmjs.org/imurmurhash 39ms (cache miss)
264 silly packumentCache full:https://registry.npmjs.org/imurmurhash set size:undefined disposed:false
265 silly fetch manifest file-entry-cache@^6.0.1
266 silly packumentCache full:https://registry.npmjs.org/file-entry-cache cache-miss
267 http fetch GET 200 https://registry.npmjs.org/eslint-scope 39ms (cache miss)
268 silly packumentCache full:https://registry.npmjs.org/eslint-scope set size:undefined disposed:false
269 silly fetch manifest eslint-visitor-keys@^3.4.3
270 silly packumentCache full:https://registry.npmjs.org/eslint-visitor-keys cache-miss
271 http fetch GET 200 https://registry.npmjs.org/natural-compare 39ms (cache miss)
272 silly packumentCache full:https://registry.npmjs.org/natural-compare set size:undefined disposed:false
273 silly fetch manifest escape-string-regexp@^4.0.0
274 silly packumentCache full:https://registry.npmjs.org/escape-string-regexp cache-miss
275 http fetch GET 200 https://registry.npmjs.org/is-path-inside 45ms (cache miss)
276 silly packumentCache full:https://registry.npmjs.org/is-path-inside set size:undefined disposed:false
277 silly fetch manifest @ungap/structured-clone@^1.2.0
278 silly packumentCache full:https://registry.npmjs.org/@ungap%2fstructured-clone cache-miss
279 http fetch GET 200 https://registry.npmjs.org/fast-deep-equal 45ms (cache miss)
280 silly packumentCache full:https://registry.npmjs.org/fast-deep-equal set size:undefined disposed:false
281 silly fetch manifest @eslint-community/regexpp@^4.6.1
282 silly packumentCache full:https://registry.npmjs.org/@eslint-community%2fregexpp cache-miss
283 http fetch GET 200 https://registry.npmjs.org/@nodelib%2ffs.walk 41ms (cache miss)
284 silly packumentCache full:https://registry.npmjs.org/@nodelib%2ffs.walk set size:undefined disposed:false
285 silly fetch manifest @humanwhocodes/config-array@^0.13.0
286 silly packumentCache full:https://registry.npmjs.org/@humanwhocodes%2fconfig-array cache-miss
287 http fetch GET 200 https://registry.npmjs.org/@eslint%2feslintrc 51ms (cache miss)
288 silly packumentCache full:https://registry.npmjs.org/@eslint%2feslintrc set size:undefined disposed:false
289 silly fetch manifest @eslint-community/eslint-utils@^4.2.0
290 silly packumentCache full:https://registry.npmjs.org/@eslint-community%2feslint-utils cache-miss
291 http fetch GET 200 https://registry.npmjs.org/eslint-visitor-keys 44ms (cache miss)
292 silly packumentCache full:https://registry.npmjs.org/eslint-visitor-keys set size:undefined disposed:false
293 silly fetch manifest @humanwhocodes/module-importer@^1.0.1
294 silly packumentCache full:https://registry.npmjs.org/@humanwhocodes%2fmodule-importer cache-miss
295 http fetch GET 200 https://registry.npmjs.org/file-entry-cache 47ms (cache miss)
296 silly packumentCache full:https://registry.npmjs.org/file-entry-cache set size:undefined disposed:false
297 silly fetch manifest json-stable-stringify-without-jsonify@^1.0.1
298 silly packumentCache full:https://registry.npmjs.org/json-stable-stringify-without-jsonify cache-miss
299 http fetch GET 200 https://registry.npmjs.org/escape-string-regexp 51ms (cache miss)
300 silly packumentCache full:https://registry.npmjs.org/escape-string-regexp set size:undefined disposed:false
301 silly fetch manifest eslint-plugin-react@^7.33.2
302 silly packumentCache full:https://registry.npmjs.org/eslint-plugin-react cache-miss
303 http fetch GET 200 https://registry.npmjs.org/@ungap%2fstructured-clone 51ms (cache miss)
304 silly packumentCache full:https://registry.npmjs.org/@ungap%2fstructured-clone set size:undefined disposed:false
305 silly fetch manifest eslint-plugin-import@^2.28.1
306 silly packumentCache full:https://registry.npmjs.org/eslint-plugin-import cache-miss
307 http fetch GET 200 https://registry.npmjs.org/@eslint-community%2fregexpp 63ms (cache miss)
308 silly packumentCache full:https://registry.npmjs.org/@eslint-community%2fregexpp set size:undefined disposed:false
309 silly fetch manifest eslint-plugin-jsx-a11y@^6.7.1
310 silly packumentCache full:https://registry.npmjs.org/eslint-plugin-jsx-a11y cache-miss
311 http fetch GET 200 https://registry.npmjs.org/json-stable-stringify-without-jsonify 32ms (cache miss)
312 silly packumentCache full:https://registry.npmjs.org/json-stable-stringify-without-jsonify set size:undefined disposed:false
313 silly fetch manifest @rushstack/eslint-patch@^1.3.3
314 silly packumentCache full:https://registry.npmjs.org/@rushstack%2feslint-patch cache-miss
315 http fetch GET 200 https://registry.npmjs.org/@eslint-community%2feslint-utils 61ms (cache miss)
316 silly packumentCache full:https://registry.npmjs.org/@eslint-community%2feslint-utils set size:undefined disposed:false
317 silly fetch manifest @next/eslint-plugin-next@14.2.5
318 silly packumentCache full:https://registry.npmjs.org/@next%2feslint-plugin-next cache-miss
319 http fetch GET 200 https://registry.npmjs.org/@humanwhocodes%2fmodule-importer 62ms (cache miss)
320 silly packumentCache full:https://registry.npmjs.org/@humanwhocodes%2fmodule-importer set size:undefined disposed:false
321 silly fetch manifest @typescript-eslint/parser@^5.4.2 || ^6.0.0 || 7.0.0 - 7.2.0
322 silly packumentCache full:https://registry.npmjs.org/@typescript-eslint%2fparser cache-miss
323 http fetch GET 200 https://registry.npmjs.org/eslint-plugin-react 51ms (cache miss)
324 silly packumentCache full:https://registry.npmjs.org/eslint-plugin-react set size:undefined disposed:false
325 silly fetch manifest eslint-plugin-react-hooks@^4.5.0 || 5.0.0-canary-7118f5dd7-20230705
326 silly packumentCache full:https://registry.npmjs.org/eslint-plugin-react-hooks cache-miss
327 http fetch GET 200 https://registry.npmjs.org/eslint-plugin-import 52ms (cache miss)
328 silly packumentCache full:https://registry.npmjs.org/eslint-plugin-import set size:undefined disposed:false
329 silly fetch manifest eslint-import-resolver-node@^0.3.6
330 silly packumentCache full:https://registry.npmjs.org/eslint-import-resolver-node cache-miss
331 http fetch GET 200 https://registry.npmjs.org/eslint-plugin-jsx-a11y 47ms (cache miss)
332 silly packumentCache full:https://registry.npmjs.org/eslint-plugin-jsx-a11y set size:undefined disposed:false
333 silly fetch manifest eslint-import-resolver-typescript@^3.5.2
334 silly packumentCache full:https://registry.npmjs.org/eslint-import-resolver-typescript cache-miss
335 http fetch GET 200 https://registry.npmjs.org/@rushstack%2feslint-patch 53ms (cache miss)
336 silly packumentCache full:https://registry.npmjs.org/@rushstack%2feslint-patch set size:undefined disposed:false
337 silly fetch manifest busboy@1.6.0
338 silly packumentCache full:https://registry.npmjs.org/busboy cache-miss
339 http fetch GET 200 https://registry.npmjs.org/eslint-import-resolver-node 107ms (cache miss)
340 silly packumentCache full:https://registry.npmjs.org/eslint-import-resolver-node set size:undefined disposed:false
341 silly fetch manifest postcss@8.4.31
342 silly packumentCache full:https://registry.npmjs.org/postcss cache-miss
343 http fetch GET 200 https://registry.npmjs.org/busboy 90ms (cache miss)
344 silly packumentCache full:https://registry.npmjs.org/busboy set size:undefined disposed:false
345 silly fetch manifest @next/env@14.2.5
346 silly packumentCache full:https://registry.npmjs.org/@next%2fenv cache-miss
347 http cache https://registry.npmjs.org/postcss 17ms (cache hit)
348 silly packumentCache full:https://registry.npmjs.org/postcss set size:702266 disposed:false
349 silly fetch manifest styled-jsx@5.1.1
350 silly packumentCache full:https://registry.npmjs.org/styled-jsx cache-miss
351 http fetch GET 200 https://registry.npmjs.org/eslint-import-resolver-typescript 121ms (cache miss)
352 silly packumentCache full:https://registry.npmjs.org/eslint-import-resolver-typescript set size:undefined disposed:false
353 silly fetch manifest graceful-fs@^4.2.11
354 silly packumentCache full:https://registry.npmjs.org/graceful-fs cache-miss
355 http fetch GET 200 https://registry.npmjs.org/@humanwhocodes%2fconfig-array 243ms (cache miss)
356 silly packumentCache full:https://registry.npmjs.org/@humanwhocodes%2fconfig-array set size:undefined disposed:false
357 silly fetch manifest @swc/helpers@0.5.5
358 silly packumentCache full:https://registry.npmjs.org/@swc%2fhelpers cache-miss
359 http fetch GET 200 https://registry.npmjs.org/graceful-fs 44ms (cache miss)
360 silly packumentCache full:https://registry.npmjs.org/graceful-fs set size:undefined disposed:false
361 silly fetch manifest caniuse-lite@^1.0.30001579
362 silly packumentCache full:https://registry.npmjs.org/caniuse-lite cache-miss
363 http cache https://registry.npmjs.org/caniuse-lite 16ms (cache hit)
364 silly packumentCache full:https://registry.npmjs.org/caniuse-lite set size:2277023 disposed:false
365 silly fetch manifest @next/swc-darwin-x64@14.2.5
366 silly packumentCache full:https://registry.npmjs.org/@next%2fswc-darwin-x64 cache-miss
367 http fetch GET 200 https://registry.npmjs.org/styled-jsx 77ms (cache miss)
368 silly packumentCache full:https://registry.npmjs.org/styled-jsx set size:undefined disposed:false
369 silly fetch manifest @next/swc-darwin-arm64@14.2.5
370 silly packumentCache full:https://registry.npmjs.org/@next%2fswc-darwin-arm64 cache-miss
371 http fetch GET 200 https://registry.npmjs.org/@swc%2fhelpers 69ms (cache miss)
372 silly packumentCache full:https://registry.npmjs.org/@swc%2fhelpers set size:undefined disposed:false
373 silly fetch manifest @next/swc-linux-x64-gnu@14.2.5
374 silly packumentCache full:https://registry.npmjs.org/@next%2fswc-linux-x64-gnu cache-miss
375 http fetch GET 200 https://registry.npmjs.org/@next%2feslint-plugin-next 360ms (cache miss)
376 silly packumentCache full:https://registry.npmjs.org/@next%2feslint-plugin-next set size:undefined disposed:false
377 silly fetch manifest @next/swc-linux-x64-musl@14.2.5
378 silly packumentCache full:https://registry.npmjs.org/@next%2fswc-linux-x64-musl cache-miss
379 http fetch GET 200 https://registry.npmjs.org/eslint-plugin-react-hooks 474ms (cache miss)
380 silly packumentCache full:https://registry.npmjs.org/eslint-plugin-react-hooks set size:undefined disposed:false
381 silly fetch manifest @next/swc-win32-x64-msvc@14.2.5
382 silly packumentCache full:https://registry.npmjs.org/@next%2fswc-win32-x64-msvc cache-miss
383 http fetch GET 200 https://registry.npmjs.org/@next%2fenv 537ms (cache miss)
384 silly packumentCache full:https://registry.npmjs.org/@next%2fenv set size:undefined disposed:false
385 silly fetch manifest @next/swc-linux-arm64-gnu@14.2.5
386 silly packumentCache full:https://registry.npmjs.org/@next%2fswc-linux-arm64-gnu cache-miss
387 http fetch GET 200 https://registry.npmjs.org/@next%2fswc-darwin-arm64 481ms (cache miss)
388 silly packumentCache full:https://registry.npmjs.org/@next%2fswc-darwin-arm64 set size:undefined disposed:false
389 silly fetch manifest @next/swc-win32-ia32-msvc@14.2.5
390 silly packumentCache full:https://registry.npmjs.org/@next%2fswc-win32-ia32-msvc cache-miss
391 http fetch GET 200 https://registry.npmjs.org/@next%2fswc-darwin-x64 519ms (cache miss)
392 silly packumentCache full:https://registry.npmjs.org/@next%2fswc-darwin-x64 set size:undefined disposed:false
393 silly fetch manifest @next/swc-linux-arm64-musl@14.2.5
394 silly packumentCache full:https://registry.npmjs.org/@next%2fswc-linux-arm64-musl cache-miss
395 http fetch GET 200 https://registry.npmjs.org/@next%2fswc-linux-x64-gnu 528ms (cache miss)
396 silly packumentCache full:https://registry.npmjs.org/@next%2fswc-linux-x64-gnu set size:undefined disposed:false
397 silly fetch manifest @next/swc-win32-arm64-msvc@14.2.5
398 silly packumentCache full:https://registry.npmjs.org/@next%2fswc-win32-arm64-msvc cache-miss
399 http fetch GET 200 https://registry.npmjs.org/@next%2fswc-linux-x64-musl 455ms (cache miss)
400 silly packumentCache full:https://registry.npmjs.org/@next%2fswc-linux-x64-musl set size:undefined disposed:false
401 silly fetch manifest scheduler@^0.23.2
402 silly packumentCache full:https://registry.npmjs.org/scheduler cache-miss
403 http fetch GET 200 https://registry.npmjs.org/@next%2fswc-win32-x64-msvc 436ms (cache miss)
404 silly packumentCache full:https://registry.npmjs.org/@next%2fswc-win32-x64-msvc set size:undefined disposed:false
405 silly fetch manifest loose-envify@^1.1.0
406 silly packumentCache full:https://registry.npmjs.org/loose-envify cache-miss
407 http fetch GET 200 https://registry.npmjs.org/@next%2fswc-win32-ia32-msvc 272ms (cache miss)
408 silly packumentCache full:https://registry.npmjs.org/@next%2fswc-win32-ia32-msvc set size:undefined disposed:false
409 silly fetch manifest loose-envify@^1.1.0
410 silly packumentCache full:https://registry.npmjs.org/loose-envify cache-miss
411 http fetch GET 200 https://registry.npmjs.org/loose-envify 53ms (cache miss)
412 silly packumentCache full:https://registry.npmjs.org/loose-envify set size:undefined disposed:false
413 silly fetch manifest arg@^5.0.2
414 silly packumentCache full:https://registry.npmjs.org/arg cache-miss
415 http fetch GET 200 https://registry.npmjs.org/@typescript-eslint%2fparser 1044ms (cache miss)
416 silly packumentCache full:https://registry.npmjs.org/@typescript-eslint%2fparser set size:undefined disposed:false
417 silly fetch manifest dlv@^1.1.3
418 silly packumentCache full:https://registry.npmjs.org/dlv cache-miss
419 http fetch GET 200 https://registry.npmjs.org/loose-envify 192ms (cache miss)
420 silly packumentCache full:https://registry.npmjs.org/loose-envify set size:undefined disposed:false
421 silly fetch manifest jiti@^1.21.7
422 silly packumentCache full:https://registry.npmjs.org/jiti cache-miss
423 http fetch GET 200 https://registry.npmjs.org/arg 179ms (cache miss)
424 silly packumentCache full:https://registry.npmjs.org/arg set size:undefined disposed:false
425 silly fetch manifest is-glob@^4.0.3
426 silly packumentCache full:https://registry.npmjs.org/is-glob cache-miss
427 http fetch GET 200 https://registry.npmjs.org/@next%2fswc-linux-arm64-gnu 533ms (cache miss)
428 silly packumentCache full:https://registry.npmjs.org/@next%2fswc-linux-arm64-gnu set size:undefined disposed:false
429 silly fetch manifest resolve@^1.22.8
430 silly packumentCache full:https://registry.npmjs.org/resolve cache-miss
431 http cache https://registry.npmjs.org/is-glob 33ms (cache hit)
432 silly packumentCache full:https://registry.npmjs.org/is-glob set size:40530 disposed:false
433 silly fetch manifest sucrase@^3.35.0
434 silly packumentCache full:https://registry.npmjs.org/sucrase cache-miss
435 http fetch GET 200 https://registry.npmjs.org/@next%2fswc-linux-arm64-musl 512ms (cache miss)
436 silly packumentCache full:https://registry.npmjs.org/@next%2fswc-linux-arm64-musl set size:undefined disposed:false
437 silly fetch manifest chokidar@^3.6.0
438 silly packumentCache full:https://registry.npmjs.org/chokidar cache-miss
439 http fetch GET 200 https://registry.npmjs.org/dlv 117ms (cache miss)
440 silly packumentCache full:https://registry.npmjs.org/dlv set size:undefined disposed:false
441 silly fetch manifest fast-glob@^3.3.2
442 silly packumentCache full:https://registry.npmjs.org/fast-glob cache-miss
443 http fetch GET 200 https://registry.npmjs.org/jiti 92ms (cache miss)
444 silly packumentCache full:https://registry.npmjs.org/jiti set size:undefined disposed:false
445 silly fetch manifest lilconfig@^3.1.3
446 silly packumentCache full:https://registry.npmjs.org/lilconfig cache-miss
447 http fetch GET 200 https://registry.npmjs.org/resolve 72ms (cache miss)
448 silly packumentCache full:https://registry.npmjs.org/resolve set size:undefined disposed:false
449 silly fetch manifest didyoumean@^1.2.2
450 silly packumentCache full:https://registry.npmjs.org/didyoumean cache-miss
451 http fetch GET 200 https://registry.npmjs.org/sucrase 69ms (cache miss)
452 silly packumentCache full:https://registry.npmjs.org/sucrase set size:undefined disposed:false
453 silly fetch manifest micromatch@^4.0.8
454 silly packumentCache full:https://registry.npmjs.org/micromatch cache-miss
455 http fetch GET 200 https://registry.npmjs.org/@next%2fswc-win32-arm64-msvc 505ms (cache miss)
456 silly packumentCache full:https://registry.npmjs.org/@next%2fswc-win32-arm64-msvc set size:undefined disposed:false
457 silly fetch manifest postcss-js@^4.0.1
458 silly packumentCache full:https://registry.npmjs.org/postcss-js cache-miss
459 http fetch GET 200 https://registry.npmjs.org/chokidar 73ms (cache miss)
460 silly packumentCache full:https://registry.npmjs.org/chokidar set size:undefined disposed:false
461 silly fetch manifest object-hash@^3.0.0
462 silly packumentCache full:https://registry.npmjs.org/object-hash cache-miss
463 http fetch GET 200 https://registry.npmjs.org/fast-glob 68ms (cache miss)
464 silly packumentCache full:https://registry.npmjs.org/fast-glob set size:undefined disposed:false
465 silly fetch manifest normalize-path@^3.0.0
466 silly packumentCache full:https://registry.npmjs.org/normalize-path cache-miss
467 http fetch GET 200 https://registry.npmjs.org/didyoumean 59ms (cache miss)
468 silly packumentCache full:https://registry.npmjs.org/didyoumean set size:undefined disposed:false
469 silly fetch manifest postcss-import@^15.1.0
470 silly packumentCache full:https://registry.npmjs.org/postcss-import cache-miss
471 http fetch GET 200 https://registry.npmjs.org/lilconfig 68ms (cache miss)
472 silly packumentCache full:https://registry.npmjs.org/lilconfig set size:undefined disposed:false
473 silly fetch manifest postcss-nested@^6.2.0
474 silly packumentCache full:https://registry.npmjs.org/postcss-nested cache-miss
475 http fetch GET 200 https://registry.npmjs.org/micromatch 54ms (cache miss)
476 silly packumentCache full:https://registry.npmjs.org/micromatch set size:undefined disposed:false
477 silly fetch manifest @alloc/quick-lru@^5.2.0
478 silly packumentCache full:https://registry.npmjs.org/@alloc%2fquick-lru cache-miss
479 http fetch GET 200 https://registry.npmjs.org/scheduler 463ms (cache miss)
480 silly packumentCache full:https://registry.npmjs.org/scheduler set size:undefined disposed:false
481 silly fetch manifest postcss-load-config@^4.0.2 || ^5.0 || ^6.0
482 silly packumentCache full:https://registry.npmjs.org/postcss-load-config cache-miss
483 http fetch GET 200 https://registry.npmjs.org/postcss-js 87ms (cache miss)
484 silly packumentCache full:https://registry.npmjs.org/postcss-js set size:undefined disposed:false
485 silly fetch manifest postcss-selector-parser@^6.1.2
486 silly packumentCache full:https://registry.npmjs.org/postcss-selector-parser cache-miss
487 http fetch GET 200 https://registry.npmjs.org/normalize-path 77ms (cache miss)
488 silly packumentCache full:https://registry.npmjs.org/normalize-path set size:undefined disposed:false
489 http fetch GET 200 https://registry.npmjs.org/@alloc%2fquick-lru 68ms (cache miss)
490 silly packumentCache full:https://registry.npmjs.org/@alloc%2fquick-lru set size:undefined disposed:false
491 http fetch GET 200 https://registry.npmjs.org/object-hash 82ms (cache miss)
492 silly packumentCache full:https://registry.npmjs.org/object-hash set size:undefined disposed:false
493 http fetch GET 200 https://registry.npmjs.org/postcss-nested 76ms (cache miss)
494 silly packumentCache full:https://registry.npmjs.org/postcss-nested set size:undefined disposed:false
495 http fetch GET 200 https://registry.npmjs.org/postcss-import 79ms (cache miss)
496 silly packumentCache full:https://registry.npmjs.org/postcss-import set size:undefined disposed:false
497 http fetch GET 200 https://registry.npmjs.org/postcss-load-config 39ms (cache miss)
498 silly packumentCache full:https://registry.npmjs.org/postcss-load-config set size:undefined disposed:false
499 http fetch GET 200 https://registry.npmjs.org/postcss-selector-parser 57ms (cache miss)
500 silly packumentCache full:https://registry.npmjs.org/postcss-selector-parser set size:undefined disposed:false
501 silly placeDep ROOT @supabase/auth-js@2.101.1 OK for: @supabase/supabase-js@2.101.1 want: 2.101.1
502 silly placeDep ROOT @supabase/functions-js@2.101.1 OK for: @supabase/supabase-js@2.101.1 want: 2.101.1
503 silly placeDep ROOT @supabase/postgrest-js@2.101.1 OK for: @supabase/supabase-js@2.101.1 want: 2.101.1
504 silly placeDep ROOT @supabase/realtime-js@2.101.1 OK for: @supabase/supabase-js@2.101.1 want: 2.101.1
505 silly placeDep ROOT @supabase/storage-js@2.101.1 OK for: @supabase/supabase-js@2.101.1 want: 2.101.1
506 silly fetch manifest tslib@2.8.1
507 silly packumentCache full:https://registry.npmjs.org/tslib cache-miss
508 silly fetch manifest tslib@2.8.1
509 silly packumentCache full:https://registry.npmjs.org/tslib cache-miss
510 silly fetch manifest tslib@2.8.1
511 silly packumentCache full:https://registry.npmjs.org/tslib cache-miss
512 silly fetch manifest ws@^8.18.2
513 silly packumentCache full:https://registry.npmjs.org/ws cache-miss
514 silly fetch manifest tslib@2.8.1
515 silly packumentCache full:https://registry.npmjs.org/tslib cache-miss
516 silly fetch manifest @types/ws@^8.18.1
517 silly packumentCache full:https://registry.npmjs.org/@types%2fws cache-miss
518 silly fetch manifest @supabase/phoenix@^0.4.0
519 silly packumentCache full:https://registry.npmjs.org/@supabase%2fphoenix cache-miss
520 http fetch GET 200 https://registry.npmjs.org/tslib 95ms (cache miss)
521 silly packumentCache full:https://registry.npmjs.org/tslib set size:undefined disposed:false
522 silly fetch manifest iceberg-js@^0.8.1
523 silly packumentCache full:https://registry.npmjs.org/iceberg-js cache-miss
524 http fetch GET 200 https://registry.npmjs.org/tslib 90ms (cache miss)
525 silly packumentCache full:https://registry.npmjs.org/tslib set size:undefined disposed:false
526 http fetch GET 200 https://registry.npmjs.org/tslib 89ms (cache miss)
527 silly packumentCache full:https://registry.npmjs.org/tslib set size:undefined disposed:false
528 http fetch GET 200 https://registry.npmjs.org/tslib 105ms (cache miss)
529 silly packumentCache full:https://registry.npmjs.org/tslib set size:undefined disposed:false
530 http fetch GET 200 https://registry.npmjs.org/ws 94ms (cache miss)
531 silly packumentCache full:https://registry.npmjs.org/ws set size:undefined disposed:false
532 http fetch GET 200 https://registry.npmjs.org/@types%2fws 96ms (cache miss)
533 silly packumentCache full:https://registry.npmjs.org/@types%2fws set size:undefined disposed:false
534 http fetch GET 200 https://registry.npmjs.org/iceberg-js 41ms (cache miss)
535 silly packumentCache full:https://registry.npmjs.org/iceberg-js set size:undefined disposed:false
536 http fetch GET 200 https://registry.npmjs.org/@supabase%2fphoenix 284ms (cache miss)
537 silly packumentCache full:https://registry.npmjs.org/@supabase%2fphoenix set size:undefined disposed:false
538 silly placeDep ROOT tslib@2.8.1 OK for: @supabase/auth-js@2.101.1 want: 2.8.1
539 silly fetch manifest bufferutil@^4.0.1
540 silly packumentCache full:https://registry.npmjs.org/bufferutil cache-miss
541 http fetch GET 200 https://registry.npmjs.org/bufferutil 33ms (cache miss)
542 silly packumentCache full:https://registry.npmjs.org/bufferutil set size:undefined disposed:false
543 silly fetch manifest utf-8-validate@>=5.0.2
544 silly packumentCache full:https://registry.npmjs.org/utf-8-validate cache-miss
545 http fetch GET 200 https://registry.npmjs.org/utf-8-validate 49ms (cache miss)
546 silly packumentCache full:https://registry.npmjs.org/utf-8-validate set size:undefined disposed:false
547 silly placeDep ROOT @supabase/phoenix@0.4.0 OK for: @supabase/realtime-js@2.101.1 want: ^0.4.0
548 silly placeDep ROOT @types/ws@8.18.1 OK for: @supabase/realtime-js@2.101.1 want: ^8.18.1
549 silly placeDep ROOT ws@8.20.0 OK for: @supabase/realtime-js@2.101.1 want: ^8.18.2
550 silly placeDep ROOT iceberg-js@0.8.1 OK for: @supabase/storage-js@2.101.1 want: ^0.8.1
551 silly placeDep ROOT undici-types@6.21.0 OK for: @types/node@20.19.37 want: ~6.21.0
552 silly placeDep ROOT @types/prop-types@15.7.15 OK for: @types/react@18.3.28 want: *
553 silly placeDep ROOT csstype@3.2.3 OK for: @types/react@18.3.28 want: ^3.2.2
554 silly placeDep ROOT browserslist@4.28.2 OK for: autoprefixer@10.4.27 want: ^4.28.1
555 silly placeDep ROOT caniuse-lite@1.0.30001784 OK for: autoprefixer@10.4.27 want: ^1.0.30001774
556 silly placeDep ROOT fraction.js@5.3.4 OK for: autoprefixer@10.4.27 want: ^5.3.4
557 silly placeDep ROOT picocolors@1.1.1 OK for: autoprefixer@10.4.27 want: ^1.1.1
558 silly placeDep ROOT postcss-value-parser@4.2.0 OK for: autoprefixer@10.4.27 want: ^4.2.0
559 silly fetch manifest baseline-browser-mapping@^2.10.12
560 silly packumentCache full:https://registry.npmjs.org/baseline-browser-mapping cache-miss
561 silly fetch manifest caniuse-lite@^1.0.30001782
562 silly packumentCache full:https://registry.npmjs.org/caniuse-lite cache-miss
563 silly fetch manifest electron-to-chromium@^1.5.328
564 silly packumentCache full:https://registry.npmjs.org/electron-to-chromium cache-miss
565 silly fetch manifest node-releases@^2.0.36
566 silly packumentCache full:https://registry.npmjs.org/node-releases cache-miss
567 silly fetch manifest update-browserslist-db@^1.2.3
568 silly packumentCache full:https://registry.npmjs.org/update-browserslist-db cache-miss
569 http cache https://registry.npmjs.org/caniuse-lite 7ms (cache hit)
570 silly packumentCache full:https://registry.npmjs.org/caniuse-lite set size:2277023 disposed:false
571 http fetch GET 200 https://registry.npmjs.org/update-browserslist-db 46ms (cache miss)
572 silly packumentCache full:https://registry.npmjs.org/update-browserslist-db set size:undefined disposed:false
573 http fetch GET 200 https://registry.npmjs.org/baseline-browser-mapping 51ms (cache miss)
574 silly packumentCache full:https://registry.npmjs.org/baseline-browser-mapping set size:undefined disposed:false
575 http fetch GET 200 https://registry.npmjs.org/node-releases 57ms (cache miss)
576 silly packumentCache full:https://registry.npmjs.org/node-releases set size:undefined disposed:false
577 http fetch GET 200 https://registry.npmjs.org/electron-to-chromium 105ms (cache miss)
578 silly packumentCache full:https://registry.npmjs.org/electron-to-chromium set size:undefined disposed:false
579 silly fetch manifest browserslist@>= 4.21.0
580 silly packumentCache full:https://registry.npmjs.org/browserslist cache-miss
581 http cache https://registry.npmjs.org/browserslist 5ms (cache hit)
582 silly packumentCache full:https://registry.npmjs.org/browserslist set size:504681 disposed:false
583 silly placeDep ROOT baseline-browser-mapping@2.10.13 OK for: browserslist@4.28.2 want: ^2.10.12
584 silly placeDep ROOT electron-to-chromium@1.5.331 OK for: browserslist@4.28.2 want: ^1.5.328
585 silly placeDep ROOT node-releases@2.0.37 OK for: browserslist@4.28.2 want: ^2.0.36
586 silly placeDep ROOT update-browserslist-db@1.2.3 OK for: browserslist@4.28.2 want: ^1.2.3
587 silly fetch manifest escalade@^3.2.0
588 silly packumentCache full:https://registry.npmjs.org/escalade cache-miss
589 http fetch GET 200 https://registry.npmjs.org/escalade 42ms (cache miss)
590 silly packumentCache full:https://registry.npmjs.org/escalade set size:undefined disposed:false
591 silly fetch manifest eslint@^6.0.0 || ^7.0.0 || >=8.0.0
592 silly packumentCache full:https://registry.npmjs.org/eslint cache-miss
593 http cache https://registry.npmjs.org/eslint 8ms (cache hit)
594 silly packumentCache full:https://registry.npmjs.org/eslint set size:1970137 disposed:false
595 silly fetch manifest jiti@*
596 silly packumentCache full:https://registry.npmjs.org/jiti cache-miss
597 http cache https://registry.npmjs.org/jiti 5ms (cache hit)
598 silly packumentCache full:https://registry.npmjs.org/jiti set size:382310 disposed:false
599 silly placeDep ROOT @eslint-community/eslint-utils@4.9.1 OK for: eslint@8.57.1 want: ^4.2.0
600 silly placeDep ROOT @eslint-community/regexpp@4.12.2 OK for: eslint@8.57.1 want: ^4.6.1
601 silly placeDep ROOT @eslint/eslintrc@2.1.4 OK for: eslint@8.57.1 want: ^2.1.4
602 silly placeDep ROOT @eslint/js@8.57.1 OK for: eslint@8.57.1 want: 8.57.1
603 silly placeDep ROOT @humanwhocodes/config-array@0.13.0 OK for: eslint@8.57.1 want: ^0.13.0
604 silly placeDep ROOT @humanwhocodes/module-importer@1.0.1 OK for: eslint@8.57.1 want: ^1.0.1
605 silly placeDep ROOT @nodelib/fs.walk@1.2.8 OK for: eslint@8.57.1 want: ^1.2.8
606 silly placeDep ROOT @ungap/structured-clone@1.3.0 OK for: eslint@8.57.1 want: ^1.2.0
607 silly placeDep ROOT ajv@6.14.0 OK for: eslint@8.57.1 want: ^6.12.4
608 silly placeDep ROOT chalk@4.1.2 OK for: eslint@8.57.1 want: ^4.0.0
609 silly placeDep ROOT cross-spawn@7.0.6 OK for: eslint@8.57.1 want: ^7.0.2
610 silly placeDep ROOT debug@4.4.3 OK for: eslint@8.57.1 want: ^4.3.2
611 silly placeDep ROOT doctrine@3.0.0 OK for: eslint@8.57.1 want: ^3.0.0
612 silly placeDep ROOT escape-string-regexp@4.0.0 OK for: eslint@8.57.1 want: ^4.0.0
613 silly placeDep ROOT eslint-scope@7.2.2 OK for: eslint@8.57.1 want: ^7.2.2
614 silly placeDep ROOT eslint-visitor-keys@3.4.3 OK for: eslint@8.57.1 want: ^3.4.3
615 silly placeDep ROOT espree@9.6.1 OK for: eslint@8.57.1 want: ^9.6.1
616 silly placeDep ROOT esquery@1.7.0 OK for: eslint@8.57.1 want: ^1.4.2
617 silly placeDep ROOT esutils@2.0.3 OK for: eslint@8.57.1 want: ^2.0.2
618 silly placeDep ROOT fast-deep-equal@3.1.3 OK for: eslint@8.57.1 want: ^3.1.3
619 silly placeDep ROOT file-entry-cache@6.0.1 OK for: eslint@8.57.1 want: ^6.0.1
620 silly placeDep ROOT find-up@5.0.0 OK for: eslint@8.57.1 want: ^5.0.0
621 silly placeDep ROOT glob-parent@6.0.2 OK for: eslint@8.57.1 want: ^6.0.2
622 silly placeDep ROOT globals@13.24.0 OK for: eslint@8.57.1 want: ^13.19.0
623 silly placeDep ROOT graphemer@1.4.0 OK for: eslint@8.57.1 want: ^1.4.0
624 silly placeDep ROOT ignore@5.3.2 OK for: eslint@8.57.1 want: ^5.2.0
625 silly placeDep ROOT imurmurhash@0.1.4 OK for: eslint@8.57.1 want: ^0.1.4
626 silly placeDep ROOT is-glob@4.0.3 OK for: eslint@8.57.1 want: ^4.0.0
627 silly placeDep ROOT is-path-inside@3.0.3 OK for: eslint@8.57.1 want: ^3.0.3
628 silly placeDep ROOT js-yaml@4.1.1 OK for: eslint@8.57.1 want: ^4.1.0
629 silly placeDep ROOT json-stable-stringify-without-jsonify@1.0.1 OK for: eslint@8.57.1 want: ^1.0.1
630 silly placeDep ROOT levn@0.4.1 OK for: eslint@8.57.1 want: ^0.4.1
631 silly placeDep ROOT lodash.merge@4.6.2 OK for: eslint@8.57.1 want: ^4.6.2
632 silly placeDep ROOT minimatch@3.1.5 OK for: eslint@8.57.1 want: ^3.1.2
633 silly placeDep ROOT natural-compare@1.4.0 OK for: eslint@8.57.1 want: ^1.4.0
634 silly placeDep ROOT optionator@0.9.4 OK for: eslint@8.57.1 want: ^0.9.3
635 silly placeDep ROOT strip-ansi@6.0.1 OK for: eslint@8.57.1 want: ^6.0.1
636 silly placeDep ROOT text-table@0.2.0 OK for: eslint@8.57.1 want: ^0.2.0
637 silly fetch manifest espree@^9.6.0
638 silly packumentCache full:https://registry.npmjs.org/espree cache-miss
639 silly fetch manifest import-fresh@^3.2.1
640 silly packumentCache full:https://registry.npmjs.org/import-fresh cache-miss
641 silly fetch manifest strip-json-comments@^3.1.1
642 silly packumentCache full:https://registry.npmjs.org/strip-json-comments cache-miss
643 silly fetch manifest debug@^4.3.1
644 silly packumentCache full:https://registry.npmjs.org/debug cache-miss
645 silly fetch manifest minimatch@^3.0.5
646 silly packumentCache full:https://registry.npmjs.org/minimatch cache-miss
647 silly fetch manifest @humanwhocodes/object-schema@^2.0.3
648 silly packumentCache full:https://registry.npmjs.org/@humanwhocodes%2fobject-schema cache-miss
649 silly fetch manifest fastq@^1.6.0
650 silly packumentCache full:https://registry.npmjs.org/fastq cache-miss
651 http cache https://registry.npmjs.org/espree 13ms (cache hit)
652 silly packumentCache full:https://registry.npmjs.org/espree set size:326080 disposed:false
653 silly fetch manifest @nodelib/fs.scandir@2.1.5
654 silly packumentCache full:https://registry.npmjs.org/@nodelib%2ffs.scandir cache-miss
655 http cache https://registry.npmjs.org/minimatch 14ms (cache hit)
656 silly packumentCache full:https://registry.npmjs.org/minimatch set size:375282 disposed:false
657 silly fetch manifest fast-deep-equal@^3.1.1
658 silly packumentCache full:https://registry.npmjs.org/fast-deep-equal cache-miss
659 http cache https://registry.npmjs.org/debug 17ms (cache hit)
660 silly packumentCache full:https://registry.npmjs.org/debug set size:195840 disposed:false
661 silly fetch manifest fast-json-stable-stringify@^2.0.0
662 silly packumentCache full:https://registry.npmjs.org/fast-json-stable-stringify cache-miss
663 http cache https://registry.npmjs.org/fast-deep-equal 5ms (cache hit)
664 silly packumentCache full:https://registry.npmjs.org/fast-deep-equal set size:48634 disposed:false
665 silly fetch manifest json-schema-traverse@^0.4.1
666 silly packumentCache full:https://registry.npmjs.org/json-schema-traverse cache-miss
667 http fetch GET 200 https://registry.npmjs.org/import-fresh 52ms (cache miss)
668 silly packumentCache full:https://registry.npmjs.org/import-fresh set size:undefined disposed:false
669 silly fetch manifest uri-js@^4.2.2
670 silly packumentCache full:https://registry.npmjs.org/uri-js cache-miss
671 http fetch GET 200 https://registry.npmjs.org/strip-json-comments 53ms (cache miss)
672 silly packumentCache full:https://registry.npmjs.org/strip-json-comments set size:undefined disposed:false
673 silly fetch manifest ansi-styles@^4.1.0
674 silly packumentCache full:https://registry.npmjs.org/ansi-styles cache-miss
675 http fetch GET 200 https://registry.npmjs.org/fastq 55ms (cache miss)
676 silly packumentCache full:https://registry.npmjs.org/fastq set size:undefined disposed:false
677 silly fetch manifest supports-color@^7.1.0
678 silly packumentCache full:https://registry.npmjs.org/supports-color cache-miss
679 http fetch GET 200 https://registry.npmjs.org/@humanwhocodes%2fobject-schema 62ms (cache miss)
680 silly packumentCache full:https://registry.npmjs.org/@humanwhocodes%2fobject-schema set size:undefined disposed:false
681 silly fetch manifest which@^2.0.1
682 silly packumentCache full:https://registry.npmjs.org/which cache-miss
683 http fetch GET 200 https://registry.npmjs.org/fast-json-stable-stringify 44ms (cache miss)
684 silly packumentCache full:https://registry.npmjs.org/fast-json-stable-stringify set size:undefined disposed:false
685 silly fetch manifest path-key@^3.1.0
686 silly packumentCache full:https://registry.npmjs.org/path-key cache-miss
687 http fetch GET 200 https://registry.npmjs.org/@nodelib%2ffs.scandir 60ms (cache miss)
688 silly packumentCache full:https://registry.npmjs.org/@nodelib%2ffs.scandir set size:undefined disposed:false
689 silly fetch manifest shebang-command@^2.0.0
690 silly packumentCache full:https://registry.npmjs.org/shebang-command cache-miss
691 http fetch GET 200 https://registry.npmjs.org/json-schema-traverse 54ms (cache miss)
692 silly packumentCache full:https://registry.npmjs.org/json-schema-traverse set size:undefined disposed:false
693 silly fetch manifest ms@^2.1.3
694 silly packumentCache full:https://registry.npmjs.org/ms cache-miss
695 http fetch GET 200 https://registry.npmjs.org/ansi-styles 39ms (cache miss)
696 silly packumentCache full:https://registry.npmjs.org/ansi-styles set size:undefined disposed:false
697 silly fetch manifest esrecurse@^4.3.0
698 silly packumentCache full:https://registry.npmjs.org/esrecurse cache-miss
699 http fetch GET 200 https://registry.npmjs.org/supports-color 44ms (cache miss)
700 silly packumentCache full:https://registry.npmjs.org/supports-color set size:undefined disposed:false
701 silly fetch manifest estraverse@^5.2.0
702 silly packumentCache full:https://registry.npmjs.org/estraverse cache-miss
703 http fetch GET 200 https://registry.npmjs.org/path-key 39ms (cache miss)
704 silly packumentCache full:https://registry.npmjs.org/path-key set size:undefined disposed:false
705 silly fetch manifest acorn@^8.9.0
706 silly packumentCache full:https://registry.npmjs.org/acorn cache-miss
707 http fetch GET 200 https://registry.npmjs.org/which 41ms (cache miss)
708 silly packumentCache full:https://registry.npmjs.org/which set size:undefined disposed:false
709 silly fetch manifest acorn-jsx@^5.3.2
710 silly packumentCache full:https://registry.npmjs.org/acorn-jsx cache-miss
711 http fetch GET 200 https://registry.npmjs.org/uri-js 52ms (cache miss)
712 silly packumentCache full:https://registry.npmjs.org/uri-js set size:undefined disposed:false
713 silly fetch manifest estraverse@^5.1.0
714 silly packumentCache full:https://registry.npmjs.org/estraverse cache-miss
715 http fetch GET 200 https://registry.npmjs.org/shebang-command 36ms (cache miss)
716 silly packumentCache full:https://registry.npmjs.org/shebang-command set size:undefined disposed:false
717 silly fetch manifest flat-cache@^3.0.4
718 silly packumentCache full:https://registry.npmjs.org/flat-cache cache-miss
719 http fetch GET 200 https://registry.npmjs.org/ms 36ms (cache miss)
720 silly packumentCache full:https://registry.npmjs.org/ms set size:undefined disposed:false
721 silly fetch manifest locate-path@^6.0.0
722 silly packumentCache full:https://registry.npmjs.org/locate-path cache-miss
723 http fetch GET 200 https://registry.npmjs.org/esrecurse 36ms (cache miss)
724 silly packumentCache full:https://registry.npmjs.org/esrecurse set size:undefined disposed:false
725 silly fetch manifest path-exists@^4.0.0
726 silly packumentCache full:https://registry.npmjs.org/path-exists cache-miss
727 http fetch GET 200 https://registry.npmjs.org/estraverse 34ms (cache miss)
728 silly packumentCache full:https://registry.npmjs.org/estraverse set size:undefined disposed:false
729 silly fetch manifest type-fest@^0.20.2
730 silly packumentCache full:https://registry.npmjs.org/type-fest cache-miss
731 http fetch GET 200 https://registry.npmjs.org/acorn-jsx 36ms (cache miss)
732 silly packumentCache full:https://registry.npmjs.org/acorn-jsx set size:undefined disposed:false
733 silly fetch manifest is-extglob@^2.1.1
734 silly packumentCache full:https://registry.npmjs.org/is-extglob cache-miss
735 http fetch GET 200 https://registry.npmjs.org/acorn 43ms (cache miss)
736 silly packumentCache full:https://registry.npmjs.org/acorn set size:undefined disposed:false
737 silly fetch manifest argparse@^2.0.1
738 silly packumentCache full:https://registry.npmjs.org/argparse cache-miss
739 http fetch GET 200 https://registry.npmjs.org/estraverse 50ms (cache miss)
740 silly packumentCache full:https://registry.npmjs.org/estraverse set size:undefined disposed:false
741 silly fetch manifest prelude-ls@^1.2.1
742 silly packumentCache full:https://registry.npmjs.org/prelude-ls cache-miss
743 http fetch GET 200 https://registry.npmjs.org/locate-path 47ms (cache miss)
744 silly packumentCache full:https://registry.npmjs.org/locate-path set size:undefined disposed:false
745 silly fetch manifest type-check@~0.4.0
746 silly packumentCache full:https://registry.npmjs.org/type-check cache-miss
747 http fetch GET 200 https://registry.npmjs.org/flat-cache 55ms (cache miss)
748 silly packumentCache full:https://registry.npmjs.org/flat-cache set size:undefined disposed:false
749 silly fetch manifest brace-expansion@^1.1.7
750 silly packumentCache full:https://registry.npmjs.org/brace-expansion cache-miss
751 http fetch GET 200 https://registry.npmjs.org/path-exists 60ms (cache miss)
752 silly packumentCache full:https://registry.npmjs.org/path-exists set size:undefined disposed:false
753 silly fetch manifest prelude-ls@^1.2.1
754 silly packumentCache full:https://registry.npmjs.org/prelude-ls cache-miss
755 http fetch GET 200 https://registry.npmjs.org/is-extglob 58ms (cache miss)
756 silly packumentCache full:https://registry.npmjs.org/is-extglob set size:undefined disposed:false
757 silly fetch manifest deep-is@^0.1.3
758 silly packumentCache full:https://registry.npmjs.org/deep-is cache-miss
759 http fetch GET 200 https://registry.npmjs.org/prelude-ls 46ms (cache miss)
760 silly packumentCache full:https://registry.npmjs.org/prelude-ls set size:undefined disposed:false
761 silly fetch manifest word-wrap@^1.2.5
762 silly packumentCache full:https://registry.npmjs.org/word-wrap cache-miss
763 http fetch GET 200 https://registry.npmjs.org/argparse 54ms (cache miss)
764 silly packumentCache full:https://registry.npmjs.org/argparse set size:undefined disposed:false
765 silly fetch manifest type-check@^0.4.0
766 silly packumentCache full:https://registry.npmjs.org/type-check cache-miss
767 http fetch GET 200 https://registry.npmjs.org/type-check 42ms (cache miss)
768 silly packumentCache full:https://registry.npmjs.org/type-check set size:undefined disposed:false
769 silly fetch manifest fast-levenshtein@^2.0.6
770 silly packumentCache full:https://registry.npmjs.org/fast-levenshtein cache-miss
771 http fetch GET 200 https://registry.npmjs.org/type-fest 73ms (cache miss)
772 silly packumentCache full:https://registry.npmjs.org/type-fest set size:undefined disposed:false
773 silly fetch manifest ansi-regex@^5.0.1
774 silly packumentCache full:https://registry.npmjs.org/ansi-regex cache-miss
775 http fetch GET 200 https://registry.npmjs.org/brace-expansion 46ms (cache miss)
776 silly packumentCache full:https://registry.npmjs.org/brace-expansion set size:undefined disposed:false
777 http fetch GET 200 https://registry.npmjs.org/deep-is 31ms (cache miss)
778 silly packumentCache full:https://registry.npmjs.org/deep-is set size:undefined disposed:false
779 http fetch GET 200 https://registry.npmjs.org/type-check 29ms (cache miss)
780 silly packumentCache full:https://registry.npmjs.org/type-check set size:undefined disposed:false
781 http fetch GET 200 https://registry.npmjs.org/word-wrap 33ms (cache miss)
782 silly packumentCache full:https://registry.npmjs.org/word-wrap set size:undefined disposed:false
783 http fetch GET 200 https://registry.npmjs.org/prelude-ls 45ms (cache miss)
784 silly packumentCache full:https://registry.npmjs.org/prelude-ls set size:undefined disposed:false
785 http fetch GET 200 https://registry.npmjs.org/fast-levenshtein 34ms (cache miss)
786 silly packumentCache full:https://registry.npmjs.org/fast-levenshtein set size:undefined disposed:false
787 http fetch GET 200 https://registry.npmjs.org/ansi-regex 47ms (cache miss)
788 silly packumentCache full:https://registry.npmjs.org/ansi-regex set size:undefined disposed:false
789 silly placeDep ROOT import-fresh@3.3.1 OK for: @eslint/eslintrc@2.1.4 want: ^3.2.1
790 silly placeDep ROOT strip-json-comments@3.1.1 OK for: @eslint/eslintrc@2.1.4 want: ^3.1.1
791 silly fetch manifest resolve-from@^4.0.0
792 silly packumentCache full:https://registry.npmjs.org/resolve-from cache-miss
793 silly fetch manifest parent-module@^1.0.0
794 silly packumentCache full:https://registry.npmjs.org/parent-module cache-miss
795 http fetch GET 200 https://registry.npmjs.org/resolve-from 45ms (cache miss)
796 silly packumentCache full:https://registry.npmjs.org/resolve-from set size:undefined disposed:false
797 http fetch GET 200 https://registry.npmjs.org/parent-module 540ms (cache miss)
798 silly packumentCache full:https://registry.npmjs.org/parent-module set size:undefined disposed:false
799 silly placeDep ROOT @humanwhocodes/object-schema@2.0.3 OK for: @humanwhocodes/config-array@0.13.0 want: ^2.0.3
800 silly placeDep ROOT @nodelib/fs.scandir@2.1.5 OK for: @nodelib/fs.walk@1.2.8 want: 2.1.5
801 silly placeDep ROOT fastq@1.20.1 OK for: @nodelib/fs.walk@1.2.8 want: ^1.6.0
802 silly fetch manifest run-parallel@^1.1.9
803 silly packumentCache full:https://registry.npmjs.org/run-parallel cache-miss
804 silly fetch manifest @nodelib/fs.stat@2.0.5
805 silly packumentCache full:https://registry.npmjs.org/@nodelib%2ffs.stat cache-miss
806 silly fetch manifest reusify@^1.0.4
807 silly packumentCache full:https://registry.npmjs.org/reusify cache-miss
808 http fetch GET 200 https://registry.npmjs.org/reusify 52ms (cache miss)
809 silly packumentCache full:https://registry.npmjs.org/reusify set size:undefined disposed:false
810 http fetch GET 200 https://registry.npmjs.org/run-parallel 58ms (cache miss)
811 silly packumentCache full:https://registry.npmjs.org/run-parallel set size:undefined disposed:false
812 http fetch GET 200 https://registry.npmjs.org/@nodelib%2ffs.stat 65ms (cache miss)
813 silly packumentCache full:https://registry.npmjs.org/@nodelib%2ffs.stat set size:undefined disposed:false
814 silly placeDep ROOT @nodelib/fs.stat@2.0.5 OK for: @nodelib/fs.scandir@2.1.5 want: 2.0.5
815 silly placeDep ROOT run-parallel@1.2.0 OK for: @nodelib/fs.scandir@2.1.5 want: ^1.1.9
816 silly fetch manifest queue-microtask@^1.2.2
817 silly packumentCache full:https://registry.npmjs.org/queue-microtask cache-miss
818 http fetch GET 200 https://registry.npmjs.org/queue-microtask 60ms (cache miss)
819 silly packumentCache full:https://registry.npmjs.org/queue-microtask set size:undefined disposed:false
820 silly placeDep ROOT fast-json-stable-stringify@2.1.0 OK for: ajv@6.14.0 want: ^2.0.0
821 silly placeDep ROOT json-schema-traverse@0.4.1 OK for: ajv@6.14.0 want: ^0.4.1
822 silly placeDep ROOT uri-js@4.4.1 OK for: ajv@6.14.0 want: ^4.2.2
823 silly fetch manifest punycode@^2.1.0
824 silly packumentCache full:https://registry.npmjs.org/punycode cache-miss
825 http fetch GET 200 https://registry.npmjs.org/punycode 37ms (cache miss)
826 silly packumentCache full:https://registry.npmjs.org/punycode set size:undefined disposed:false
827 silly placeDep ROOT ansi-styles@4.3.0 OK for: chalk@4.1.2 want: ^4.1.0
828 silly placeDep ROOT supports-color@7.2.0 OK for: chalk@4.1.2 want: ^7.1.0
829 silly fetch manifest color-convert@^2.0.1
830 silly packumentCache full:https://registry.npmjs.org/color-convert cache-miss
831 silly fetch manifest has-flag@^4.0.0
832 silly packumentCache full:https://registry.npmjs.org/has-flag cache-miss
833 http fetch GET 200 https://registry.npmjs.org/has-flag 36ms (cache miss)
834 silly packumentCache full:https://registry.npmjs.org/has-flag set size:undefined disposed:false
835 http fetch GET 200 https://registry.npmjs.org/color-convert 39ms (cache miss)
836 silly packumentCache full:https://registry.npmjs.org/color-convert set size:undefined disposed:false
837 silly placeDep ROOT color-convert@2.0.1 OK for: ansi-styles@4.3.0 want: ^2.0.1
838 silly fetch manifest color-name@~1.1.4
839 silly packumentCache full:https://registry.npmjs.org/color-name cache-miss
840 http fetch GET 200 https://registry.npmjs.org/color-name 39ms (cache miss)
841 silly packumentCache full:https://registry.npmjs.org/color-name set size:undefined disposed:false
842 silly placeDep ROOT color-name@1.1.4 OK for: color-convert@2.0.1 want: ~1.1.4
843 silly placeDep ROOT path-key@3.1.1 OK for: cross-spawn@7.0.6 want: ^3.1.0
844 silly placeDep ROOT shebang-command@2.0.0 OK for: cross-spawn@7.0.6 want: ^2.0.0
845 silly placeDep ROOT which@2.0.2 OK for: cross-spawn@7.0.6 want: ^2.0.1
846 silly fetch manifest shebang-regex@^3.0.0
847 silly packumentCache full:https://registry.npmjs.org/shebang-regex cache-miss
848 silly fetch manifest isexe@^2.0.0
849 silly packumentCache full:https://registry.npmjs.org/isexe cache-miss
850 http fetch GET 200 https://registry.npmjs.org/isexe 29ms (cache miss)
851 silly packumentCache full:https://registry.npmjs.org/isexe set size:undefined disposed:false
852 http fetch GET 200 https://registry.npmjs.org/shebang-regex 37ms (cache miss)
853 silly packumentCache full:https://registry.npmjs.org/shebang-regex set size:undefined disposed:false
854 silly placeDep ROOT ms@2.1.3 OK for: debug@4.4.3 want: ^2.1.3
855 silly fetch manifest eslint@^7.23.0 || ^8.0.0
856 silly packumentCache full:https://registry.npmjs.org/eslint cache-miss
857 http cache https://registry.npmjs.org/eslint 4ms (cache hit)
858 silly packumentCache full:https://registry.npmjs.org/eslint set size:1970137 disposed:false
859 silly fetch manifest eslint-plugin-import-x@*
860 silly packumentCache full:https://registry.npmjs.org/eslint-plugin-import-x cache-miss
861 http fetch GET 200 https://registry.npmjs.org/eslint-plugin-import-x 42ms (cache miss)
862 silly packumentCache full:https://registry.npmjs.org/eslint-plugin-import-x set size:undefined disposed:false
863 silly fetch manifest @typescript-eslint/utils@^8.56.0
864 silly packumentCache full:https://registry.npmjs.org/@typescript-eslint%2futils cache-miss
865 http fetch GET 200 https://registry.npmjs.org/@typescript-eslint%2futils 174ms (cache miss)
866 silly packumentCache full:https://registry.npmjs.org/@typescript-eslint%2futils set size:undefined disposed:false
867 silly fetch manifest typescript@>=3.3.1
868 silly packumentCache full:https://registry.npmjs.org/typescript cache-miss
869 http cache https://registry.npmjs.org/typescript 47ms (cache hit)
870 silly packumentCache full:https://registry.npmjs.org/typescript set size:15399465 disposed:false
871 silly placeDep ROOT @next/eslint-plugin-next@14.2.5 OK for: eslint-config-next@14.2.5 want: 14.2.5
872 silly placeDep ROOT @rushstack/eslint-patch@1.16.1 OK for: eslint-config-next@14.2.5 want: ^1.3.3
873 silly placeDep ROOT @typescript-eslint/parser@7.2.0 OK for: eslint-config-next@14.2.5 want: ^5.4.2 || ^6.0.0 || 7.0.0 - 7.2.0
874 silly placeDep ROOT eslint-import-resolver-node@0.3.10 OK for: eslint-config-next@14.2.5 want: ^0.3.6
875 silly placeDep ROOT eslint-import-resolver-typescript@3.10.1 OK for: eslint-config-next@14.2.5 want: ^3.5.2
876 silly placeDep ROOT eslint-plugin-import@2.32.0 OK for: eslint-config-next@14.2.5 want: ^2.28.1
877 silly placeDep ROOT eslint-plugin-jsx-a11y@6.10.2 OK for: eslint-config-next@14.2.5 want: ^6.7.1
878 silly placeDep ROOT eslint-plugin-react@7.37.5 OK for: eslint-config-next@14.2.5 want: ^7.33.2
879 silly placeDep ROOT eslint-plugin-react-hooks@5.0.0-canary-7118f5dd7-20230705 OK for: eslint-config-next@14.2.5 want: ^4.5.0 || 5.0.0-canary-7118f5dd7-20230705
880 silly fetch manifest glob@10.3.10
881 silly packumentCache full:https://registry.npmjs.org/glob cache-miss
882 silly fetch manifest @typescript-eslint/types@7.2.0
883 silly packumentCache full:https://registry.npmjs.org/@typescript-eslint%2ftypes cache-miss
884 silly fetch manifest @typescript-eslint/visitor-keys@7.2.0
885 silly packumentCache full:https://registry.npmjs.org/@typescript-eslint%2fvisitor-keys cache-miss
886 silly fetch manifest @typescript-eslint/scope-manager@7.2.0
887 silly packumentCache full:https://registry.npmjs.org/@typescript-eslint%2fscope-manager cache-miss
888 silly fetch manifest @typescript-eslint/typescript-estree@7.2.0
889 silly packumentCache full:https://registry.npmjs.org/@typescript-eslint%2ftypescript-estree cache-miss
890 silly fetch manifest debug@^3.2.7
891 silly packumentCache full:https://registry.npmjs.org/debug cache-hit
892 silly fetch manifest is-core-module@^2.16.1
893 silly packumentCache full:https://registry.npmjs.org/is-core-module cache-miss
894 silly fetch manifest resolve@^2.0.0-next.6
895 silly packumentCache full:https://registry.npmjs.org/resolve cache-miss
896 http cache https://registry.npmjs.org/resolve 17ms (cache hit)
897 silly packumentCache full:https://registry.npmjs.org/resolve set size:238156 disposed:false
898 silly fetch manifest tinyglobby@^0.2.13
899 silly packumentCache full:https://registry.npmjs.org/tinyglobby cache-miss
900 http fetch GET 200 https://registry.npmjs.org/glob 52ms (cache miss)
901 silly packumentCache full:https://registry.npmjs.org/glob set size:undefined disposed:false
902 silly fetch manifest stable-hash@^0.0.5
903 silly packumentCache full:https://registry.npmjs.org/stable-hash cache-miss
904 http fetch GET 200 https://registry.npmjs.org/is-core-module 61ms (cache miss)
905 silly packumentCache full:https://registry.npmjs.org/is-core-module set size:undefined disposed:false
906 silly fetch manifest get-tsconfig@^4.10.0
907 silly packumentCache full:https://registry.npmjs.org/get-tsconfig cache-miss
908 http fetch GET 200 https://registry.npmjs.org/tinyglobby 45ms (cache miss)
909 silly packumentCache full:https://registry.npmjs.org/tinyglobby set size:undefined disposed:false
910 silly fetch manifest is-bun-module@^2.0.0
911 silly packumentCache full:https://registry.npmjs.org/is-bun-module cache-miss
912 http fetch GET 200 https://registry.npmjs.org/stable-hash 49ms (cache miss)
913 silly packumentCache full:https://registry.npmjs.org/stable-hash set size:undefined disposed:false
914 silly fetch manifest unrs-resolver@^1.6.2
915 silly packumentCache full:https://registry.npmjs.org/unrs-resolver cache-miss
916 http fetch GET 200 https://registry.npmjs.org/is-bun-module 58ms (cache miss)
917 silly packumentCache full:https://registry.npmjs.org/is-bun-module set size:undefined disposed:false
918 silly fetch manifest @nolyfill/is-core-module@1.0.39
919 silly packumentCache full:https://registry.npmjs.org/@nolyfill%2fis-core-module cache-miss
920 http fetch GET 200 https://registry.npmjs.org/get-tsconfig 63ms (cache miss)
921 silly packumentCache full:https://registry.npmjs.org/get-tsconfig set size:undefined disposed:false
922 silly fetch manifest @rtsao/scc@^1.1.0
923 silly packumentCache full:https://registry.npmjs.org/@rtsao%2fscc cache-miss
924 http fetch GET 200 https://registry.npmjs.org/unrs-resolver 103ms (cache miss)
925 silly packumentCache full:https://registry.npmjs.org/unrs-resolver set size:undefined disposed:false
926 silly fetch manifest array-includes@^3.1.9
927 silly packumentCache full:https://registry.npmjs.org/array-includes cache-miss
928 http fetch GET 200 https://registry.npmjs.org/@nolyfill%2fis-core-module 86ms (cache miss)
929 silly packumentCache full:https://registry.npmjs.org/@nolyfill%2fis-core-module set size:undefined disposed:false
930 silly fetch manifest array.prototype.findlastindex@^1.2.6
931 silly packumentCache full:https://registry.npmjs.org/array.prototype.findlastindex cache-miss
932 http fetch GET 200 https://registry.npmjs.org/array.prototype.findlastindex 47ms (cache miss)
933 silly packumentCache full:https://registry.npmjs.org/array.prototype.findlastindex set size:undefined disposed:false
934 silly fetch manifest array.prototype.flat@^1.3.3
935 silly packumentCache full:https://registry.npmjs.org/array.prototype.flat cache-miss
936 http fetch GET 200 https://registry.npmjs.org/@rtsao%2fscc 115ms (cache miss)
937 silly packumentCache full:https://registry.npmjs.org/@rtsao%2fscc set size:undefined disposed:false
938 silly fetch manifest array.prototype.flatmap@^1.3.3
939 silly packumentCache full:https://registry.npmjs.org/array.prototype.flatmap cache-miss
940 http fetch GET 200 https://registry.npmjs.org/array-includes 89ms (cache miss)
941 silly packumentCache full:https://registry.npmjs.org/array-includes set size:undefined disposed:false
942 silly fetch manifest doctrine@^2.1.0
943 silly packumentCache full:https://registry.npmjs.org/doctrine cache-miss
944 http fetch GET 200 https://registry.npmjs.org/array.prototype.flat 43ms (cache miss)
945 silly packumentCache full:https://registry.npmjs.org/array.prototype.flat set size:undefined disposed:false
946 silly fetch manifest eslint-module-utils@^2.12.1
947 silly packumentCache full:https://registry.npmjs.org/eslint-module-utils cache-miss
948 http fetch GET 200 https://registry.npmjs.org/array.prototype.flatmap 45ms (cache miss)
949 silly packumentCache full:https://registry.npmjs.org/array.prototype.flatmap set size:undefined disposed:false
950 silly fetch manifest hasown@^2.0.2
951 silly packumentCache full:https://registry.npmjs.org/hasown cache-miss
952 http cache https://registry.npmjs.org/doctrine 8ms (cache hit)
953 silly packumentCache full:https://registry.npmjs.org/doctrine set size:64052 disposed:false
954 silly fetch manifest object.fromentries@^2.0.8
955 silly packumentCache full:https://registry.npmjs.org/object.fromentries cache-miss
956 http fetch GET 200 https://registry.npmjs.org/eslint-module-utils 39ms (cache miss)
957 silly packumentCache full:https://registry.npmjs.org/eslint-module-utils set size:undefined disposed:false
958 silly fetch manifest object.groupby@^1.0.3
959 silly packumentCache full:https://registry.npmjs.org/object.groupby cache-miss
960 http fetch GET 200 https://registry.npmjs.org/hasown 42ms (cache miss)
961 silly packumentCache full:https://registry.npmjs.org/hasown set size:undefined disposed:false
962 silly fetch manifest object.values@^1.2.1
963 silly packumentCache full:https://registry.npmjs.org/object.values cache-miss
964 http fetch GET 200 https://registry.npmjs.org/object.fromentries 43ms (cache miss)
965 silly packumentCache full:https://registry.npmjs.org/object.fromentries set size:undefined disposed:false
966 silly fetch manifest semver@^6.3.1
967 silly packumentCache full:https://registry.npmjs.org/semver cache-miss
968 http fetch GET 200 https://registry.npmjs.org/@typescript-eslint%2fscope-manager 388ms (cache miss)
969 silly packumentCache full:https://registry.npmjs.org/@typescript-eslint%2fscope-manager set size:undefined disposed:false
970 silly fetch manifest string.prototype.trimend@^1.0.9
971 silly packumentCache full:https://registry.npmjs.org/string.prototype.trimend cache-miss
972 http fetch GET 200 https://registry.npmjs.org/object.values 151ms (cache miss)
973 silly packumentCache full:https://registry.npmjs.org/object.values set size:undefined disposed:false
974 silly fetch manifest tsconfig-paths@^3.15.0
975 silly packumentCache full:https://registry.npmjs.org/tsconfig-paths cache-miss
976 http fetch GET 200 https://registry.npmjs.org/semver 152ms (cache miss)
977 silly packumentCache full:https://registry.npmjs.org/semver set size:undefined disposed:false
978 silly fetch manifest aria-query@^5.3.2
979 silly packumentCache full:https://registry.npmjs.org/aria-query cache-miss
980 http fetch GET 200 https://registry.npmjs.org/object.groupby 167ms (cache miss)
981 silly packumentCache full:https://registry.npmjs.org/object.groupby set size:undefined disposed:false
982 silly fetch manifest array-includes@^3.1.8
983 silly packumentCache full:https://registry.npmjs.org/array-includes cache-miss
984 http fetch GET 200 https://registry.npmjs.org/@typescript-eslint%2fvisitor-keys 511ms (cache miss)
985 silly packumentCache full:https://registry.npmjs.org/@typescript-eslint%2fvisitor-keys set size:undefined disposed:false
986 silly fetch manifest array.prototype.flatmap@^1.3.2
987 silly packumentCache full:https://registry.npmjs.org/array.prototype.flatmap cache-miss
988 http cache https://registry.npmjs.org/array-includes 75ms (cache hit)
989 silly packumentCache full:https://registry.npmjs.org/array-includes set size:77143 disposed:false
990 silly fetch manifest ast-types-flow@^0.0.8
991 silly packumentCache full:https://registry.npmjs.org/ast-types-flow cache-miss
992 http fetch GET 200 https://registry.npmjs.org/string.prototype.trimend 103ms (cache miss)
993 silly packumentCache full:https://registry.npmjs.org/string.prototype.trimend set size:undefined disposed:false
994 silly fetch manifest axe-core@^4.10.0
995 silly packumentCache full:https://registry.npmjs.org/axe-core cache-miss
996 http cache https://registry.npmjs.org/array.prototype.flatmap 19ms (cache hit)
997 silly packumentCache full:https://registry.npmjs.org/array.prototype.flatmap set size:51458 disposed:false
998 silly fetch manifest axobject-query@^4.1.0
999 silly packumentCache full:https://registry.npmjs.org/axobject-query cache-miss
1000 http fetch GET 200 https://registry.npmjs.org/aria-query 83ms (cache miss)
1001 silly packumentCache full:https://registry.npmjs.org/aria-query set size:undefined disposed:false
1002 silly fetch manifest damerau-levenshtein@^1.0.8
1003 silly packumentCache full:https://registry.npmjs.org/damerau-levenshtein cache-miss
1004 http fetch GET 200 https://registry.npmjs.org/tsconfig-paths 93ms (cache miss)
1005 silly packumentCache full:https://registry.npmjs.org/tsconfig-paths set size:undefined disposed:false
1006 silly fetch manifest emoji-regex@^9.2.2
1007 silly packumentCache full:https://registry.npmjs.org/emoji-regex cache-miss
1008 http fetch GET 200 https://registry.npmjs.org/@typescript-eslint%2ftypes 601ms (cache miss)
1009 silly packumentCache full:https://registry.npmjs.org/@typescript-eslint%2ftypes set size:undefined disposed:false
1010 silly fetch manifest jsx-ast-utils@^3.3.5
1011 silly packumentCache full:https://registry.npmjs.org/jsx-ast-utils cache-miss
1012 http fetch GET 200 https://registry.npmjs.org/damerau-levenshtein 99ms (cache miss)
1013 silly packumentCache full:https://registry.npmjs.org/damerau-levenshtein set size:undefined disposed:false
1014 silly fetch manifest language-tags@^1.0.9
1015 silly packumentCache full:https://registry.npmjs.org/language-tags cache-miss
1016 http fetch GET 200 https://registry.npmjs.org/ast-types-flow 107ms (cache miss)
1017 silly packumentCache full:https://registry.npmjs.org/ast-types-flow set size:undefined disposed:false
1018 silly fetch manifest safe-regex-test@^1.0.3
1019 silly packumentCache full:https://registry.npmjs.org/safe-regex-test cache-miss
1020 http fetch GET 200 https://registry.npmjs.org/emoji-regex 99ms (cache miss)
1021 silly packumentCache full:https://registry.npmjs.org/emoji-regex set size:undefined disposed:false
1022 silly fetch manifest string.prototype.includes@^2.0.1
1023 silly packumentCache full:https://registry.npmjs.org/string.prototype.includes cache-miss
1024 http fetch GET 200 https://registry.npmjs.org/axobject-query 108ms (cache miss)
1025 silly packumentCache full:https://registry.npmjs.org/axobject-query set size:undefined disposed:false
1026 silly fetch manifest array.prototype.findlast@^1.2.5
1027 silly packumentCache full:https://registry.npmjs.org/array.prototype.findlast cache-miss
1028 http fetch GET 200 https://registry.npmjs.org/jsx-ast-utils 40ms (cache miss)
1029 silly packumentCache full:https://registry.npmjs.org/jsx-ast-utils set size:undefined disposed:false
1030 silly fetch manifest array.prototype.tosorted@^1.1.4
1031 silly packumentCache full:https://registry.npmjs.org/array.prototype.tosorted cache-miss
1032 http fetch GET 200 https://registry.npmjs.org/@typescript-eslint%2ftypescript-estree 724ms (cache miss)
1033 silly packumentCache full:https://registry.npmjs.org/@typescript-eslint%2ftypescript-estree set size:undefined disposed:false
1034 silly fetch manifest es-iterator-helpers@^1.2.1
1035 silly packumentCache full:https://registry.npmjs.org/es-iterator-helpers cache-miss
1036 http fetch GET 200 https://registry.npmjs.org/array.prototype.findlast 128ms (cache miss)
1037 silly packumentCache full:https://registry.npmjs.org/array.prototype.findlast set size:undefined disposed:false
1038 silly fetch manifest estraverse@^5.3.0
1039 silly packumentCache full:https://registry.npmjs.org/estraverse cache-miss
1040 http fetch GET 200 https://registry.npmjs.org/safe-regex-test 134ms (cache miss)
1041 silly packumentCache full:https://registry.npmjs.org/safe-regex-test set size:undefined disposed:false
1042 silly fetch manifest jsx-ast-utils@^2.4.1 || ^3.0.0
1043 silly packumentCache full:https://registry.npmjs.org/jsx-ast-utils cache-miss
1044 http fetch GET 200 https://registry.npmjs.org/language-tags 139ms (cache miss)
1045 silly packumentCache full:https://registry.npmjs.org/language-tags set size:undefined disposed:false
1046 silly fetch manifest object.entries@^1.1.9
1047 silly packumentCache full:https://registry.npmjs.org/object.entries cache-miss
1048 http fetch GET 200 https://registry.npmjs.org/array.prototype.tosorted 124ms (cache miss)
1049 silly packumentCache full:https://registry.npmjs.org/array.prototype.tosorted set size:undefined disposed:false
1050 silly fetch manifest prop-types@^15.8.1
1051 silly packumentCache full:https://registry.npmjs.org/prop-types cache-miss
1052 http cache https://registry.npmjs.org/estraverse 12ms (cache hit)
1053 silly packumentCache full:https://registry.npmjs.org/estraverse set size:62412 disposed:false
1054 silly fetch manifest resolve@^2.0.0-next.5
1055 silly packumentCache full:https://registry.npmjs.org/resolve cache-hit
1056 silly fetch manifest string.prototype.matchall@^4.0.12
1057 silly packumentCache full:https://registry.npmjs.org/string.prototype.matchall cache-miss
1058 http cache https://registry.npmjs.org/jsx-ast-utils 11ms (cache hit)
1059 silly packumentCache full:https://registry.npmjs.org/jsx-ast-utils set size:115998 disposed:false
1060 silly fetch manifest string.prototype.repeat@^1.0.0
1061 silly packumentCache full:https://registry.npmjs.org/string.prototype.repeat cache-miss
1062 http fetch GET 200 https://registry.npmjs.org/es-iterator-helpers 37ms (cache miss)
1063 silly packumentCache full:https://registry.npmjs.org/es-iterator-helpers set size:undefined disposed:false
1064 http fetch GET 200 https://registry.npmjs.org/object.entries 35ms (cache miss)
1065 silly packumentCache full:https://registry.npmjs.org/object.entries set size:undefined disposed:false
1066 http fetch GET 200 https://registry.npmjs.org/prop-types 39ms (cache miss)
1067 silly packumentCache full:https://registry.npmjs.org/prop-types set size:undefined disposed:false
1068 http fetch GET 200 https://registry.npmjs.org/string.prototype.repeat 39ms (cache miss)
1069 silly packumentCache full:https://registry.npmjs.org/string.prototype.repeat set size:undefined disposed:false
1070 http fetch GET 200 https://registry.npmjs.org/string.prototype.matchall 47ms (cache miss)
1071 silly packumentCache full:https://registry.npmjs.org/string.prototype.matchall set size:undefined disposed:false
1072 http fetch GET 200 https://registry.npmjs.org/string.prototype.includes 234ms (cache miss)
1073 silly packumentCache full:https://registry.npmjs.org/string.prototype.includes set size:undefined disposed:false
1074 http fetch GET 200 https://registry.npmjs.org/axe-core 545ms (cache miss)
1075 silly packumentCache full:https://registry.npmjs.org/axe-core set size:undefined disposed:false
1076 silly placeDep ROOT glob@10.3.10 OK for: @next/eslint-plugin-next@14.2.5 want: 10.3.10
1077 silly fetch manifest minipass@^5.0.0 || ^6.0.2 || ^7.0.0
1078 silly packumentCache full:https://registry.npmjs.org/minipass cache-miss
1079 silly fetch manifest jackspeak@^2.3.5
1080 silly packumentCache full:https://registry.npmjs.org/jackspeak cache-miss
1081 silly fetch manifest minimatch@^9.0.1
1082 silly packumentCache full:https://registry.npmjs.org/minimatch cache-hit
1083 silly fetch manifest path-scurry@^1.10.1
1084 silly packumentCache full:https://registry.npmjs.org/path-scurry cache-miss
1085 silly fetch manifest foreground-child@^3.1.0
1086 silly packumentCache full:https://registry.npmjs.org/foreground-child cache-miss
1087 http fetch GET 200 https://registry.npmjs.org/jackspeak 36ms (cache miss)
1088 silly packumentCache full:https://registry.npmjs.org/jackspeak set size:undefined disposed:false
1089 http fetch GET 200 https://registry.npmjs.org/minipass 41ms (cache miss)
1090 silly packumentCache full:https://registry.npmjs.org/minipass set size:undefined disposed:false
1091 http fetch GET 200 https://registry.npmjs.org/foreground-child 43ms (cache miss)
1092 silly packumentCache full:https://registry.npmjs.org/foreground-child set size:undefined disposed:false
1093 http fetch GET 200 https://registry.npmjs.org/path-scurry 47ms (cache miss)
1094 silly packumentCache full:https://registry.npmjs.org/path-scurry set size:undefined disposed:false
1095 silly placeDep ROOT @typescript-eslint/scope-manager@7.2.0 OK for: @typescript-eslint/parser@7.2.0 want: 7.2.0
1096 silly placeDep ROOT @typescript-eslint/types@7.2.0 OK for: @typescript-eslint/parser@7.2.0 want: 7.2.0
1097 silly placeDep ROOT @typescript-eslint/typescript-estree@7.2.0 OK for: @typescript-eslint/parser@7.2.0 want: 7.2.0
1098 silly placeDep ROOT @typescript-eslint/visitor-keys@7.2.0 OK for: @typescript-eslint/parser@7.2.0 want: 7.2.0
1099 silly fetch manifest globby@^11.1.0
1100 silly packumentCache full:https://registry.npmjs.org/globby cache-miss
1101 silly fetch manifest semver@^7.5.4
1102 silly packumentCache full:https://registry.npmjs.org/semver cache-miss
1103 silly fetch manifest minimatch@9.0.3
1104 silly packumentCache full:https://registry.npmjs.org/minimatch cache-hit
1105 silly fetch manifest ts-api-utils@^1.0.1
1106 silly packumentCache full:https://registry.npmjs.org/ts-api-utils cache-miss
1107 http cache https://registry.npmjs.org/semver 4ms (cache hit)
1108 silly packumentCache full:https://registry.npmjs.org/semver set size:229620 disposed:false
1109 http fetch GET 200 https://registry.npmjs.org/globby 48ms (cache miss)
1110 silly packumentCache full:https://registry.npmjs.org/globby set size:undefined disposed:false
1111 http fetch GET 200 https://registry.npmjs.org/ts-api-utils 50ms (cache miss)
1112 silly packumentCache full:https://registry.npmjs.org/ts-api-utils set size:undefined disposed:false
1113 silly fetch manifest typescript@>=4.2.0
1114 silly packumentCache full:https://registry.npmjs.org/typescript cache-miss
1115 http cache https://registry.npmjs.org/typescript 32ms (cache hit)
1116 silly packumentCache full:https://registry.npmjs.org/typescript set size:15399465 disposed:false
1117 silly placeDep ROOT globby@11.1.0 OK for: @typescript-eslint/typescript-estree@7.2.0 want: ^11.1.0
1118 silly placeDep node_modules/@typescript-eslint/typescript-estree minimatch@9.0.3 OK for: @typescript-eslint/typescript-estree@7.2.0 want: 9.0.3
1119 silly placeDep ROOT semver@7.7.4 OK for: @typescript-eslint/typescript-estree@7.2.0 want: ^7.5.4
1120 silly placeDep ROOT ts-api-utils@1.4.3 OK for: @typescript-eslint/typescript-estree@7.2.0 want: ^1.0.1
1121 silly fetch manifest slash@^3.0.0
1122 silly packumentCache full:https://registry.npmjs.org/slash cache-miss
1123 silly fetch manifest merge2@^1.4.1
1124 silly packumentCache full:https://registry.npmjs.org/merge2 cache-miss
1125 silly fetch manifest dir-glob@^3.0.1
1126 silly packumentCache full:https://registry.npmjs.org/dir-glob cache-miss
1127 silly fetch manifest fast-glob@^3.2.9
1128 silly packumentCache full:https://registry.npmjs.org/fast-glob cache-miss
1129 silly fetch manifest array-union@^2.1.0
1130 silly packumentCache full:https://registry.npmjs.org/array-union cache-miss
1131 silly fetch manifest brace-expansion@^2.0.1
1132 silly packumentCache full:https://registry.npmjs.org/brace-expansion cache-miss
1133 http cache https://registry.npmjs.org/brace-expansion 11ms (cache hit)
1134 silly packumentCache full:https://registry.npmjs.org/brace-expansion set size:61740 disposed:false
1135 http cache https://registry.npmjs.org/fast-glob 16ms (cache hit)
1136 silly packumentCache full:https://registry.npmjs.org/fast-glob set size:220556 disposed:false
1137 http fetch GET 200 https://registry.npmjs.org/slash 38ms (cache miss)
1138 silly packumentCache full:https://registry.npmjs.org/slash set size:undefined disposed:false
1139 http fetch GET 200 https://registry.npmjs.org/merge2 38ms (cache miss)
1140 silly packumentCache full:https://registry.npmjs.org/merge2 set size:undefined disposed:false
1141 http fetch GET 200 https://registry.npmjs.org/dir-glob 38ms (cache miss)
1142 silly packumentCache full:https://registry.npmjs.org/dir-glob set size:undefined disposed:false
1143 http fetch GET 200 https://registry.npmjs.org/array-union 42ms (cache miss)
1144 silly packumentCache full:https://registry.npmjs.org/array-union set size:undefined disposed:false
1145 silly placeDep node_modules/eslint-import-resolver-node debug@3.2.7 OK for: eslint-import-resolver-node@0.3.10 want: ^3.2.7
1146 silly placeDep ROOT is-core-module@2.16.1 OK for: eslint-import-resolver-node@0.3.10 want: ^2.16.1
1147 silly placeDep ROOT resolve@2.0.0-next.6 OK for: eslint-import-resolver-node@0.3.10 want: ^2.0.0-next.6
1148 silly fetch manifest es-errors@^1.3.0
1149 silly packumentCache full:https://registry.npmjs.org/es-errors cache-miss
1150 silly fetch manifest node-exports-info@^1.6.0
1151 silly packumentCache full:https://registry.npmjs.org/node-exports-info cache-miss
1152 silly fetch manifest object-keys@^1.1.1
1153 silly packumentCache full:https://registry.npmjs.org/object-keys cache-miss
1154 silly fetch manifest path-parse@^1.0.7
1155 silly packumentCache full:https://registry.npmjs.org/path-parse cache-miss
1156 silly fetch manifest supports-preserve-symlinks-flag@^1.0.0
1157 silly packumentCache full:https://registry.npmjs.org/supports-preserve-symlinks-flag cache-miss
1158 http fetch GET 200 https://registry.npmjs.org/path-parse 35ms (cache miss)
1159 silly packumentCache full:https://registry.npmjs.org/path-parse set size:undefined disposed:false
1160 http fetch GET 200 https://registry.npmjs.org/object-keys 40ms (cache miss)
1161 silly packumentCache full:https://registry.npmjs.org/object-keys set size:undefined disposed:false
1162 http fetch GET 200 https://registry.npmjs.org/es-errors 42ms (cache miss)
1163 silly packumentCache full:https://registry.npmjs.org/es-errors set size:undefined disposed:false
1164 http fetch GET 200 https://registry.npmjs.org/supports-preserve-symlinks-flag 51ms (cache miss)
1165 silly packumentCache full:https://registry.npmjs.org/supports-preserve-symlinks-flag set size:undefined disposed:false
1166 http fetch GET 200 https://registry.npmjs.org/node-exports-info 241ms (cache miss)
1167 silly packumentCache full:https://registry.npmjs.org/node-exports-info set size:undefined disposed:false
1168 silly placeDep ROOT @nolyfill/is-core-module@1.0.39 OK for: eslint-import-resolver-typescript@3.10.1 want: 1.0.39
1169 silly placeDep ROOT get-tsconfig@4.13.7 OK for: eslint-import-resolver-typescript@3.10.1 want: ^4.10.0
1170 silly placeDep ROOT is-bun-module@2.0.0 OK for: eslint-import-resolver-typescript@3.10.1 want: ^2.0.0
1171 silly placeDep ROOT stable-hash@0.0.5 OK for: eslint-import-resolver-typescript@3.10.1 want: ^0.0.5
1172 silly placeDep ROOT tinyglobby@0.2.15 OK for: eslint-import-resolver-typescript@3.10.1 want: ^0.2.13
1173 silly placeDep ROOT unrs-resolver@1.11.1 OK for: eslint-import-resolver-typescript@3.10.1 want: ^1.6.2
1174 silly fetch manifest resolve-pkg-maps@^1.0.0
1175 silly packumentCache full:https://registry.npmjs.org/resolve-pkg-maps cache-miss
1176 silly fetch manifest fdir@^6.5.0
1177 silly packumentCache full:https://registry.npmjs.org/fdir cache-miss
1178 silly fetch manifest picomatch@^4.0.3
1179 silly packumentCache full:https://registry.npmjs.org/picomatch cache-miss
1180 silly fetch manifest napi-postinstall@^0.3.0
1181 silly packumentCache full:https://registry.npmjs.org/napi-postinstall cache-miss
1182 silly fetch manifest @unrs/resolver-binding-win32-x64-msvc@1.11.1
1183 silly packumentCache full:https://registry.npmjs.org/@unrs%2fresolver-binding-win32-x64-msvc cache-miss
1184 silly fetch manifest @unrs/resolver-binding-win32-arm64-msvc@1.11.1
1185 silly packumentCache full:https://registry.npmjs.org/@unrs%2fresolver-binding-win32-arm64-msvc cache-miss
1186 silly fetch manifest @unrs/resolver-binding-win32-ia32-msvc@1.11.1
1187 silly packumentCache full:https://registry.npmjs.org/@unrs%2fresolver-binding-win32-ia32-msvc cache-miss
1188 http fetch GET 200 https://registry.npmjs.org/resolve-pkg-maps 34ms (cache miss)
1189 silly packumentCache full:https://registry.npmjs.org/resolve-pkg-maps set size:undefined disposed:false
1190 silly fetch manifest @unrs/resolver-binding-linux-x64-gnu@1.11.1
1191 silly packumentCache full:https://registry.npmjs.org/@unrs%2fresolver-binding-linux-x64-gnu cache-miss
1192 http fetch GET 200 https://registry.npmjs.org/fdir 44ms (cache miss)
1193 silly packumentCache full:https://registry.npmjs.org/fdir set size:undefined disposed:false
1194 silly fetch manifest @unrs/resolver-binding-linux-x64-musl@1.11.1
1195 silly packumentCache full:https://registry.npmjs.org/@unrs%2fresolver-binding-linux-x64-musl cache-miss
1196 http fetch GET 200 https://registry.npmjs.org/picomatch 52ms (cache miss)
1197 silly packumentCache full:https://registry.npmjs.org/picomatch set size:undefined disposed:false
1198 silly fetch manifest @unrs/resolver-binding-freebsd-x64@1.11.1
1199 silly packumentCache full:https://registry.npmjs.org/@unrs%2fresolver-binding-freebsd-x64 cache-miss
1200 http fetch GET 200 https://registry.npmjs.org/napi-postinstall 59ms (cache miss)
1201 silly packumentCache full:https://registry.npmjs.org/napi-postinstall set size:undefined disposed:false
1202 silly fetch manifest @unrs/resolver-binding-android-arm64@1.11.1
1203 silly packumentCache full:https://registry.npmjs.org/@unrs%2fresolver-binding-android-arm64 cache-miss
1204 http fetch GET 200 https://registry.npmjs.org/@unrs%2fresolver-binding-win32-ia32-msvc 61ms (cache miss)
1205 silly packumentCache full:https://registry.npmjs.org/@unrs%2fresolver-binding-win32-ia32-msvc set size:undefined disposed:false
1206 silly fetch manifest @unrs/resolver-binding-linux-arm64-gnu@1.11.1
1207 silly packumentCache full:https://registry.npmjs.org/@unrs%2fresolver-binding-linux-arm64-gnu cache-miss
1208 http fetch GET 200 https://registry.npmjs.org/@unrs%2fresolver-binding-win32-x64-msvc 62ms (cache miss)
1209 silly packumentCache full:https://registry.npmjs.org/@unrs%2fresolver-binding-win32-x64-msvc set size:undefined disposed:false
1210 silly fetch manifest @unrs/resolver-binding-linux-arm64-musl@1.11.1
1211 silly packumentCache full:https://registry.npmjs.org/@unrs%2fresolver-binding-linux-arm64-musl cache-miss
1212 http fetch GET 200 https://registry.npmjs.org/@unrs%2fresolver-binding-win32-arm64-msvc 63ms (cache miss)
1213 silly packumentCache full:https://registry.npmjs.org/@unrs%2fresolver-binding-win32-arm64-msvc set size:undefined disposed:false
1214 silly fetch manifest @unrs/resolver-binding-android-arm-eabi@1.11.1
1215 silly packumentCache full:https://registry.npmjs.org/@unrs%2fresolver-binding-android-arm-eabi cache-miss
1216 http fetch GET 200 https://registry.npmjs.org/@unrs%2fresolver-binding-linux-x64-gnu 41ms (cache miss)
1217 silly packumentCache full:https://registry.npmjs.org/@unrs%2fresolver-binding-linux-x64-gnu set size:undefined disposed:false
1218 silly fetch manifest @unrs/resolver-binding-linux-arm-gnueabihf@1.11.1
1219 silly packumentCache full:https://registry.npmjs.org/@unrs%2fresolver-binding-linux-arm-gnueabihf cache-miss
1220 http fetch GET 200 https://registry.npmjs.org/@unrs%2fresolver-binding-linux-x64-musl 61ms (cache miss)
1221 silly packumentCache full:https://registry.npmjs.org/@unrs%2fresolver-binding-linux-x64-musl set size:undefined disposed:false
1222 silly fetch manifest @unrs/resolver-binding-linux-arm-musleabihf@1.11.1
1223 silly packumentCache full:https://registry.npmjs.org/@unrs%2fresolver-binding-linux-arm-musleabihf cache-miss
1224 http fetch GET 200 https://registry.npmjs.org/@unrs%2fresolver-binding-android-arm64 56ms (cache miss)
1225 silly packumentCache full:https://registry.npmjs.org/@unrs%2fresolver-binding-android-arm64 set size:undefined disposed:false
1226 silly fetch manifest @unrs/resolver-binding-linux-ppc64-gnu@1.11.1
1227 silly packumentCache full:https://registry.npmjs.org/@unrs%2fresolver-binding-linux-ppc64-gnu cache-miss
1228 http fetch GET 200 https://registry.npmjs.org/@unrs%2fresolver-binding-linux-arm64-musl 57ms (cache miss)
1229 silly packumentCache full:https://registry.npmjs.org/@unrs%2fresolver-binding-linux-arm64-musl set size:undefined disposed:false
1230 silly fetch manifest @unrs/resolver-binding-linux-riscv64-gnu@1.11.1
1231 silly packumentCache full:https://registry.npmjs.org/@unrs%2fresolver-binding-linux-riscv64-gnu cache-miss
1232 http fetch GET 200 https://registry.npmjs.org/@unrs%2fresolver-binding-freebsd-x64 68ms (cache miss)
1233 silly packumentCache full:https://registry.npmjs.org/@unrs%2fresolver-binding-freebsd-x64 set size:undefined disposed:false
1234 silly fetch manifest @unrs/resolver-binding-linux-riscv64-musl@1.11.1
1235 silly packumentCache full:https://registry.npmjs.org/@unrs%2fresolver-binding-linux-riscv64-musl cache-miss
1236 http fetch GET 200 https://registry.npmjs.org/@unrs%2fresolver-binding-linux-arm64-gnu 64ms (cache miss)
1237 silly packumentCache full:https://registry.npmjs.org/@unrs%2fresolver-binding-linux-arm64-gnu set size:undefined disposed:false
1238 silly fetch manifest @unrs/resolver-binding-linux-s390x-gnu@1.11.1
1239 silly packumentCache full:https://registry.npmjs.org/@unrs%2fresolver-binding-linux-s390x-gnu cache-miss
1240 http fetch GET 200 https://registry.npmjs.org/@unrs%2fresolver-binding-linux-arm-gnueabihf 51ms (cache miss)
1241 silly packumentCache full:https://registry.npmjs.org/@unrs%2fresolver-binding-linux-arm-gnueabihf set size:undefined disposed:false
1242 silly fetch manifest @unrs/resolver-binding-darwin-x64@1.11.1
1243 silly packumentCache full:https://registry.npmjs.org/@unrs%2fresolver-binding-darwin-x64 cache-miss
1244 http fetch GET 200 https://registry.npmjs.org/@unrs%2fresolver-binding-android-arm-eabi 64ms (cache miss)
1245 silly packumentCache full:https://registry.npmjs.org/@unrs%2fresolver-binding-android-arm-eabi set size:undefined disposed:false
1246 silly fetch manifest @unrs/resolver-binding-darwin-arm64@1.11.1
1247 silly packumentCache full:https://registry.npmjs.org/@unrs%2fresolver-binding-darwin-arm64 cache-miss
1248 http fetch GET 200 https://registry.npmjs.org/@unrs%2fresolver-binding-linux-arm-musleabihf 41ms (cache miss)
1249 silly packumentCache full:https://registry.npmjs.org/@unrs%2fresolver-binding-linux-arm-musleabihf set size:undefined disposed:false
1250 silly fetch manifest @unrs/resolver-binding-wasm32-wasi@1.11.1
1251 silly packumentCache full:https://registry.npmjs.org/@unrs%2fresolver-binding-wasm32-wasi cache-miss
1252 http fetch GET 200 https://registry.npmjs.org/@unrs%2fresolver-binding-linux-riscv64-gnu 46ms (cache miss)
1253 silly packumentCache full:https://registry.npmjs.org/@unrs%2fresolver-binding-linux-riscv64-gnu set size:undefined disposed:false
1254 http fetch GET 200 https://registry.npmjs.org/@unrs%2fresolver-binding-linux-ppc64-gnu 51ms (cache miss)
1255 silly packumentCache full:https://registry.npmjs.org/@unrs%2fresolver-binding-linux-ppc64-gnu set size:undefined disposed:false
1256 http fetch GET 200 https://registry.npmjs.org/@unrs%2fresolver-binding-darwin-arm64 44ms (cache miss)
1257 silly packumentCache full:https://registry.npmjs.org/@unrs%2fresolver-binding-darwin-arm64 set size:undefined disposed:false
1258 http fetch GET 200 https://registry.npmjs.org/@unrs%2fresolver-binding-linux-riscv64-musl 54ms (cache miss)
1259 silly packumentCache full:https://registry.npmjs.org/@unrs%2fresolver-binding-linux-riscv64-musl set size:undefined disposed:false
1260 http fetch GET 200 https://registry.npmjs.org/@unrs%2fresolver-binding-linux-s390x-gnu 64ms (cache miss)
1261 silly packumentCache full:https://registry.npmjs.org/@unrs%2fresolver-binding-linux-s390x-gnu set size:undefined disposed:false
1262 http fetch GET 200 https://registry.npmjs.org/@unrs%2fresolver-binding-darwin-x64 236ms (cache miss)
1263 silly packumentCache full:https://registry.npmjs.org/@unrs%2fresolver-binding-darwin-x64 set size:undefined disposed:false
1264 http fetch GET 200 https://registry.npmjs.org/@unrs%2fresolver-binding-wasm32-wasi 289ms (cache miss)
1265 silly packumentCache full:https://registry.npmjs.org/@unrs%2fresolver-binding-wasm32-wasi set size:undefined disposed:false
1266 silly placeDep ROOT @rtsao/scc@1.1.0 OK for: eslint-plugin-import@2.32.0 want: ^1.1.0
1267 silly placeDep ROOT array-includes@3.1.9 OK for: eslint-plugin-import@2.32.0 want: ^3.1.9
1268 silly placeDep ROOT array.prototype.findlastindex@1.2.6 OK for: eslint-plugin-import@2.32.0 want: ^1.2.6
1269 silly placeDep ROOT array.prototype.flat@1.3.3 OK for: eslint-plugin-import@2.32.0 want: ^1.3.3
1270 silly placeDep ROOT array.prototype.flatmap@1.3.3 OK for: eslint-plugin-import@2.32.0 want: ^1.3.3
1271 silly placeDep node_modules/eslint-plugin-import debug@3.2.7 OK for: eslint-plugin-import@2.32.0 want: ^3.2.7
1272 silly placeDep node_modules/eslint-plugin-import doctrine@2.1.0 OK for: eslint-plugin-import@2.32.0 want: ^2.1.0
1273 silly placeDep ROOT eslint-module-utils@2.12.1 OK for: eslint-plugin-import@2.32.0 want: ^2.12.1
1274 silly placeDep ROOT hasown@2.0.2 OK for: eslint-plugin-import@2.32.0 want: ^2.0.2
1275 silly placeDep ROOT object.fromentries@2.0.8 OK for: eslint-plugin-import@2.32.0 want: ^2.0.8
1276 silly placeDep ROOT object.groupby@1.0.3 OK for: eslint-plugin-import@2.32.0 want: ^1.0.3
1277 silly placeDep ROOT object.values@1.2.1 OK for: eslint-plugin-import@2.32.0 want: ^1.2.1
1278 silly placeDep node_modules/eslint-plugin-import semver@6.3.1 OK for: eslint-plugin-import@2.32.0 want: ^6.3.1
1279 silly placeDep ROOT string.prototype.trimend@1.0.9 OK for: eslint-plugin-import@2.32.0 want: ^1.0.9
1280 silly placeDep ROOT tsconfig-paths@3.15.0 OK for: eslint-plugin-import@2.32.0 want: ^3.15.0
1281 silly fetch manifest call-bind@^1.0.8
1282 silly packumentCache full:https://registry.npmjs.org/call-bind cache-miss
1283 silly fetch manifest call-bound@^1.0.4
1284 silly packumentCache full:https://registry.npmjs.org/call-bound cache-miss
1285 silly fetch manifest define-properties@^1.2.1
1286 silly packumentCache full:https://registry.npmjs.org/define-properties cache-miss
1287 silly fetch manifest es-abstract@^1.24.0
1288 silly packumentCache full:https://registry.npmjs.org/es-abstract cache-miss
1289 silly fetch manifest es-object-atoms@^1.1.1
1290 silly packumentCache full:https://registry.npmjs.org/es-object-atoms cache-miss
1291 silly fetch manifest get-intrinsic@^1.3.0
1292 silly packumentCache full:https://registry.npmjs.org/get-intrinsic cache-miss
1293 silly fetch manifest is-string@^1.1.1
1294 silly packumentCache full:https://registry.npmjs.org/is-string cache-miss
1295 http fetch GET 200 https://registry.npmjs.org/call-bound 34ms (cache miss)
1296 silly packumentCache full:https://registry.npmjs.org/call-bound set size:undefined disposed:false
1297 silly fetch manifest math-intrinsics@^1.1.0
1298 silly packumentCache full:https://registry.npmjs.org/math-intrinsics cache-miss
1299 http fetch GET 200 https://registry.npmjs.org/define-properties 38ms (cache miss)
1300 silly packumentCache full:https://registry.npmjs.org/define-properties set size:undefined disposed:false
1301 silly fetch manifest call-bind@^1.0.8
1302 silly packumentCache full:https://registry.npmjs.org/call-bind cache-miss
1303 http fetch GET 200 https://registry.npmjs.org/is-string 48ms (cache miss)
1304 silly packumentCache full:https://registry.npmjs.org/is-string set size:undefined disposed:false
1305 silly fetch manifest es-abstract@^1.23.9
1306 silly packumentCache full:https://registry.npmjs.org/es-abstract cache-miss
1307 http fetch GET 200 https://registry.npmjs.org/call-bind 56ms (cache miss)
1308 silly packumentCache full:https://registry.npmjs.org/call-bind set size:undefined disposed:false
1309 silly fetch manifest es-object-atoms@^1.1.1
1310 silly packumentCache full:https://registry.npmjs.org/es-object-atoms cache-miss
1311 http fetch GET 200 https://registry.npmjs.org/get-intrinsic 59ms (cache miss)
1312 silly packumentCache full:https://registry.npmjs.org/get-intrinsic set size:undefined disposed:false
1313 silly fetch manifest es-shim-unscopables@^1.1.0
1314 silly packumentCache full:https://registry.npmjs.org/es-shim-unscopables cache-miss
1315 http fetch GET 200 https://registry.npmjs.org/es-object-atoms 67ms (cache miss)
1316 silly packumentCache full:https://registry.npmjs.org/es-object-atoms set size:undefined disposed:false
1317 silly fetch manifest es-abstract@^1.23.5
1318 silly packumentCache full:https://registry.npmjs.org/es-abstract cache-miss
1319 http fetch GET 200 https://registry.npmjs.org/math-intrinsics 48ms (cache miss)
1320 silly packumentCache full:https://registry.npmjs.org/math-intrinsics set size:undefined disposed:false
1321 silly fetch manifest es-shim-unscopables@^1.0.2
1322 silly packumentCache full:https://registry.npmjs.org/es-shim-unscopables cache-miss
1323 http fetch GET 200 https://registry.npmjs.org/call-bind 47ms (cache miss)
1324 silly packumentCache full:https://registry.npmjs.org/call-bind set size:undefined disposed:false
1325 silly fetch manifest es-abstract@^1.23.5
1326 silly packumentCache full:https://registry.npmjs.org/es-abstract cache-miss
1327 http fetch GET 200 https://registry.npmjs.org/es-abstract 88ms (cache miss)
1328 silly packumentCache full:https://registry.npmjs.org/es-abstract set size:undefined disposed:false
1329 silly fetch manifest es-shim-unscopables@^1.0.2
1330 silly packumentCache full:https://registry.npmjs.org/es-shim-unscopables cache-miss
1331 http fetch GET 200 https://registry.npmjs.org/es-object-atoms 37ms (cache miss)
1332 silly packumentCache full:https://registry.npmjs.org/es-object-atoms set size:undefined disposed:false
1333 silly fetch manifest function-bind@^1.1.2
1334 silly packumentCache full:https://registry.npmjs.org/function-bind cache-miss
1335 http cache https://registry.npmjs.org/es-abstract 14ms (cache hit)
1336 silly packumentCache full:https://registry.npmjs.org/es-abstract set size:378584 disposed:false
1337 silly fetch manifest call-bind@^1.0.7
1338 silly packumentCache full:https://registry.npmjs.org/call-bind cache-miss
1339 http fetch GET 200 https://registry.npmjs.org/es-abstract 62ms (cache miss)
1340 silly packumentCache full:https://registry.npmjs.org/es-abstract set size:undefined disposed:false
1341 silly packumentCache full:https://registry.npmjs.org/es-abstract dispose
1342 silly fetch manifest es-abstract@^1.23.2
1343 silly packumentCache full:https://registry.npmjs.org/es-abstract cache-miss
1344 http fetch GET 200 https://registry.npmjs.org/es-shim-unscopables 60ms (cache miss)
1345 silly packumentCache full:https://registry.npmjs.org/es-shim-unscopables set size:undefined disposed:false
1346 silly fetch manifest es-object-atoms@^1.0.0
1347 silly packumentCache full:https://registry.npmjs.org/es-object-atoms cache-miss
1348 http cache https://registry.npmjs.org/call-bind 16ms (cache hit)
1349 silly packumentCache full:https://registry.npmjs.org/call-bind set size:30096 disposed:false
1350 silly fetch manifest es-abstract@^1.23.2
1351 silly packumentCache full:https://registry.npmjs.org/es-abstract cache-miss
1352 http fetch GET 200 https://registry.npmjs.org/es-shim-unscopables 43ms (cache miss)
1353 silly packumentCache full:https://registry.npmjs.org/es-shim-unscopables set size:undefined disposed:false
1354 silly fetch manifest call-bound@^1.0.3
1355 silly packumentCache full:https://registry.npmjs.org/call-bound cache-miss
1356 http fetch GET 200 https://registry.npmjs.org/es-shim-unscopables 52ms (cache miss)
1357 silly packumentCache full:https://registry.npmjs.org/es-shim-unscopables set size:undefined disposed:false
1358 silly fetch manifest es-object-atoms@^1.0.0
1359 silly packumentCache full:https://registry.npmjs.org/es-object-atoms cache-miss
1360 http cache https://registry.npmjs.org/es-object-atoms 16ms (cache hit)
1361 silly packumentCache full:https://registry.npmjs.org/es-object-atoms set size:15304 disposed:false
1362 silly fetch manifest call-bound@^1.0.2
1363 silly packumentCache full:https://registry.npmjs.org/call-bound cache-miss
1364 http cache https://registry.npmjs.org/es-abstract 19ms (cache hit)
1365 silly packumentCache full:https://registry.npmjs.org/es-abstract set size:378584 disposed:true
1366 silly fetch manifest json5@^1.0.2
1367 silly packumentCache full:https://registry.npmjs.org/json5 cache-miss
1368 http cache https://registry.npmjs.org/es-abstract 19ms (cache hit)
1369 silly packumentCache full:https://registry.npmjs.org/es-abstract set size:378584 disposed:false
1370 silly packumentCache full:https://registry.npmjs.org/es-abstract dispose
1371 silly fetch manifest minimist@^1.2.6
1372 silly packumentCache full:https://registry.npmjs.org/minimist cache-miss
1373 http fetch GET 200 https://registry.npmjs.org/function-bind 53ms (cache miss)
1374 silly packumentCache full:https://registry.npmjs.org/function-bind set size:undefined disposed:false
1375 silly fetch manifest strip-bom@^3.0.0
1376 silly packumentCache full:https://registry.npmjs.org/strip-bom cache-miss
1377 http cache https://registry.npmjs.org/call-bound 16ms (cache hit)
1378 silly packumentCache full:https://registry.npmjs.org/call-bound set size:15317 disposed:false
1379 silly fetch manifest @types/json5@^0.0.29
1380 silly packumentCache full:https://registry.npmjs.org/@types%2fjson5 cache-miss
1381 http cache https://registry.npmjs.org/es-object-atoms 16ms (cache hit)
1382 silly packumentCache full:https://registry.npmjs.org/es-object-atoms set size:15304 disposed:false
1383 silly packumentCache full:https://registry.npmjs.org/es-object-atoms dispose
1384 http fetch GET 200 https://registry.npmjs.org/es-abstract 84ms (cache miss)
1385 silly packumentCache full:https://registry.npmjs.org/es-abstract set size:undefined disposed:true
1386 silly packumentCache full:https://registry.npmjs.org/es-abstract dispose
1387 http cache https://registry.npmjs.org/call-bound 17ms (cache hit)
1388 silly packumentCache full:https://registry.npmjs.org/call-bound set size:15317 disposed:false
1389 silly packumentCache full:https://registry.npmjs.org/call-bound dispose
1390 http fetch GET 200 https://registry.npmjs.org/strip-bom 85ms (cache miss)
1391 silly packumentCache full:https://registry.npmjs.org/strip-bom set size:undefined disposed:false
1392 http fetch GET 200 https://registry.npmjs.org/@types%2fjson5 84ms (cache miss)
1393 silly packumentCache full:https://registry.npmjs.org/@types%2fjson5 set size:undefined disposed:false
1394 http fetch GET 200 https://registry.npmjs.org/minimist 101ms (cache miss)
1395 silly packumentCache full:https://registry.npmjs.org/minimist set size:undefined disposed:false
1396 http fetch GET 200 https://registry.npmjs.org/json5 105ms (cache miss)
1397 silly packumentCache full:https://registry.npmjs.org/json5 set size:undefined disposed:false
1398 silly placeDep ROOT call-bind@1.0.8 OK for: array-includes@3.1.9 want: ^1.0.8
1399 silly placeDep ROOT call-bound@1.0.4 OK for: array-includes@3.1.9 want: ^1.0.4
1400 silly placeDep ROOT define-properties@1.2.1 OK for: array-includes@3.1.9 want: ^1.2.1
1401 silly placeDep ROOT es-abstract@1.24.1 OK for: array-includes@3.1.9 want: ^1.24.0
1402 silly placeDep ROOT es-object-atoms@1.1.1 OK for: array-includes@3.1.9 want: ^1.1.1
1403 silly placeDep ROOT get-intrinsic@1.3.0 OK for: array-includes@3.1.9 want: ^1.3.0
1404 silly placeDep ROOT is-string@1.1.1 OK for: array-includes@3.1.9 want: ^1.1.1
1405 silly placeDep ROOT math-intrinsics@1.1.0 OK for: array-includes@3.1.9 want: ^1.1.0
1406 silly fetch manifest call-bind-apply-helpers@^1.0.0
1407 silly packumentCache full:https://registry.npmjs.org/call-bind-apply-helpers cache-miss
1408 silly fetch manifest es-define-property@^1.0.0
1409 silly packumentCache full:https://registry.npmjs.org/es-define-property cache-miss
1410 silly fetch manifest get-intrinsic@^1.2.4
1411 silly packumentCache full:https://registry.npmjs.org/get-intrinsic cache-miss
1412 silly fetch manifest set-function-length@^1.2.2
1413 silly packumentCache full:https://registry.npmjs.org/set-function-length cache-miss
1414 silly fetch manifest call-bind-apply-helpers@^1.0.2
1415 silly packumentCache full:https://registry.npmjs.org/call-bind-apply-helpers cache-miss
1416 silly fetch manifest define-data-property@^1.0.1
1417 silly packumentCache full:https://registry.npmjs.org/define-data-property cache-miss
1418 silly fetch manifest has-property-descriptors@^1.0.0
1419 silly packumentCache full:https://registry.npmjs.org/has-property-descriptors cache-miss
1420 http cache https://registry.npmjs.org/get-intrinsic 8ms (cache hit)
1421 silly packumentCache full:https://registry.npmjs.org/get-intrinsic set size:60985 disposed:false
1422 silly fetch manifest array-buffer-byte-length@^1.0.2
1423 silly packumentCache full:https://registry.npmjs.org/array-buffer-byte-length cache-miss
1424 http fetch GET 200 https://registry.npmjs.org/call-bind-apply-helpers 35ms (cache miss)
1425 silly packumentCache full:https://registry.npmjs.org/call-bind-apply-helpers set size:undefined disposed:false
1426 silly fetch manifest arraybuffer.prototype.slice@^1.0.4
1427 silly packumentCache full:https://registry.npmjs.org/arraybuffer.prototype.slice cache-miss
1428 http fetch GET 200 https://registry.npmjs.org/set-function-length 38ms (cache miss)
1429 silly packumentCache full:https://registry.npmjs.org/set-function-length set size:undefined disposed:false
1430 silly fetch manifest available-typed-arrays@^1.0.7
1431 silly packumentCache full:https://registry.npmjs.org/available-typed-arrays cache-miss
1432 http fetch GET 200 https://registry.npmjs.org/call-bind-apply-helpers 49ms (cache miss)
1433 silly packumentCache full:https://registry.npmjs.org/call-bind-apply-helpers set size:undefined disposed:false
1434 silly fetch manifest data-view-buffer@^1.0.2
1435 silly packumentCache full:https://registry.npmjs.org/data-view-buffer cache-miss
1436 http fetch GET 200 https://registry.npmjs.org/has-property-descriptors 50ms (cache miss)
1437 silly packumentCache full:https://registry.npmjs.org/has-property-descriptors set size:undefined disposed:false
1438 silly fetch manifest data-view-byte-length@^1.0.2
1439 silly packumentCache full:https://registry.npmjs.org/data-view-byte-length cache-miss
1440 http fetch GET 200 https://registry.npmjs.org/es-define-property 55ms (cache miss)
1441 silly packumentCache full:https://registry.npmjs.org/es-define-property set size:undefined disposed:false
1442 silly fetch manifest data-view-byte-offset@^1.0.1
1443 silly packumentCache full:https://registry.npmjs.org/data-view-byte-offset cache-miss
1444 http fetch GET 200 https://registry.npmjs.org/define-data-property 54ms (cache miss)
1445 silly packumentCache full:https://registry.npmjs.org/define-data-property set size:undefined disposed:false
1446 silly fetch manifest es-define-property@^1.0.1
1447 silly packumentCache full:https://registry.npmjs.org/es-define-property cache-miss
1448 http fetch GET 200 https://registry.npmjs.org/array-buffer-byte-length 50ms (cache miss)
1449 silly packumentCache full:https://registry.npmjs.org/array-buffer-byte-length set size:undefined disposed:false
1450 silly fetch manifest es-set-tostringtag@^2.1.0
1451 silly packumentCache full:https://registry.npmjs.org/es-set-tostringtag cache-miss
1452 http cache https://registry.npmjs.org/es-define-property 5ms (cache hit)
1453 silly packumentCache full:https://registry.npmjs.org/es-define-property set size:8542 disposed:false
1454 silly fetch manifest es-to-primitive@^1.3.0
1455 silly packumentCache full:https://registry.npmjs.org/es-to-primitive cache-miss
1456 http fetch GET 200 https://registry.npmjs.org/arraybuffer.prototype.slice 44ms (cache miss)
1457 silly packumentCache full:https://registry.npmjs.org/arraybuffer.prototype.slice set size:undefined disposed:false
1458 silly fetch manifest function.prototype.name@^1.1.8
1459 silly packumentCache full:https://registry.npmjs.org/function.prototype.name cache-miss
1460 http fetch GET 200 https://registry.npmjs.org/available-typed-arrays 41ms (cache miss)
1461 silly packumentCache full:https://registry.npmjs.org/available-typed-arrays set size:undefined disposed:false
1462 silly fetch manifest get-proto@^1.0.1
1463 silly packumentCache full:https://registry.npmjs.org/get-proto cache-miss
1464 http fetch GET 200 https://registry.npmjs.org/data-view-byte-offset 37ms (cache miss)
1465 silly packumentCache full:https://registry.npmjs.org/data-view-byte-offset set size:undefined disposed:false
1466 silly fetch manifest get-symbol-description@^1.1.0
1467 silly packumentCache full:https://registry.npmjs.org/get-symbol-description cache-miss
1468 http fetch GET 200 https://registry.npmjs.org/data-view-buffer 42ms (cache miss)
1469 silly packumentCache full:https://registry.npmjs.org/data-view-buffer set size:undefined disposed:false
1470 silly fetch manifest globalthis@^1.0.4
1471 silly packumentCache full:https://registry.npmjs.org/globalthis cache-miss
1472 http fetch GET 200 https://registry.npmjs.org/data-view-byte-length 43ms (cache miss)
1473 silly packumentCache full:https://registry.npmjs.org/data-view-byte-length set size:undefined disposed:false
1474 silly fetch manifest gopd@^1.2.0
1475 silly packumentCache full:https://registry.npmjs.org/gopd cache-miss
1476 http fetch GET 200 https://registry.npmjs.org/es-set-tostringtag 38ms (cache miss)
1477 silly packumentCache full:https://registry.npmjs.org/es-set-tostringtag set size:undefined disposed:false
1478 silly fetch manifest has-property-descriptors@^1.0.2
1479 silly packumentCache full:https://registry.npmjs.org/has-property-descriptors cache-miss
1480 http cache https://registry.npmjs.org/has-property-descriptors 3ms (cache hit)
1481 silly packumentCache full:https://registry.npmjs.org/has-property-descriptors set size:12452 disposed:false
1482 silly fetch manifest has-proto@^1.2.0
1483 silly packumentCache full:https://registry.npmjs.org/has-proto cache-miss
1484 http fetch GET 200 https://registry.npmjs.org/es-to-primitive 40ms (cache miss)
1485 silly packumentCache full:https://registry.npmjs.org/es-to-primitive set size:undefined disposed:false
1486 silly fetch manifest has-symbols@^1.1.0
1487 silly packumentCache full:https://registry.npmjs.org/has-symbols cache-miss
1488 http fetch GET 200 https://registry.npmjs.org/get-proto 33ms (cache miss)
1489 silly packumentCache full:https://registry.npmjs.org/get-proto set size:undefined disposed:false
1490 silly fetch manifest internal-slot@^1.1.0
1491 silly packumentCache full:https://registry.npmjs.org/internal-slot cache-miss
1492 http fetch GET 200 https://registry.npmjs.org/function.prototype.name 36ms (cache miss)
1493 silly packumentCache full:https://registry.npmjs.org/function.prototype.name set size:undefined disposed:false
1494 silly fetch manifest is-array-buffer@^3.0.5
1495 silly packumentCache full:https://registry.npmjs.org/is-array-buffer cache-miss
1496 http fetch GET 200 https://registry.npmjs.org/globalthis 65ms (cache miss)
1497 silly packumentCache full:https://registry.npmjs.org/globalthis set size:undefined disposed:false
1498 silly fetch manifest is-callable@^1.2.7
1499 silly packumentCache full:https://registry.npmjs.org/is-callable cache-miss
1500 http fetch GET 200 https://registry.npmjs.org/has-proto 68ms (cache miss)
1501 silly packumentCache full:https://registry.npmjs.org/has-proto set size:undefined disposed:false
1502 silly fetch manifest is-data-view@^1.0.2
1503 silly packumentCache full:https://registry.npmjs.org/is-data-view cache-miss
1504 http fetch GET 200 https://registry.npmjs.org/gopd 75ms (cache miss)
1505 silly packumentCache full:https://registry.npmjs.org/gopd set size:undefined disposed:false
1506 silly fetch manifest is-negative-zero@^2.0.3
1507 silly packumentCache full:https://registry.npmjs.org/is-negative-zero cache-miss
1508 http fetch GET 200 https://registry.npmjs.org/get-symbol-description 84ms (cache miss)
1509 silly packumentCache full:https://registry.npmjs.org/get-symbol-description set size:undefined disposed:false
1510 silly fetch manifest is-regex@^1.2.1
1511 silly packumentCache full:https://registry.npmjs.org/is-regex cache-miss
1512 http fetch GET 200 https://registry.npmjs.org/has-symbols 78ms (cache miss)
1513 silly packumentCache full:https://registry.npmjs.org/has-symbols set size:undefined disposed:false
1514 silly fetch manifest is-set@^2.0.3
1515 silly packumentCache full:https://registry.npmjs.org/is-set cache-miss
1516 http fetch GET 200 https://registry.npmjs.org/internal-slot 72ms (cache miss)
1517 silly packumentCache full:https://registry.npmjs.org/internal-slot set size:undefined disposed:false
1518 silly fetch manifest is-shared-array-buffer@^1.0.4
1519 silly packumentCache full:https://registry.npmjs.org/is-shared-array-buffer cache-miss
1520 http fetch GET 200 https://registry.npmjs.org/is-array-buffer 74ms (cache miss)
1521 silly packumentCache full:https://registry.npmjs.org/is-array-buffer set size:undefined disposed:false
1522 silly fetch manifest is-typed-array@^1.1.15
1523 silly packumentCache full:https://registry.npmjs.org/is-typed-array cache-miss
1524 http fetch GET 200 https://registry.npmjs.org/is-callable 41ms (cache miss)
1525 silly packumentCache full:https://registry.npmjs.org/is-callable set size:undefined disposed:false
1526 silly fetch manifest is-weakref@^1.1.1
1527 silly packumentCache full:https://registry.npmjs.org/is-weakref cache-miss
1528 http fetch GET 200 https://registry.npmjs.org/is-data-view 41ms (cache miss)
1529 silly packumentCache full:https://registry.npmjs.org/is-data-view set size:undefined disposed:false
1530 silly fetch manifest object-inspect@^1.13.4
1531 silly packumentCache full:https://registry.npmjs.org/object-inspect cache-miss
1532 http fetch GET 200 https://registry.npmjs.org/is-negative-zero 42ms (cache miss)
1533 silly packumentCache full:https://registry.npmjs.org/is-negative-zero set size:undefined disposed:false
1534 silly fetch manifest object.assign@^4.1.7
1535 silly packumentCache full:https://registry.npmjs.org/object.assign cache-miss
1536 http fetch GET 200 https://registry.npmjs.org/is-regex 41ms (cache miss)
1537 silly packumentCache full:https://registry.npmjs.org/is-regex set size:undefined disposed:false
1538 silly fetch manifest own-keys@^1.0.1
1539 silly packumentCache full:https://registry.npmjs.org/own-keys cache-miss
1540 http fetch GET 200 https://registry.npmjs.org/is-shared-array-buffer 33ms (cache miss)
1541 silly packumentCache full:https://registry.npmjs.org/is-shared-array-buffer set size:undefined disposed:false
1542 silly fetch manifest regexp.prototype.flags@^1.5.4
1543 silly packumentCache full:https://registry.npmjs.org/regexp.prototype.flags cache-miss
1544 http fetch GET 200 https://registry.npmjs.org/is-set 43ms (cache miss)
1545 silly packumentCache full:https://registry.npmjs.org/is-set set size:undefined disposed:false
1546 silly fetch manifest safe-array-concat@^1.1.3
1547 silly packumentCache full:https://registry.npmjs.org/safe-array-concat cache-miss
1548 http fetch GET 200 https://registry.npmjs.org/is-typed-array 38ms (cache miss)
1549 silly packumentCache full:https://registry.npmjs.org/is-typed-array set size:undefined disposed:false
1550 silly fetch manifest safe-push-apply@^1.0.0
1551 silly packumentCache full:https://registry.npmjs.org/safe-push-apply cache-miss
1552 http fetch GET 200 https://registry.npmjs.org/object-inspect 34ms (cache miss)
1553 silly packumentCache full:https://registry.npmjs.org/object-inspect set size:undefined disposed:false
1554 silly fetch manifest safe-regex-test@^1.1.0
1555 silly packumentCache full:https://registry.npmjs.org/safe-regex-test cache-miss
1556 http fetch GET 200 https://registry.npmjs.org/is-weakref 40ms (cache miss)
1557 silly packumentCache full:https://registry.npmjs.org/is-weakref set size:undefined disposed:false
1558 silly fetch manifest set-proto@^1.0.0
1559 silly packumentCache full:https://registry.npmjs.org/set-proto cache-miss
1560 http cache https://registry.npmjs.org/safe-regex-test 4ms (cache hit)
1561 silly packumentCache full:https://registry.npmjs.org/safe-regex-test set size:17412 disposed:false
1562 silly fetch manifest stop-iteration-iterator@^1.1.0
1563 silly packumentCache full:https://registry.npmjs.org/stop-iteration-iterator cache-miss
1564 http fetch GET 200 https://registry.npmjs.org/object.assign 39ms (cache miss)
1565 silly packumentCache full:https://registry.npmjs.org/object.assign set size:undefined disposed:false
1566 silly fetch manifest string.prototype.trim@^1.2.10
1567 silly packumentCache full:https://registry.npmjs.org/string.prototype.trim cache-miss
1568 http fetch GET 200 https://registry.npmjs.org/regexp.prototype.flags 38ms (cache miss)
1569 silly packumentCache full:https://registry.npmjs.org/regexp.prototype.flags set size:undefined disposed:false
1570 silly fetch manifest string.prototype.trimstart@^1.0.8
1571 silly packumentCache full:https://registry.npmjs.org/string.prototype.trimstart cache-miss
1572 http fetch GET 200 https://registry.npmjs.org/own-keys 42ms (cache miss)
1573 silly packumentCache full:https://registry.npmjs.org/own-keys set size:undefined disposed:false
1574 silly fetch manifest typed-array-buffer@^1.0.3
1575 silly packumentCache full:https://registry.npmjs.org/typed-array-buffer cache-miss
1576 http fetch GET 200 https://registry.npmjs.org/safe-push-apply 33ms (cache miss)
1577 silly packumentCache full:https://registry.npmjs.org/safe-push-apply set size:undefined disposed:false
1578 silly fetch manifest typed-array-byte-length@^1.0.3
1579 silly packumentCache full:https://registry.npmjs.org/typed-array-byte-length cache-miss
1580 http fetch GET 200 https://registry.npmjs.org/safe-array-concat 42ms (cache miss)
1581 silly packumentCache full:https://registry.npmjs.org/safe-array-concat set size:undefined disposed:false
1582 silly fetch manifest typed-array-byte-offset@^1.0.4
1583 silly packumentCache full:https://registry.npmjs.org/typed-array-byte-offset cache-miss
1584 http fetch GET 200 https://registry.npmjs.org/set-proto 33ms (cache miss)
1585 silly packumentCache full:https://registry.npmjs.org/set-proto set size:undefined disposed:false
1586 silly fetch manifest typed-array-length@^1.0.7
1587 silly packumentCache full:https://registry.npmjs.org/typed-array-length cache-miss
1588 http fetch GET 200 https://registry.npmjs.org/stop-iteration-iterator 34ms (cache miss)
1589 silly packumentCache full:https://registry.npmjs.org/stop-iteration-iterator set size:undefined disposed:false
1590 silly fetch manifest unbox-primitive@^1.1.0
1591 silly packumentCache full:https://registry.npmjs.org/unbox-primitive cache-miss
1592 http fetch GET 200 https://registry.npmjs.org/string.prototype.trimstart 33ms (cache miss)
1593 silly packumentCache full:https://registry.npmjs.org/string.prototype.trimstart set size:undefined disposed:false
1594 silly fetch manifest which-typed-array@^1.1.19
1595 silly packumentCache full:https://registry.npmjs.org/which-typed-array cache-miss
1596 http fetch GET 200 https://registry.npmjs.org/string.prototype.trim 43ms (cache miss)
1597 silly packumentCache full:https://registry.npmjs.org/string.prototype.trim set size:undefined disposed:false
1598 silly fetch manifest has-tostringtag@^1.0.2
1599 silly packumentCache full:https://registry.npmjs.org/has-tostringtag cache-miss
1600 http fetch GET 200 https://registry.npmjs.org/typed-array-buffer 49ms (cache miss)
1601 silly packumentCache full:https://registry.npmjs.org/typed-array-buffer set size:undefined disposed:false
1602 http fetch GET 200 https://registry.npmjs.org/typed-array-byte-length 44ms (cache miss)
1603 silly packumentCache full:https://registry.npmjs.org/typed-array-byte-length set size:undefined disposed:false
1604 http fetch GET 200 https://registry.npmjs.org/typed-array-byte-offset 50ms (cache miss)
1605 silly packumentCache full:https://registry.npmjs.org/typed-array-byte-offset set size:undefined disposed:false
1606 http fetch GET 200 https://registry.npmjs.org/typed-array-length 44ms (cache miss)
1607 silly packumentCache full:https://registry.npmjs.org/typed-array-length set size:undefined disposed:false
1608 http fetch GET 200 https://registry.npmjs.org/which-typed-array 34ms (cache miss)
1609 silly packumentCache full:https://registry.npmjs.org/which-typed-array set size:undefined disposed:false
1610 http fetch GET 200 https://registry.npmjs.org/has-tostringtag 40ms (cache miss)
1611 silly packumentCache full:https://registry.npmjs.org/has-tostringtag set size:undefined disposed:false
1612 http fetch GET 200 https://registry.npmjs.org/unbox-primitive 515ms (cache miss)
1613 silly packumentCache full:https://registry.npmjs.org/unbox-primitive set size:undefined disposed:false
1614 silly placeDep ROOT es-errors@1.3.0 OK for: array.prototype.findlastindex@1.2.6 want: ^1.3.0
1615 silly placeDep ROOT es-shim-unscopables@1.1.0 OK for: array.prototype.findlastindex@1.2.6 want: ^1.1.0
1616 silly placeDep ROOT call-bind-apply-helpers@1.0.2 OK for: call-bind@1.0.8 want: ^1.0.0
1617 silly placeDep ROOT es-define-property@1.0.1 OK for: call-bind@1.0.8 want: ^1.0.0
1618 silly placeDep ROOT set-function-length@1.2.2 OK for: call-bind@1.0.8 want: ^1.2.2
1619 silly fetch manifest define-data-property@^1.1.4
1620 silly packumentCache full:https://registry.npmjs.org/define-data-property cache-miss
1621 silly fetch manifest gopd@^1.0.1
1622 silly packumentCache full:https://registry.npmjs.org/gopd cache-miss
1623 http cache https://registry.npmjs.org/define-data-property 5ms (cache hit)
1624 silly packumentCache full:https://registry.npmjs.org/define-data-property set size:28048 disposed:false
1625 http cache https://registry.npmjs.org/gopd 6ms (cache hit)
1626 silly packumentCache full:https://registry.npmjs.org/gopd set size:11458 disposed:false
1627 silly placeDep ROOT function-bind@1.1.2 OK for: call-bind-apply-helpers@1.0.2 want: ^1.1.2
1628 silly placeDep ROOT define-data-property@1.1.4 OK for: define-properties@1.2.1 want: ^1.0.1
1629 silly placeDep ROOT has-property-descriptors@1.0.2 OK for: define-properties@1.2.1 want: ^1.0.0
1630 silly placeDep ROOT object-keys@1.1.1 OK for: define-properties@1.2.1 want: ^1.1.1
1631 silly placeDep ROOT gopd@1.2.0 OK for: define-data-property@1.1.4 want: ^1.0.1
1632 silly placeDep ROOT array-buffer-byte-length@1.0.2 OK for: es-abstract@1.24.1 want: ^1.0.2
1633 silly placeDep ROOT arraybuffer.prototype.slice@1.0.4 OK for: es-abstract@1.24.1 want: ^1.0.4
1634 silly placeDep ROOT available-typed-arrays@1.0.7 OK for: es-abstract@1.24.1 want: ^1.0.7
1635 silly placeDep ROOT data-view-buffer@1.0.2 OK for: es-abstract@1.24.1 want: ^1.0.2
1636 silly placeDep ROOT data-view-byte-length@1.0.2 OK for: es-abstract@1.24.1 want: ^1.0.2
1637 silly placeDep ROOT data-view-byte-offset@1.0.1 OK for: es-abstract@1.24.1 want: ^1.0.1
1638 silly placeDep ROOT es-set-tostringtag@2.1.0 OK for: es-abstract@1.24.1 want: ^2.1.0
1639 silly placeDep ROOT es-to-primitive@1.3.0 OK for: es-abstract@1.24.1 want: ^1.3.0
1640 silly placeDep ROOT function.prototype.name@1.1.8 OK for: es-abstract@1.24.1 want: ^1.1.8
1641 silly placeDep ROOT get-proto@1.0.1 OK for: es-abstract@1.24.1 want: ^1.0.1
1642 silly placeDep ROOT get-symbol-description@1.1.0 OK for: es-abstract@1.24.1 want: ^1.1.0
1643 silly placeDep ROOT globalthis@1.0.4 OK for: es-abstract@1.24.1 want: ^1.0.4
1644 silly placeDep ROOT has-proto@1.2.0 OK for: es-abstract@1.24.1 want: ^1.2.0
1645 silly placeDep ROOT has-symbols@1.1.0 OK for: es-abstract@1.24.1 want: ^1.1.0
1646 silly placeDep ROOT internal-slot@1.1.0 OK for: es-abstract@1.24.1 want: ^1.1.0
1647 silly placeDep ROOT is-array-buffer@3.0.5 OK for: es-abstract@1.24.1 want: ^3.0.5
1648 silly placeDep ROOT is-callable@1.2.7 OK for: es-abstract@1.24.1 want: ^1.2.7
1649 silly placeDep ROOT is-data-view@1.0.2 OK for: es-abstract@1.24.1 want: ^1.0.2
1650 silly placeDep ROOT is-negative-zero@2.0.3 OK for: es-abstract@1.24.1 want: ^2.0.3
1651 silly placeDep ROOT is-regex@1.2.1 OK for: es-abstract@1.24.1 want: ^1.2.1
1652 silly placeDep ROOT is-set@2.0.3 OK for: es-abstract@1.24.1 want: ^2.0.3
1653 silly placeDep ROOT is-shared-array-buffer@1.0.4 OK for: es-abstract@1.24.1 want: ^1.0.4
1654 silly placeDep ROOT is-typed-array@1.1.15 OK for: es-abstract@1.24.1 want: ^1.1.15
1655 silly placeDep ROOT is-weakref@1.1.1 OK for: es-abstract@1.24.1 want: ^1.1.1
1656 silly placeDep ROOT object-inspect@1.13.4 OK for: es-abstract@1.24.1 want: ^1.13.4
1657 silly placeDep ROOT object.assign@4.1.7 OK for: es-abstract@1.24.1 want: ^4.1.7
1658 silly placeDep ROOT own-keys@1.0.1 OK for: es-abstract@1.24.1 want: ^1.0.1
1659 silly placeDep ROOT regexp.prototype.flags@1.5.4 OK for: es-abstract@1.24.1 want: ^1.5.4
1660 silly placeDep ROOT safe-array-concat@1.1.3 OK for: es-abstract@1.24.1 want: ^1.1.3
1661 silly placeDep ROOT safe-push-apply@1.0.0 OK for: es-abstract@1.24.1 want: ^1.0.0
1662 silly placeDep ROOT safe-regex-test@1.1.0 OK for: es-abstract@1.24.1 want: ^1.1.0
1663 silly placeDep ROOT set-proto@1.0.0 OK for: es-abstract@1.24.1 want: ^1.0.0
1664 silly placeDep ROOT stop-iteration-iterator@1.1.0 OK for: es-abstract@1.24.1 want: ^1.1.0
1665 silly placeDep ROOT string.prototype.trim@1.2.10 OK for: es-abstract@1.24.1 want: ^1.2.10
1666 silly placeDep ROOT string.prototype.trimstart@1.0.8 OK for: es-abstract@1.24.1 want: ^1.0.8
1667 silly placeDep ROOT typed-array-buffer@1.0.3 OK for: es-abstract@1.24.1 want: ^1.0.3
1668 silly placeDep ROOT typed-array-byte-length@1.0.3 OK for: es-abstract@1.24.1 want: ^1.0.3
1669 silly placeDep ROOT typed-array-byte-offset@1.0.4 OK for: es-abstract@1.24.1 want: ^1.0.4
1670 silly placeDep ROOT typed-array-length@1.0.7 OK for: es-abstract@1.24.1 want: ^1.0.7
1671 silly placeDep ROOT unbox-primitive@1.1.0 OK for: es-abstract@1.24.1 want: ^1.1.0
1672 silly placeDep ROOT which-typed-array@1.1.20 OK for: es-abstract@1.24.1 want: ^1.1.19
1673 silly fetch manifest is-array-buffer@^3.0.4
1674 silly packumentCache full:https://registry.npmjs.org/is-array-buffer cache-miss
1675 silly fetch manifest possible-typed-array-names@^1.0.0
1676 silly packumentCache full:https://registry.npmjs.org/possible-typed-array-names cache-miss
1677 silly fetch manifest is-data-view@^1.0.1
1678 silly packumentCache full:https://registry.npmjs.org/is-data-view cache-miss
1679 silly fetch manifest is-date-object@^1.0.5
1680 silly packumentCache full:https://registry.npmjs.org/is-date-object cache-miss
1681 silly fetch manifest is-symbol@^1.0.4
1682 silly packumentCache full:https://registry.npmjs.org/is-symbol cache-miss
1683 silly fetch manifest functions-have-names@^1.2.3
1684 silly packumentCache full:https://registry.npmjs.org/functions-have-names cache-miss
1685 silly fetch manifest dunder-proto@^1.0.1
1686 silly packumentCache full:https://registry.npmjs.org/dunder-proto cache-miss
1687 http cache https://registry.npmjs.org/is-array-buffer 9ms (cache hit)
1688 silly packumentCache full:https://registry.npmjs.org/is-array-buffer set size:33562 disposed:false
1689 silly fetch manifest dunder-proto@^1.0.0
1690 silly packumentCache full:https://registry.npmjs.org/dunder-proto cache-miss
1691 http cache https://registry.npmjs.org/is-data-view 10ms (cache hit)
1692 silly packumentCache full:https://registry.npmjs.org/is-data-view set size:13756 disposed:false
1693 silly fetch manifest side-channel@^1.1.0
1694 silly packumentCache full:https://registry.npmjs.org/side-channel cache-miss
1695 http fetch GET 200 https://registry.npmjs.org/is-symbol 31ms (cache miss)
1696 silly packumentCache full:https://registry.npmjs.org/is-symbol set size:undefined disposed:false
1697 silly fetch manifest is-typed-array@^1.1.13
1698 silly packumentCache full:https://registry.npmjs.org/is-typed-array cache-miss
1699 http cache https://registry.npmjs.org/is-typed-array 2ms (cache hit)
1700 silly packumentCache full:https://registry.npmjs.org/is-typed-array set size:79965 disposed:false
1701 silly fetch manifest which-typed-array@^1.1.16
1702 silly packumentCache full:https://registry.npmjs.org/which-typed-array cache-miss
1703 http cache https://registry.npmjs.org/which-typed-array 1ms (cache hit)
1704 silly packumentCache full:https://registry.npmjs.org/which-typed-array set size:93605 disposed:false
1705 silly fetch manifest set-function-name@^2.0.2
1706 silly packumentCache full:https://registry.npmjs.org/set-function-name cache-miss
1707 http fetch GET 200 https://registry.npmjs.org/dunder-proto 42ms (cache miss)
1708 silly packumentCache full:https://registry.npmjs.org/dunder-proto set size:undefined disposed:false
1709 silly fetch manifest isarray@^2.0.5
1710 silly packumentCache full:https://registry.npmjs.org/isarray cache-miss
1711 http fetch GET 200 https://registry.npmjs.org/possible-typed-array-names 45ms (cache miss)
1712 silly packumentCache full:https://registry.npmjs.org/possible-typed-array-names set size:undefined disposed:false
1713 silly fetch manifest isarray@^2.0.5
1714 silly packumentCache full:https://registry.npmjs.org/isarray cache-miss
1715 http fetch GET 200 https://registry.npmjs.org/is-date-object 45ms (cache miss)
1716 silly packumentCache full:https://registry.npmjs.org/is-date-object set size:undefined disposed:false
1717 silly fetch manifest for-each@^0.3.3
1718 silly packumentCache full:https://registry.npmjs.org/for-each cache-miss
1719 http fetch GET 200 https://registry.npmjs.org/functions-have-names 47ms (cache miss)
1720 silly packumentCache full:https://registry.npmjs.org/functions-have-names set size:undefined disposed:false
1721 silly fetch manifest for-each@^0.3.3
1722 silly packumentCache full:https://registry.npmjs.org/for-each cache-miss
1723 http fetch GET 200 https://registry.npmjs.org/dunder-proto 41ms (cache miss)
1724 silly packumentCache full:https://registry.npmjs.org/dunder-proto set size:undefined disposed:false
1725 silly fetch manifest reflect.getprototypeof@^1.0.9
1726 silly packumentCache full:https://registry.npmjs.org/reflect.getprototypeof cache-miss
1727 http fetch GET 200 https://registry.npmjs.org/side-channel 42ms (cache miss)
1728 silly packumentCache full:https://registry.npmjs.org/side-channel set size:undefined disposed:false
1729 silly fetch manifest for-each@^0.3.3
1730 silly packumentCache full:https://registry.npmjs.org/for-each cache-miss
1731 http fetch GET 200 https://registry.npmjs.org/set-function-name 37ms (cache miss)
1732 silly packumentCache full:https://registry.npmjs.org/set-function-name set size:undefined disposed:false
1733 silly fetch manifest reflect.getprototypeof@^1.0.6
1734 silly packumentCache full:https://registry.npmjs.org/reflect.getprototypeof cache-miss
1735 http fetch GET 200 https://registry.npmjs.org/isarray 34ms (cache miss)
1736 silly packumentCache full:https://registry.npmjs.org/isarray set size:undefined disposed:false
1737 silly fetch manifest has-bigints@^1.0.2
1738 silly packumentCache full:https://registry.npmjs.org/has-bigints cache-miss
1739 http fetch GET 200 https://registry.npmjs.org/for-each 37ms (cache miss)
1740 silly packumentCache full:https://registry.npmjs.org/for-each set size:undefined disposed:false
1741 silly fetch manifest which-boxed-primitive@^1.1.1
1742 silly packumentCache full:https://registry.npmjs.org/which-boxed-primitive cache-miss
1743 http fetch GET 200 https://registry.npmjs.org/for-each 86ms (cache miss)
1744 silly packumentCache full:https://registry.npmjs.org/for-each set size:undefined disposed:false
1745 silly fetch manifest for-each@^0.3.5
1746 silly packumentCache full:https://registry.npmjs.org/for-each cache-miss
1747 http fetch GET 200 https://registry.npmjs.org/isarray 111ms (cache miss)
1748 silly packumentCache full:https://registry.npmjs.org/isarray set size:undefined disposed:false
1749 http fetch GET 200 https://registry.npmjs.org/for-each 103ms (cache miss)
1750 silly packumentCache full:https://registry.npmjs.org/for-each set size:undefined disposed:false
1751 http fetch GET 200 https://registry.npmjs.org/has-bigints 80ms (cache miss)
1752 silly packumentCache full:https://registry.npmjs.org/has-bigints set size:undefined disposed:false
1753 http cache https://registry.npmjs.org/for-each 23ms (cache hit)
1754 silly packumentCache full:https://registry.npmjs.org/for-each set size:14327 disposed:false
1755 http fetch GET 200 https://registry.npmjs.org/reflect.getprototypeof 109ms (cache miss)
1756 silly packumentCache full:https://registry.npmjs.org/reflect.getprototypeof set size:undefined disposed:false
1757 http fetch GET 200 https://registry.npmjs.org/reflect.getprototypeof 87ms (cache miss)
1758 silly packumentCache full:https://registry.npmjs.org/reflect.getprototypeof set size:undefined disposed:false
1759 http fetch GET 200 https://registry.npmjs.org/which-boxed-primitive 88ms (cache miss)
1760 silly packumentCache full:https://registry.npmjs.org/which-boxed-primitive set size:undefined disposed:false
1761 silly placeDep ROOT possible-typed-array-names@1.1.0 OK for: available-typed-arrays@1.0.7 want: ^1.0.0
1762 silly placeDep ROOT has-tostringtag@1.0.2 OK for: es-set-tostringtag@2.1.0 want: ^1.0.2
1763 silly placeDep ROOT is-date-object@1.1.0 OK for: es-to-primitive@1.3.0 want: ^1.0.5
1764 silly placeDep ROOT is-symbol@1.1.1 OK for: es-to-primitive@1.3.0 want: ^1.0.4
1765 silly placeDep node_modules/eslint-module-utils debug@3.2.7 OK for: eslint-module-utils@2.12.1 want: ^3.2.7
1766 silly placeDep ROOT aria-query@5.3.2 OK for: eslint-plugin-jsx-a11y@6.10.2 want: ^5.3.2
1767 silly placeDep ROOT ast-types-flow@0.0.8 OK for: eslint-plugin-jsx-a11y@6.10.2 want: ^0.0.8
1768 silly placeDep ROOT axe-core@4.11.2 OK for: eslint-plugin-jsx-a11y@6.10.2 want: ^4.10.0
1769 silly placeDep ROOT axobject-query@4.1.0 OK for: eslint-plugin-jsx-a11y@6.10.2 want: ^4.1.0
1770 silly placeDep ROOT damerau-levenshtein@1.0.8 OK for: eslint-plugin-jsx-a11y@6.10.2 want: ^1.0.8
1771 silly placeDep ROOT emoji-regex@9.2.2 OK for: eslint-plugin-jsx-a11y@6.10.2 want: ^9.2.2
1772 silly placeDep ROOT jsx-ast-utils@3.3.5 OK for: eslint-plugin-jsx-a11y@6.10.2 want: ^3.3.5
1773 silly placeDep ROOT language-tags@1.0.9 OK for: eslint-plugin-jsx-a11y@6.10.2 want: ^1.0.9
1774 silly placeDep ROOT string.prototype.includes@2.0.1 OK for: eslint-plugin-jsx-a11y@6.10.2 want: ^2.0.1
1775 silly fetch manifest language-subtag-registry@^0.3.20
1776 silly packumentCache full:https://registry.npmjs.org/language-subtag-registry cache-miss
1777 http fetch GET 200 https://registry.npmjs.org/language-subtag-registry 36ms (cache miss)
1778 silly packumentCache full:https://registry.npmjs.org/language-subtag-registry set size:undefined disposed:false
1779 silly placeDep ROOT array.prototype.findlast@1.2.5 OK for: eslint-plugin-react@7.37.5 want: ^1.2.5
1780 silly placeDep ROOT array.prototype.tosorted@1.1.4 OK for: eslint-plugin-react@7.37.5 want: ^1.1.4
1781 silly placeDep node_modules/eslint-plugin-react doctrine@2.1.0 OK for: eslint-plugin-react@7.37.5 want: ^2.1.0
1782 silly placeDep ROOT es-iterator-helpers@1.3.1 OK for: eslint-plugin-react@7.37.5 want: ^1.2.1
1783 silly placeDep ROOT estraverse@5.3.0 OK for: eslint-plugin-react@7.37.5 want: ^5.3.0
1784 silly placeDep ROOT object.entries@1.1.9 OK for: eslint-plugin-react@7.37.5 want: ^1.1.9
1785 silly placeDep ROOT prop-types@15.8.1 OK for: eslint-plugin-react@7.37.5 want: ^15.8.1
1786 silly placeDep node_modules/eslint-plugin-react semver@6.3.1 OK for: eslint-plugin-react@7.37.5 want: ^6.3.1
1787 silly placeDep ROOT string.prototype.matchall@4.0.12 OK for: eslint-plugin-react@7.37.5 want: ^4.0.12
1788 silly placeDep ROOT string.prototype.repeat@1.0.0 OK for: eslint-plugin-react@7.37.5 want: ^1.0.0
1789 silly fetch manifest iterator.prototype@^1.1.5
1790 silly packumentCache full:https://registry.npmjs.org/iterator.prototype cache-miss
1791 silly fetch manifest loose-envify@^1.4.0
1792 silly packumentCache full:https://registry.npmjs.org/loose-envify cache-miss
1793 silly fetch manifest object-assign@^4.1.1
1794 silly packumentCache full:https://registry.npmjs.org/object-assign cache-miss
1795 silly fetch manifest react-is@^16.13.1
1796 silly packumentCache full:https://registry.npmjs.org/react-is cache-miss
1797 http cache https://registry.npmjs.org/loose-envify 5ms (cache hit)
1798 silly packumentCache full:https://registry.npmjs.org/loose-envify set size:12559 disposed:false
1799 http fetch GET 200 https://registry.npmjs.org/iterator.prototype 50ms (cache miss)
1800 silly packumentCache full:https://registry.npmjs.org/iterator.prototype set size:undefined disposed:false
1801 http fetch GET 200 https://registry.npmjs.org/object-assign 53ms (cache miss)
1802 silly packumentCache full:https://registry.npmjs.org/object-assign set size:undefined disposed:false
1803 http fetch GET 200 https://registry.npmjs.org/react-is 95ms (cache miss)
1804 silly packumentCache full:https://registry.npmjs.org/react-is set size:undefined disposed:false
1805 silly placeDep ROOT iterator.prototype@1.1.5 OK for: es-iterator-helpers@1.3.1 want: ^1.1.5
1806 silly placeDep ROOT esrecurse@4.3.0 OK for: eslint-scope@7.2.2 want: ^4.3.0
1807 silly placeDep ROOT acorn@8.16.0 OK for: espree@9.6.1 want: ^8.9.0
1808 silly placeDep ROOT acorn-jsx@5.3.2 OK for: espree@9.6.1 want: ^5.3.2
1809 silly placeDep ROOT reusify@1.1.0 OK for: fastq@1.20.1 want: ^1.0.4
1810 silly placeDep ROOT flat-cache@3.2.0 OK for: file-entry-cache@6.0.1 want: ^3.0.4
1811 silly fetch manifest keyv@^4.5.3
1812 silly packumentCache full:https://registry.npmjs.org/keyv cache-miss
1813 silly fetch manifest rimraf@^3.0.2
1814 silly packumentCache full:https://registry.npmjs.org/rimraf cache-miss
1815 silly fetch manifest flatted@^3.2.9
1816 silly packumentCache full:https://registry.npmjs.org/flatted cache-miss
1817 http fetch GET 200 https://registry.npmjs.org/keyv 43ms (cache miss)
1818 silly packumentCache full:https://registry.npmjs.org/keyv set size:undefined disposed:false
1819 http fetch GET 200 https://registry.npmjs.org/rimraf 48ms (cache miss)
1820 silly packumentCache full:https://registry.npmjs.org/rimraf set size:undefined disposed:false
1821 http fetch GET 200 https://registry.npmjs.org/flatted 51ms (cache miss)
1822 silly packumentCache full:https://registry.npmjs.org/flatted set size:undefined disposed:false
1823 silly placeDep ROOT locate-path@6.0.0 OK for: find-up@5.0.0 want: ^6.0.0
1824 silly placeDep ROOT path-exists@4.0.0 OK for: find-up@5.0.0 want: ^4.0.0
1825 silly fetch manifest p-locate@^5.0.0
1826 silly packumentCache full:https://registry.npmjs.org/p-locate cache-miss
1827 http fetch GET 200 https://registry.npmjs.org/p-locate 34ms (cache miss)
1828 silly packumentCache full:https://registry.npmjs.org/p-locate set size:undefined disposed:false
1829 silly placeDep ROOT flatted@3.4.2 OK for: flat-cache@3.2.0 want: ^3.2.9
1830 silly placeDep ROOT keyv@4.5.4 OK for: flat-cache@3.2.0 want: ^4.5.3
1831 silly placeDep ROOT rimraf@3.0.2 OK for: flat-cache@3.2.0 want: ^3.0.2
1832 silly fetch manifest json-buffer@3.0.1
1833 silly packumentCache full:https://registry.npmjs.org/json-buffer cache-miss
1834 silly fetch manifest glob@^7.1.3
1835 silly packumentCache full:https://registry.npmjs.org/glob cache-miss
1836 http cache https://registry.npmjs.org/glob 3ms (cache hit)
1837 silly packumentCache full:https://registry.npmjs.org/glob set size:469465 disposed:false
1838 http fetch GET 200 https://registry.npmjs.org/json-buffer 41ms (cache miss)
1839 silly packumentCache full:https://registry.npmjs.org/json-buffer set size:undefined disposed:false
1840 silly placeDep ROOT functions-have-names@1.2.3 OK for: function.prototype.name@1.1.8 want: ^1.2.3
1841 silly placeDep ROOT dunder-proto@1.0.1 OK for: get-proto@1.0.1 want: ^1.0.1
1842 silly placeDep ROOT resolve-pkg-maps@1.0.0 OK for: get-tsconfig@4.13.7 want: ^1.0.0
1843 silly placeDep ROOT foreground-child@3.3.1 OK for: glob@10.3.10 want: ^3.1.0
1844 silly placeDep ROOT jackspeak@2.3.6 OK for: glob@10.3.10 want: ^2.3.5
1845 silly placeDep node_modules/glob minimatch@9.0.9 OK for: glob@10.3.10 want: ^9.0.1
1846 silly placeDep ROOT minipass@7.1.3 OK for: glob@10.3.10 want: ^5.0.0 || ^6.0.2 || ^7.0.0
1847 silly placeDep ROOT path-scurry@1.11.1 OK for: glob@10.3.10 want: ^1.10.1
1848 silly fetch manifest signal-exit@^4.0.1
1849 silly packumentCache full:https://registry.npmjs.org/signal-exit cache-miss
1850 silly fetch manifest @isaacs/cliui@^8.0.2
1851 silly packumentCache full:https://registry.npmjs.org/@isaacs%2fcliui cache-miss
1852 silly fetch manifest @pkgjs/parseargs@^0.11.0
1853 silly packumentCache full:https://registry.npmjs.org/@pkgjs%2fparseargs cache-miss
1854 silly fetch manifest brace-expansion@^2.0.2
1855 silly packumentCache full:https://registry.npmjs.org/brace-expansion cache-hit
1856 silly fetch manifest lru-cache@^10.2.0
1857 silly packumentCache full:https://registry.npmjs.org/lru-cache cache-miss
1858 http fetch GET 200 https://registry.npmjs.org/lru-cache 41ms (cache miss)
1859 silly packumentCache full:https://registry.npmjs.org/lru-cache set size:undefined disposed:false
1860 http fetch GET 200 https://registry.npmjs.org/signal-exit 45ms (cache miss)
1861 silly packumentCache full:https://registry.npmjs.org/signal-exit set size:undefined disposed:false
1862 http fetch GET 200 https://registry.npmjs.org/@isaacs%2fcliui 46ms (cache miss)
1863 silly packumentCache full:https://registry.npmjs.org/@isaacs%2fcliui set size:undefined disposed:false
1864 http fetch GET 200 https://registry.npmjs.org/@pkgjs%2fparseargs 47ms (cache miss)
1865 silly packumentCache full:https://registry.npmjs.org/@pkgjs%2fparseargs set size:undefined disposed:false
1866 silly placeDep ROOT signal-exit@4.1.0 OK for: foreground-child@3.3.1 want: ^4.0.1
1867 silly placeDep ROOT type-fest@0.20.2 OK for: globals@13.24.0 want: ^0.20.2
1868 silly placeDep ROOT array-union@2.1.0 OK for: globby@11.1.0 want: ^2.1.0
1869 silly placeDep ROOT dir-glob@3.0.1 OK for: globby@11.1.0 want: ^3.0.1
1870 silly placeDep ROOT fast-glob@3.3.3 OK for: globby@11.1.0 want: ^3.2.9
1871 silly placeDep ROOT merge2@1.4.1 OK for: globby@11.1.0 want: ^1.4.1
1872 silly placeDep ROOT slash@3.0.0 OK for: globby@11.1.0 want: ^3.0.0
1873 silly fetch manifest path-type@^4.0.0
1874 silly packumentCache full:https://registry.npmjs.org/path-type cache-miss
1875 silly fetch manifest glob-parent@^5.1.2
1876 silly packumentCache full:https://registry.npmjs.org/glob-parent cache-miss
1877 silly fetch manifest merge2@^1.3.0
1878 silly packumentCache full:https://registry.npmjs.org/merge2 cache-miss
1879 http cache https://registry.npmjs.org/merge2 2ms (cache hit)
1880 silly packumentCache full:https://registry.npmjs.org/merge2 set size:46159 disposed:false
1881 http cache https://registry.npmjs.org/glob-parent 3ms (cache hit)
1882 silly packumentCache full:https://registry.npmjs.org/glob-parent set size:42445 disposed:false
1883 http fetch GET 200 https://registry.npmjs.org/path-type 43ms (cache miss)
1884 silly packumentCache full:https://registry.npmjs.org/path-type set size:undefined disposed:false
1885 silly placeDep ROOT path-type@4.0.0 OK for: dir-glob@3.0.1 want: ^4.0.0
1886 silly placeDep node_modules/fast-glob glob-parent@5.1.2 OK for: fast-glob@3.3.3 want: ^5.1.2
1887 silly placeDep ROOT micromatch@4.0.8 OK for: fast-glob@3.3.3 want: ^4.0.8
1888 silly fetch manifest braces@^3.0.3
1889 silly packumentCache full:https://registry.npmjs.org/braces cache-miss
1890 silly fetch manifest picomatch@^2.3.1
1891 silly packumentCache full:https://registry.npmjs.org/picomatch cache-miss
1892 http cache https://registry.npmjs.org/picomatch 2ms (cache hit)
1893 silly packumentCache full:https://registry.npmjs.org/picomatch set size:126376 disposed:false
1894 http fetch GET 200 https://registry.npmjs.org/braces 37ms (cache miss)
1895 silly packumentCache full:https://registry.npmjs.org/braces set size:undefined disposed:false
1896 silly placeDep ROOT parent-module@1.0.1 OK for: import-fresh@3.3.1 want: ^1.0.0
1897 silly placeDep ROOT resolve-from@4.0.0 OK for: import-fresh@3.3.1 want: ^4.0.0
1898 silly fetch manifest callsites@^3.0.0
1899 silly packumentCache full:https://registry.npmjs.org/callsites cache-miss
1900 http fetch GET 200 https://registry.npmjs.org/callsites 35ms (cache miss)
1901 silly packumentCache full:https://registry.npmjs.org/callsites set size:undefined disposed:false
1902 silly placeDep ROOT side-channel@1.1.0 OK for: internal-slot@1.1.0 want: ^1.1.0
1903 silly fetch manifest side-channel-list@^1.0.0
1904 silly packumentCache full:https://registry.npmjs.org/side-channel-list cache-miss
1905 silly fetch manifest side-channel-map@^1.0.1
1906 silly packumentCache full:https://registry.npmjs.org/side-channel-map cache-miss
1907 silly fetch manifest side-channel-weakmap@^1.0.2
1908 silly packumentCache full:https://registry.npmjs.org/side-channel-weakmap cache-miss
1909 http fetch GET 200 https://registry.npmjs.org/side-channel-weakmap 33ms (cache miss)
1910 silly packumentCache full:https://registry.npmjs.org/side-channel-weakmap set size:undefined disposed:false
1911 http fetch GET 200 https://registry.npmjs.org/side-channel-list 39ms (cache miss)
1912 silly packumentCache full:https://registry.npmjs.org/side-channel-list set size:undefined disposed:false
1913 http fetch GET 200 https://registry.npmjs.org/side-channel-map 42ms (cache miss)
1914 silly packumentCache full:https://registry.npmjs.org/side-channel-map set size:undefined disposed:false
1915 silly placeDep ROOT is-extglob@2.1.1 OK for: is-glob@4.0.3 want: ^2.1.1
1916 silly placeDep ROOT set-function-name@2.0.2 OK for: iterator.prototype@1.1.5 want: ^2.0.2
1917 silly placeDep ROOT @isaacs/cliui@8.0.2 OK for: jackspeak@2.3.6 want: ^8.0.2
1918 silly placeDep ROOT @pkgjs/parseargs@0.11.0 OK for: jackspeak@2.3.6 want: ^0.11.0
1919 silly fetch manifest wrap-ansi@^8.1.0
1920 silly packumentCache full:https://registry.npmjs.org/wrap-ansi cache-miss
1921 silly fetch manifest strip-ansi@^7.0.1
1922 silly packumentCache full:https://registry.npmjs.org/strip-ansi cache-miss
1923 silly fetch manifest string-width@^5.1.2
1924 silly packumentCache full:https://registry.npmjs.org/string-width cache-miss
1925 silly fetch manifest wrap-ansi-cjs@npm:wrap-ansi@^7.0.0
1926 silly packumentCache full:https://registry.npmjs.org/wrap-ansi cache-miss
1927 silly fetch manifest strip-ansi-cjs@npm:strip-ansi@^6.0.1
1928 silly packumentCache full:https://registry.npmjs.org/strip-ansi cache-miss
1929 silly fetch manifest string-width-cjs@npm:string-width@^4.2.0
1930 silly packumentCache full:https://registry.npmjs.org/string-width cache-miss
1931 http cache https://registry.npmjs.org/strip-ansi 4ms (cache hit)
1932 silly packumentCache full:https://registry.npmjs.org/strip-ansi set size:44998 disposed:false
1933 http cache https://registry.npmjs.org/strip-ansi 6ms (cache hit)
1934 silly packumentCache full:https://registry.npmjs.org/strip-ansi set size:44998 disposed:false
1935 silly packumentCache full:https://registry.npmjs.org/strip-ansi dispose
1936 http fetch GET 200 https://registry.npmjs.org/wrap-ansi 65ms (cache miss)
1937 silly packumentCache full:https://registry.npmjs.org/wrap-ansi set size:undefined disposed:false
1938 http fetch GET 200 https://registry.npmjs.org/string-width 66ms (cache miss)
1939 silly packumentCache full:https://registry.npmjs.org/string-width set size:undefined disposed:false
1940 http fetch GET 200 https://registry.npmjs.org/wrap-ansi 69ms (cache miss)
1941 silly packumentCache full:https://registry.npmjs.org/wrap-ansi set size:undefined disposed:false
1942 http fetch GET 200 https://registry.npmjs.org/string-width 71ms (cache miss)
1943 silly packumentCache full:https://registry.npmjs.org/string-width set size:undefined disposed:false
1944 silly placeDep ROOT string-width@5.1.2 OK for: @isaacs/cliui@8.0.2 want: ^5.1.2
1945 silly placeDep ROOT string-width-cjs@4.2.3 OK for: @isaacs/cliui@8.0.2 want: npm:string-width@^4.2.0
1946 silly placeDep node_modules/@isaacs/cliui strip-ansi@7.2.0 OK for: @isaacs/cliui@8.0.2 want: ^7.0.1
1947 silly placeDep ROOT strip-ansi-cjs@6.0.1 OK for: @isaacs/cliui@8.0.2 want: npm:strip-ansi@^6.0.1
1948 silly placeDep ROOT wrap-ansi@8.1.0 OK for: @isaacs/cliui@8.0.2 want: ^8.1.0
1949 silly placeDep ROOT wrap-ansi-cjs@7.0.0 OK for: @isaacs/cliui@8.0.2 want: npm:wrap-ansi@^7.0.0
1950 silly fetch manifest eastasianwidth@^0.2.0
1951 silly packumentCache full:https://registry.npmjs.org/eastasianwidth cache-miss
1952 silly fetch manifest emoji-regex@^8.0.0
1953 silly packumentCache full:https://registry.npmjs.org/emoji-regex cache-miss
1954 silly fetch manifest is-fullwidth-code-point@^3.0.0
1955 silly packumentCache full:https://registry.npmjs.org/is-fullwidth-code-point cache-miss
1956 silly fetch manifest ansi-regex@^6.2.2
1957 silly packumentCache full:https://registry.npmjs.org/ansi-regex cache-miss
1958 silly fetch manifest ansi-styles@^6.1.0
1959 silly packumentCache full:https://registry.npmjs.org/ansi-styles cache-miss
1960 silly fetch manifest string-width@^4.1.0
1961 silly packumentCache full:https://registry.npmjs.org/string-width cache-miss
1962 http cache https://registry.npmjs.org/string-width 4ms (cache hit)
1963 silly packumentCache full:https://registry.npmjs.org/string-width set size:68305 disposed:false
1964 http cache https://registry.npmjs.org/emoji-regex 14ms (cache hit)
1965 silly packumentCache full:https://registry.npmjs.org/emoji-regex set size:89088 disposed:false
1966 http cache https://registry.npmjs.org/ansi-regex 8ms (cache hit)
1967 silly packumentCache full:https://registry.npmjs.org/ansi-regex set size:43572 disposed:false
1968 http cache https://registry.npmjs.org/ansi-styles 7ms (cache hit)
1969 silly packumentCache full:https://registry.npmjs.org/ansi-styles set size:63233 disposed:false
1970 http fetch GET 200 https://registry.npmjs.org/is-fullwidth-code-point 38ms (cache miss)
1971 silly packumentCache full:https://registry.npmjs.org/is-fullwidth-code-point set size:undefined disposed:false
1972 http fetch GET 200 https://registry.npmjs.org/eastasianwidth 42ms (cache miss)
1973 silly packumentCache full:https://registry.npmjs.org/eastasianwidth set size:undefined disposed:false
1974 silly placeDep ROOT argparse@2.0.1 OK for: js-yaml@4.1.1 want: ^2.0.1
1975 silly placeDep ROOT json-buffer@3.0.1 OK for: keyv@4.5.4 want: 3.0.1
1976 silly placeDep ROOT language-subtag-registry@0.3.23 OK for: language-tags@1.0.9 want: ^0.3.20
1977 silly placeDep ROOT prelude-ls@1.2.1 OK for: levn@0.4.1 want: ^1.2.1
1978 silly placeDep ROOT type-check@0.4.0 OK for: levn@0.4.1 want: ~0.4.0
1979 silly placeDep ROOT p-locate@5.0.0 OK for: locate-path@6.0.0 want: ^5.0.0
1980 silly fetch manifest p-limit@^3.0.2
1981 silly packumentCache full:https://registry.npmjs.org/p-limit cache-miss
1982 http fetch GET 200 https://registry.npmjs.org/p-limit 43ms (cache miss)
1983 silly packumentCache full:https://registry.npmjs.org/p-limit set size:undefined disposed:false
1984 silly placeDep ROOT braces@3.0.3 OK for: micromatch@4.0.8 want: ^3.0.3
1985 silly placeDep ROOT picomatch@2.3.2 OK for: micromatch@4.0.8 want: ^2.3.1
1986 silly fetch manifest fill-range@^7.1.1
1987 silly packumentCache full:https://registry.npmjs.org/fill-range cache-miss
1988 http fetch GET 200 https://registry.npmjs.org/fill-range 42ms (cache miss)
1989 silly packumentCache full:https://registry.npmjs.org/fill-range set size:undefined disposed:false
1990 silly placeDep ROOT fill-range@7.1.1 OK for: braces@3.0.3 want: ^7.1.1
1991 silly fetch manifest to-regex-range@^5.0.1
1992 silly packumentCache full:https://registry.npmjs.org/to-regex-range cache-miss
1993 http fetch GET 200 https://registry.npmjs.org/to-regex-range 34ms (cache miss)
1994 silly packumentCache full:https://registry.npmjs.org/to-regex-range set size:undefined disposed:false
1995 silly placeDep ROOT to-regex-range@5.0.1 OK for: fill-range@7.1.1 want: ^5.0.1
1996 silly fetch manifest is-number@^7.0.0
1997 silly packumentCache full:https://registry.npmjs.org/is-number cache-miss
1998 http fetch GET 200 https://registry.npmjs.org/is-number 31ms (cache miss)
1999 silly packumentCache full:https://registry.npmjs.org/is-number set size:undefined disposed:false
2000 silly placeDep ROOT brace-expansion@1.1.13 OK for: minimatch@3.1.5 want: ^1.1.7
2001 silly fetch manifest concat-map@0.0.1
2002 silly packumentCache full:https://registry.npmjs.org/concat-map cache-miss
2003 silly fetch manifest balanced-match@^1.0.0
2004 silly packumentCache full:https://registry.npmjs.org/balanced-match cache-miss
2005 http fetch GET 200 https://registry.npmjs.org/balanced-match 40ms (cache miss)
2006 silly packumentCache full:https://registry.npmjs.org/balanced-match set size:undefined disposed:false
2007 http fetch GET 200 https://registry.npmjs.org/concat-map 110ms (cache miss)
2008 silly packumentCache full:https://registry.npmjs.org/concat-map set size:undefined disposed:false
2009 silly placeDep ROOT balanced-match@1.0.2 OK for: brace-expansion@1.1.13 want: ^1.0.0
2010 silly placeDep ROOT concat-map@0.0.1 OK for: brace-expansion@1.1.13 want: 0.0.1
2011 silly fetch manifest react@^18.2.0
2012 silly packumentCache full:https://registry.npmjs.org/react cache-miss
2013 http cache https://registry.npmjs.org/react 25ms (cache hit)
2014 silly packumentCache full:https://registry.npmjs.org/react set size:6581055 disposed:false
2015 silly placeDep ROOT @next/env@14.2.5 OK for: next@14.2.5 want: 14.2.5
2016 silly placeDep ROOT @next/swc-darwin-arm64@14.2.5 OK for: next@14.2.5 want: 14.2.5
2017 silly placeDep ROOT @next/swc-darwin-x64@14.2.5 OK for: next@14.2.5 want: 14.2.5
2018 silly placeDep ROOT @next/swc-linux-arm64-gnu@14.2.5 OK for: next@14.2.5 want: 14.2.5
2019 silly placeDep ROOT @next/swc-linux-arm64-musl@14.2.5 OK for: next@14.2.5 want: 14.2.5
2020 silly placeDep ROOT @next/swc-linux-x64-gnu@14.2.5 OK for: next@14.2.5 want: 14.2.5
2021 silly placeDep ROOT @next/swc-linux-x64-musl@14.2.5 OK for: next@14.2.5 want: 14.2.5
2022 silly placeDep ROOT @next/swc-win32-arm64-msvc@14.2.5 OK for: next@14.2.5 want: 14.2.5
2023 silly placeDep ROOT @next/swc-win32-ia32-msvc@14.2.5 OK for: next@14.2.5 want: 14.2.5
2024 silly placeDep ROOT @next/swc-win32-x64-msvc@14.2.5 OK for: next@14.2.5 want: 14.2.5
2025 silly placeDep ROOT @swc/helpers@0.5.5 OK for: next@14.2.5 want: 0.5.5
2026 silly placeDep ROOT busboy@1.6.0 OK for: next@14.2.5 want: 1.6.0
2027 silly placeDep ROOT graceful-fs@4.2.11 OK for: next@14.2.5 want: ^4.2.11
2028 silly placeDep node_modules/next postcss@8.4.31 OK for: next@14.2.5 want: 8.4.31
2029 silly placeDep ROOT styled-jsx@5.1.1 OK for: next@14.2.5 want: 5.1.1
2030 silly fetch manifest @swc/counter@^0.1.3
2031 silly packumentCache full:https://registry.npmjs.org/@swc%2fcounter cache-miss
2032 silly fetch manifest streamsearch@^1.1.0
2033 silly packumentCache full:https://registry.npmjs.org/streamsearch cache-miss
2034 silly fetch manifest nanoid@^3.3.6
2035 silly packumentCache full:https://registry.npmjs.org/nanoid cache-miss
2036 silly fetch manifest source-map-js@^1.0.2
2037 silly packumentCache full:https://registry.npmjs.org/source-map-js cache-miss
2038 silly fetch manifest client-only@0.0.1
2039 silly packumentCache full:https://registry.npmjs.org/client-only cache-miss
2040 http cache https://registry.npmjs.org/source-map-js 18ms (cache hit)
2041 silly packumentCache full:https://registry.npmjs.org/source-map-js set size:62640 disposed:false
2042 http cache https://registry.npmjs.org/nanoid 19ms (cache hit)
2043 silly packumentCache full:https://registry.npmjs.org/nanoid set size:300313 disposed:false
2044 http fetch GET 200 https://registry.npmjs.org/client-only 47ms (cache miss)
2045 silly packumentCache full:https://registry.npmjs.org/client-only set size:undefined disposed:false
2046 http fetch GET 200 https://registry.npmjs.org/streamsearch 196ms (cache miss)
2047 silly packumentCache full:https://registry.npmjs.org/streamsearch set size:undefined disposed:false
2048 http fetch GET 200 https://registry.npmjs.org/@swc%2fcounter 495ms (cache miss)
2049 silly packumentCache full:https://registry.npmjs.org/@swc%2fcounter set size:undefined disposed:false
2050 silly placeDep ROOT @swc/counter@0.1.3 OK for: @swc/helpers@0.5.5 want: ^0.1.3
2051 silly placeDep ROOT streamsearch@1.1.0 OK for: busboy@1.6.0 want: ^1.1.0
2052 silly placeDep ROOT deep-is@0.1.4 OK for: optionator@0.9.4 want: ^0.1.3
2053 silly placeDep ROOT fast-levenshtein@2.0.6 OK for: optionator@0.9.4 want: ^2.0.6
2054 silly placeDep ROOT word-wrap@1.2.5 OK for: optionator@0.9.4 want: ^1.2.5
2055 silly placeDep ROOT p-limit@3.1.0 OK for: p-locate@5.0.0 want: ^3.0.2
2056 silly fetch manifest yocto-queue@^0.1.0
2057 silly packumentCache full:https://registry.npmjs.org/yocto-queue cache-miss
2058 http fetch GET 200 https://registry.npmjs.org/yocto-queue 45ms (cache miss)
2059 silly packumentCache full:https://registry.npmjs.org/yocto-queue set size:undefined disposed:false
2060 silly placeDep ROOT yocto-queue@0.1.0 OK for: p-limit@3.1.0 want: ^0.1.0
2061 silly placeDep ROOT callsites@3.1.0 OK for: parent-module@1.0.1 want: ^3.0.0
2062 silly placeDep ROOT lru-cache@10.4.3 OK for: path-scurry@1.11.1 want: ^10.2.0
2063 silly placeDep ROOT nanoid@3.3.11 OK for: postcss@8.5.8 want: ^3.3.11
2064 silly placeDep ROOT source-map-js@1.2.1 OK for: postcss@8.5.8 want: ^1.2.1
2065 silly placeDep ROOT loose-envify@1.4.0 OK for: prop-types@15.8.1 want: ^1.4.0
2066 silly placeDep ROOT object-assign@4.1.1 OK for: prop-types@15.8.1 want: ^4.1.1
2067 silly placeDep ROOT react-is@16.13.1 OK for: prop-types@15.8.1 want: ^16.13.1
2068 silly fetch manifest js-tokens@^3.0.0 || ^4.0.0
2069 silly packumentCache full:https://registry.npmjs.org/js-tokens cache-miss
2070 http fetch GET 200 https://registry.npmjs.org/js-tokens 32ms (cache miss)
2071 silly packumentCache full:https://registry.npmjs.org/js-tokens set size:undefined disposed:false
2072 silly placeDep ROOT js-tokens@4.0.0 OK for: loose-envify@1.4.0 want: ^3.0.0 || ^4.0.0
2073 silly placeDep ROOT scheduler@0.23.2 OK for: react-dom@18.3.1 want: ^0.23.2
2074 silly placeDep ROOT node-exports-info@1.6.0 OK for: resolve@2.0.0-next.6 want: ^1.6.0
2075 silly placeDep ROOT path-parse@1.0.7 OK for: resolve@2.0.0-next.6 want: ^1.0.7
2076 silly placeDep ROOT supports-preserve-symlinks-flag@1.0.0 OK for: resolve@2.0.0-next.6 want: ^1.0.0
2077 silly placeDep node_modules/node-exports-info semver@6.3.1 OK for: node-exports-info@1.6.0 want: ^6.3.1
2078 silly placeDep node_modules/rimraf glob@7.2.3 OK for: rimraf@3.0.2 want: ^7.1.3
2079 silly fetch manifest once@^1.3.0
2080 silly packumentCache full:https://registry.npmjs.org/once cache-miss
2081 silly fetch manifest inflight@^1.0.4
2082 silly packumentCache full:https://registry.npmjs.org/inflight cache-miss
2083 silly fetch manifest inherits@2
2084 silly packumentCache full:https://registry.npmjs.org/inherits cache-miss
2085 silly fetch manifest fs.realpath@^1.0.0
2086 silly packumentCache full:https://registry.npmjs.org/fs.realpath cache-miss
2087 silly fetch manifest path-is-absolute@^1.0.0
2088 silly packumentCache full:https://registry.npmjs.org/path-is-absolute cache-miss
2089 http fetch GET 200 https://registry.npmjs.org/path-is-absolute 33ms (cache miss)
2090 silly packumentCache full:https://registry.npmjs.org/path-is-absolute set size:undefined disposed:false
2091 http fetch GET 200 https://registry.npmjs.org/once 34ms (cache miss)
2092 silly packumentCache full:https://registry.npmjs.org/once set size:undefined disposed:false
2093 http fetch GET 200 https://registry.npmjs.org/inherits 41ms (cache miss)
2094 silly packumentCache full:https://registry.npmjs.org/inherits set size:undefined disposed:false
2095 http fetch GET 200 https://registry.npmjs.org/inflight 43ms (cache miss)
2096 silly packumentCache full:https://registry.npmjs.org/inflight set size:undefined disposed:false
2097 http fetch GET 200 https://registry.npmjs.org/fs.realpath 43ms (cache miss)
2098 silly packumentCache full:https://registry.npmjs.org/fs.realpath set size:undefined disposed:false
2099 silly placeDep ROOT queue-microtask@1.2.3 OK for: run-parallel@1.2.0 want: ^1.2.2
2100 silly placeDep ROOT isarray@2.0.5 OK for: safe-array-concat@1.1.3 want: ^2.0.5
2101 silly placeDep ROOT shebang-regex@3.0.0 OK for: shebang-command@2.0.0 want: ^3.0.0
2102 silly placeDep ROOT side-channel-list@1.0.0 OK for: side-channel@1.1.0 want: ^1.0.0
2103 silly placeDep ROOT side-channel-map@1.0.1 OK for: side-channel@1.1.0 want: ^1.0.1
2104 silly placeDep ROOT side-channel-weakmap@1.0.2 OK for: side-channel@1.1.0 want: ^1.0.2
2105 silly placeDep ROOT eastasianwidth@0.2.0 OK for: string-width@5.1.2 want: ^0.2.0
2106 silly placeDep node_modules/string-width strip-ansi@7.2.0 OK for: string-width@5.1.2 want: ^7.0.1
2107 silly placeDep node_modules/string-width-cjs emoji-regex@8.0.0 OK for: string-width@4.2.3 want: ^8.0.0
2108 silly placeDep ROOT is-fullwidth-code-point@3.0.0 OK for: string-width@4.2.3 want: ^3.0.0
2109 silly placeDep ROOT ansi-regex@5.0.1 OK for: strip-ansi@6.0.1 want: ^5.0.1
2110 silly placeDep ROOT client-only@0.0.1 OK for: styled-jsx@5.1.1 want: 0.0.1
2111 silly placeDep ROOT has-flag@4.0.0 OK for: supports-color@7.2.0 want: ^4.0.0
2112 silly fetch manifest postcss@^8.4.47
2113 silly packumentCache full:https://registry.npmjs.org/postcss cache-hit
2114 silly fetch manifest tsx@^4.8.1
2115 silly packumentCache full:https://registry.npmjs.org/tsx cache-miss
2116 http fetch GET 200 https://registry.npmjs.org/tsx 37ms (cache miss)
2117 silly packumentCache full:https://registry.npmjs.org/tsx set size:undefined disposed:false
2118 silly fetch manifest yaml@^2.4.2
2119 silly packumentCache full:https://registry.npmjs.org/yaml cache-miss
2120 http fetch GET 200 https://registry.npmjs.org/yaml 45ms (cache miss)
2121 silly packumentCache full:https://registry.npmjs.org/yaml set size:undefined disposed:false
2122 silly placeDep ROOT @alloc/quick-lru@5.2.0 OK for: tailwindcss@3.4.19 want: ^5.2.0
2123 silly placeDep ROOT arg@5.0.2 OK for: tailwindcss@3.4.19 want: ^5.0.2
2124 silly placeDep ROOT chokidar@3.6.0 OK for: tailwindcss@3.4.19 want: ^3.6.0
2125 silly placeDep ROOT didyoumean@1.2.2 OK for: tailwindcss@3.4.19 want: ^1.2.2
2126 silly placeDep ROOT dlv@1.1.3 OK for: tailwindcss@3.4.19 want: ^1.1.3
2127 silly placeDep ROOT jiti@1.21.7 OK for: tailwindcss@3.4.19 want: ^1.21.7
2128 silly placeDep ROOT lilconfig@3.1.3 OK for: tailwindcss@3.4.19 want: ^3.1.3
2129 silly placeDep ROOT normalize-path@3.0.0 OK for: tailwindcss@3.4.19 want: ^3.0.0
2130 silly placeDep ROOT object-hash@3.0.0 OK for: tailwindcss@3.4.19 want: ^3.0.0
2131 silly placeDep ROOT postcss-import@15.1.0 OK for: tailwindcss@3.4.19 want: ^15.1.0
2132 silly placeDep ROOT postcss-js@4.1.0 OK for: tailwindcss@3.4.19 want: ^4.0.1
2133 silly placeDep ROOT postcss-load-config@6.0.1 OK for: tailwindcss@3.4.19 want: ^4.0.2 || ^5.0 || ^6.0
2134 silly placeDep ROOT postcss-nested@6.2.0 OK for: tailwindcss@3.4.19 want: ^6.2.0
2135 silly placeDep ROOT postcss-selector-parser@6.1.2 OK for: tailwindcss@3.4.19 want: ^6.1.2
2136 silly placeDep node_modules/tailwindcss resolve@1.22.11 OK for: tailwindcss@3.4.19 want: ^1.22.8
2137 silly placeDep ROOT sucrase@3.35.1 OK for: tailwindcss@3.4.19 want: ^3.35.0
2138 silly fetch manifest anymatch@~3.1.2
2139 silly packumentCache full:https://registry.npmjs.org/anymatch cache-miss
2140 silly fetch manifest readdirp@~3.6.0
2141 silly packumentCache full:https://registry.npmjs.org/readdirp cache-miss
2142 silly fetch manifest glob-parent@~5.1.2
2143 silly packumentCache full:https://registry.npmjs.org/glob-parent cache-hit
2144 silly fetch manifest is-binary-path@~2.1.0
2145 silly packumentCache full:https://registry.npmjs.org/is-binary-path cache-miss
2146 silly fetch manifest normalize-path@~3.0.0
2147 silly packumentCache full:https://registry.npmjs.org/normalize-path cache-miss
2148 silly fetch manifest fsevents@~2.3.2
2149 silly packumentCache full:https://registry.npmjs.org/fsevents cache-miss
2150 silly fetch manifest resolve@^1.1.7
2151 silly packumentCache full:https://registry.npmjs.org/resolve cache-hit
2152 silly fetch manifest read-cache@^1.0.0
2153 silly packumentCache full:https://registry.npmjs.org/read-cache cache-miss
2154 silly fetch manifest camelcase-css@^2.0.1
2155 silly packumentCache full:https://registry.npmjs.org/camelcase-css cache-miss
2156 http cache https://registry.npmjs.org/normalize-path 7ms (cache hit)
2157 silly packumentCache full:https://registry.npmjs.org/normalize-path set size:28713 disposed:false
2158 silly fetch manifest postcss-selector-parser@^6.1.1
2159 silly packumentCache full:https://registry.npmjs.org/postcss-selector-parser cache-miss
2160 http cache https://registry.npmjs.org/postcss-selector-parser 2ms (cache hit)
2161 silly packumentCache full:https://registry.npmjs.org/postcss-selector-parser set size:177140 disposed:false
2162 silly fetch manifest cssesc@^3.0.0
2163 silly packumentCache full:https://registry.npmjs.org/cssesc cache-miss
2164 http fetch GET 200 https://registry.npmjs.org/anymatch 39ms (cache miss)
2165 silly packumentCache full:https://registry.npmjs.org/anymatch set size:undefined disposed:false
2166 silly fetch manifest util-deprecate@^1.0.2
2167 silly packumentCache full:https://registry.npmjs.org/util-deprecate cache-miss
2168 http fetch GET 200 https://registry.npmjs.org/readdirp 44ms (cache miss)
2169 silly packumentCache full:https://registry.npmjs.org/readdirp set size:undefined disposed:false
2170 silly fetch manifest @jridgewell/gen-mapping@^0.3.2
2171 silly packumentCache full:https://registry.npmjs.org/@jridgewell%2fgen-mapping cache-miss
2172 http fetch GET 200 https://registry.npmjs.org/cssesc 36ms (cache miss)
2173 silly packumentCache full:https://registry.npmjs.org/cssesc set size:undefined disposed:false
2174 silly fetch manifest commander@^4.0.0
2175 silly packumentCache full:https://registry.npmjs.org/commander cache-miss
2176 http fetch GET 200 https://registry.npmjs.org/camelcase-css 49ms (cache miss)
2177 silly packumentCache full:https://registry.npmjs.org/camelcase-css set size:undefined disposed:false
2178 silly fetch manifest lines-and-columns@^1.1.6
2179 silly packumentCache full:https://registry.npmjs.org/lines-and-columns cache-miss
2180 http fetch GET 200 https://registry.npmjs.org/read-cache 52ms (cache miss)
2181 silly packumentCache full:https://registry.npmjs.org/read-cache set size:undefined disposed:false
2182 silly fetch manifest mz@^2.7.0
2183 silly packumentCache full:https://registry.npmjs.org/mz cache-miss
2184 http fetch GET 200 https://registry.npmjs.org/is-binary-path 54ms (cache miss)
2185 silly packumentCache full:https://registry.npmjs.org/is-binary-path set size:undefined disposed:false
2186 silly fetch manifest pirates@^4.0.1
2187 silly packumentCache full:https://registry.npmjs.org/pirates cache-miss
2188 http fetch GET 200 https://registry.npmjs.org/fsevents 55ms (cache miss)
2189 silly packumentCache full:https://registry.npmjs.org/fsevents set size:undefined disposed:false
2190 silly fetch manifest ts-interface-checker@^0.1.9
2191 silly packumentCache full:https://registry.npmjs.org/ts-interface-checker cache-miss
2192 http fetch GET 200 https://registry.npmjs.org/util-deprecate 31ms (cache miss)
2193 silly packumentCache full:https://registry.npmjs.org/util-deprecate set size:undefined disposed:false
2194 http fetch GET 200 https://registry.npmjs.org/commander 37ms (cache miss)
2195 silly packumentCache full:https://registry.npmjs.org/commander set size:undefined disposed:false
2196 http fetch GET 200 https://registry.npmjs.org/@jridgewell%2fgen-mapping 46ms (cache miss)
2197 silly packumentCache full:https://registry.npmjs.org/@jridgewell%2fgen-mapping set size:undefined disposed:false
2198 http fetch GET 200 https://registry.npmjs.org/pirates 41ms (cache miss)
2199 silly packumentCache full:https://registry.npmjs.org/pirates set size:undefined disposed:false
2200 http fetch GET 200 https://registry.npmjs.org/mz 44ms (cache miss)
2201 silly packumentCache full:https://registry.npmjs.org/mz set size:undefined disposed:false
2202 http fetch GET 200 https://registry.npmjs.org/ts-interface-checker 41ms (cache miss)
2203 silly packumentCache full:https://registry.npmjs.org/ts-interface-checker set size:undefined disposed:false
2204 http fetch GET 200 https://registry.npmjs.org/lines-and-columns 54ms (cache miss)
2205 silly packumentCache full:https://registry.npmjs.org/lines-and-columns set size:undefined disposed:false
2206 silly placeDep ROOT anymatch@3.1.3 OK for: chokidar@3.6.0 want: ~3.1.2
2207 silly placeDep ROOT fsevents@2.3.3 OK for: chokidar@3.6.0 want: ~2.3.2
2208 silly placeDep node_modules/chokidar glob-parent@5.1.2 OK for: chokidar@3.6.0 want: ~5.1.2
2209 silly placeDep ROOT is-binary-path@2.1.0 OK for: chokidar@3.6.0 want: ~2.1.0
2210 silly placeDep ROOT readdirp@3.6.0 OK for: chokidar@3.6.0 want: ~3.6.0
2211 silly fetch manifest binary-extensions@^2.0.0
2212 silly packumentCache full:https://registry.npmjs.org/binary-extensions cache-miss
2213 http fetch GET 200 https://registry.npmjs.org/binary-extensions 30ms (cache miss)
2214 silly packumentCache full:https://registry.npmjs.org/binary-extensions set size:undefined disposed:false
2215 silly placeDep ROOT binary-extensions@2.3.0 OK for: is-binary-path@2.1.0 want: ^2.0.0
2216 silly placeDep ROOT read-cache@1.0.0 OK for: postcss-import@15.1.0 want: ^1.0.0
2217 silly placeDep node_modules/postcss-import resolve@1.22.11 OK for: postcss-import@15.1.0 want: ^1.1.7
2218 silly fetch manifest pify@^2.3.0
2219 silly packumentCache full:https://registry.npmjs.org/pify cache-miss
2220 http fetch GET 200 https://registry.npmjs.org/pify 37ms (cache miss)
2221 silly packumentCache full:https://registry.npmjs.org/pify set size:undefined disposed:false
2222 silly placeDep ROOT camelcase-css@2.0.1 OK for: postcss-js@4.1.0 want: ^2.0.1
2223 silly placeDep ROOT cssesc@3.0.0 OK for: postcss-selector-parser@6.1.2 want: ^3.0.0
2224 silly placeDep ROOT util-deprecate@1.0.2 OK for: postcss-selector-parser@6.1.2 want: ^1.0.2
2225 silly placeDep ROOT pify@2.3.0 OK for: read-cache@1.0.0 want: ^2.3.0
2226 silly placeDep ROOT @jridgewell/gen-mapping@0.3.13 OK for: sucrase@3.35.1 want: ^0.3.2
2227 silly placeDep ROOT commander@4.1.1 OK for: sucrase@3.35.1 want: ^4.0.0
2228 silly placeDep ROOT lines-and-columns@1.2.4 OK for: sucrase@3.35.1 want: ^1.1.6
2229 silly placeDep ROOT mz@2.7.0 OK for: sucrase@3.35.1 want: ^2.7.0
2230 silly placeDep ROOT pirates@4.0.7 OK for: sucrase@3.35.1 want: ^4.0.1
2231 silly placeDep ROOT ts-interface-checker@0.1.13 OK for: sucrase@3.35.1 want: ^0.1.9
2232 silly fetch manifest @jridgewell/sourcemap-codec@^1.5.0
2233 silly packumentCache full:https://registry.npmjs.org/@jridgewell%2fsourcemap-codec cache-miss
2234 silly fetch manifest @jridgewell/trace-mapping@^0.3.24
2235 silly packumentCache full:https://registry.npmjs.org/@jridgewell%2ftrace-mapping cache-miss
2236 silly fetch manifest any-promise@^1.0.0
2237 silly packumentCache full:https://registry.npmjs.org/any-promise cache-miss
2238 silly fetch manifest thenify-all@^1.0.0
2239 silly packumentCache full:https://registry.npmjs.org/thenify-all cache-miss
2240 http fetch GET 200 https://registry.npmjs.org/any-promise 38ms (cache miss)
2241 silly packumentCache full:https://registry.npmjs.org/any-promise set size:undefined disposed:false
2242 http fetch GET 200 https://registry.npmjs.org/thenify-all 42ms (cache miss)
2243 silly packumentCache full:https://registry.npmjs.org/thenify-all set size:undefined disposed:false
2244 http fetch GET 200 https://registry.npmjs.org/@jridgewell%2fsourcemap-codec 44ms (cache miss)
2245 silly packumentCache full:https://registry.npmjs.org/@jridgewell%2fsourcemap-codec set size:undefined disposed:false
2246 http fetch GET 200 https://registry.npmjs.org/@jridgewell%2ftrace-mapping 89ms (cache miss)
2247 silly packumentCache full:https://registry.npmjs.org/@jridgewell%2ftrace-mapping set size:undefined disposed:false
2248 silly placeDep ROOT @jridgewell/sourcemap-codec@1.5.5 OK for: @jridgewell/gen-mapping@0.3.13 want: ^1.5.0
2249 silly placeDep ROOT @jridgewell/trace-mapping@0.3.31 OK for: @jridgewell/gen-mapping@0.3.13 want: ^0.3.24
2250 silly fetch manifest @jridgewell/resolve-uri@^3.1.0
2251 silly packumentCache full:https://registry.npmjs.org/@jridgewell%2fresolve-uri cache-miss
2252 http fetch GET 200 https://registry.npmjs.org/@jridgewell%2fresolve-uri 58ms (cache miss)
2253 silly packumentCache full:https://registry.npmjs.org/@jridgewell%2fresolve-uri set size:undefined disposed:false
2254 silly placeDep ROOT @jridgewell/resolve-uri@3.1.2 OK for: @jridgewell/trace-mapping@0.3.31 want: ^3.1.0
2255 silly placeDep ROOT any-promise@1.3.0 OK for: mz@2.7.0 want: ^1.0.0
2256 silly placeDep ROOT thenify-all@1.6.0 OK for: mz@2.7.0 want: ^1.0.0
2257 silly fetch manifest thenify@>= 3.1.0 < 4
2258 silly packumentCache full:https://registry.npmjs.org/thenify cache-miss
2259 http fetch GET 200 https://registry.npmjs.org/thenify 32ms (cache miss)
2260 silly packumentCache full:https://registry.npmjs.org/thenify set size:undefined disposed:false
2261 silly placeDep ROOT thenify@3.3.1 OK for: thenify-all@1.6.0 want: >= 3.1.0 < 4
2262 silly placeDep node_modules/tinyglobby fdir@6.5.0 OK for: tinyglobby@0.2.15 want: ^6.5.0
2263 silly placeDep node_modules/tinyglobby picomatch@4.0.4 OK for: fdir@6.5.0 want: ^3 || ^4
2264 silly placeDep ROOT is-number@7.0.0 OK for: to-regex-range@5.0.1 want: ^7.0.0
2265 silly placeDep ROOT @types/json5@0.0.29 OK for: tsconfig-paths@3.15.0 want: ^0.0.29
2266 silly placeDep ROOT json5@1.0.2 OK for: tsconfig-paths@3.15.0 want: ^1.0.2
2267 silly placeDep ROOT minimist@1.2.8 OK for: tsconfig-paths@3.15.0 want: ^1.2.6
2268 silly placeDep ROOT strip-bom@3.0.0 OK for: tsconfig-paths@3.15.0 want: ^3.0.0
2269 silly fetch manifest minimist@^1.2.0
2270 silly packumentCache full:https://registry.npmjs.org/minimist cache-miss
2271 http cache https://registry.npmjs.org/minimist 6ms (cache hit)
2272 silly packumentCache full:https://registry.npmjs.org/minimist set size:77063 disposed:false
2273 silly placeDep ROOT for-each@0.3.5 OK for: typed-array-byte-length@1.0.3 want: ^0.3.3
2274 silly placeDep ROOT reflect.getprototypeof@1.0.10 OK for: typed-array-byte-offset@1.0.4 want: ^1.0.9
2275 silly fetch manifest which-builtin-type@^1.2.1
2276 silly packumentCache full:https://registry.npmjs.org/which-builtin-type cache-miss
2277 http fetch GET 200 https://registry.npmjs.org/which-builtin-type 34ms (cache miss)
2278 silly packumentCache full:https://registry.npmjs.org/which-builtin-type set size:undefined disposed:false
2279 silly placeDep ROOT which-builtin-type@1.2.1 OK for: reflect.getprototypeof@1.0.10 want: ^1.2.1
2280 silly fetch manifest is-async-function@^2.0.0
2281 silly packumentCache full:https://registry.npmjs.org/is-async-function cache-miss
2282 silly fetch manifest is-finalizationregistry@^1.1.0
2283 silly packumentCache full:https://registry.npmjs.org/is-finalizationregistry cache-miss
2284 silly fetch manifest is-generator-function@^1.0.10
2285 silly packumentCache full:https://registry.npmjs.org/is-generator-function cache-miss
2286 silly fetch manifest which-boxed-primitive@^1.1.0
2287 silly packumentCache full:https://registry.npmjs.org/which-boxed-primitive cache-miss
2288 silly fetch manifest which-collection@^1.0.2
2289 silly packumentCache full:https://registry.npmjs.org/which-collection cache-miss
2290 http cache https://registry.npmjs.org/which-boxed-primitive 7ms (cache hit)
2291 silly packumentCache full:https://registry.npmjs.org/which-boxed-primitive set size:19407 disposed:false
2292 http fetch GET 200 https://registry.npmjs.org/is-async-function 39ms (cache miss)
2293 silly packumentCache full:https://registry.npmjs.org/is-async-function set size:undefined disposed:false
2294 http fetch GET 200 https://registry.npmjs.org/is-generator-function 40ms (cache miss)
2295 silly packumentCache full:https://registry.npmjs.org/is-generator-function set size:undefined disposed:false
2296 http fetch GET 200 https://registry.npmjs.org/which-collection 51ms (cache miss)
2297 silly packumentCache full:https://registry.npmjs.org/which-collection set size:undefined disposed:false
2298 http fetch GET 200 https://registry.npmjs.org/is-finalizationregistry 52ms (cache miss)
2299 silly packumentCache full:https://registry.npmjs.org/is-finalizationregistry set size:undefined disposed:false
2300 silly placeDep ROOT has-bigints@1.1.0 OK for: unbox-primitive@1.1.0 want: ^1.0.2
2301 silly placeDep ROOT which-boxed-primitive@1.1.1 OK for: unbox-primitive@1.1.0 want: ^1.1.1
2302 silly fetch manifest is-bigint@^1.1.0
2303 silly packumentCache full:https://registry.npmjs.org/is-bigint cache-miss
2304 silly fetch manifest is-boolean-object@^1.2.1
2305 silly packumentCache full:https://registry.npmjs.org/is-boolean-object cache-miss
2306 silly fetch manifest is-number-object@^1.1.1
2307 silly packumentCache full:https://registry.npmjs.org/is-number-object cache-miss
2308 http fetch GET 200 https://registry.npmjs.org/is-bigint 50ms (cache miss)
2309 silly packumentCache full:https://registry.npmjs.org/is-bigint set size:undefined disposed:false
2310 http fetch GET 200 https://registry.npmjs.org/is-number-object 50ms (cache miss)
2311 silly packumentCache full:https://registry.npmjs.org/is-number-object set size:undefined disposed:false
2312 http fetch GET 200 https://registry.npmjs.org/is-boolean-object 51ms (cache miss)
2313 silly packumentCache full:https://registry.npmjs.org/is-boolean-object set size:undefined disposed:false
2314 silly placeDep ROOT @unrs/resolver-binding-android-arm-eabi@1.11.1 OK for: unrs-resolver@1.11.1 want: 1.11.1
2315 silly placeDep ROOT @unrs/resolver-binding-android-arm64@1.11.1 OK for: unrs-resolver@1.11.1 want: 1.11.1
2316 silly placeDep ROOT @unrs/resolver-binding-darwin-arm64@1.11.1 OK for: unrs-resolver@1.11.1 want: 1.11.1
2317 silly placeDep ROOT @unrs/resolver-binding-darwin-x64@1.11.1 OK for: unrs-resolver@1.11.1 want: 1.11.1
2318 silly placeDep ROOT @unrs/resolver-binding-freebsd-x64@1.11.1 OK for: unrs-resolver@1.11.1 want: 1.11.1
2319 silly placeDep ROOT @unrs/resolver-binding-linux-arm-gnueabihf@1.11.1 OK for: unrs-resolver@1.11.1 want: 1.11.1
2320 silly placeDep ROOT @unrs/resolver-binding-linux-arm-musleabihf@1.11.1 OK for: unrs-resolver@1.11.1 want: 1.11.1
2321 silly placeDep ROOT @unrs/resolver-binding-linux-arm64-gnu@1.11.1 OK for: unrs-resolver@1.11.1 want: 1.11.1
2322 silly placeDep ROOT @unrs/resolver-binding-linux-arm64-musl@1.11.1 OK for: unrs-resolver@1.11.1 want: 1.11.1
2323 silly placeDep ROOT @unrs/resolver-binding-linux-ppc64-gnu@1.11.1 OK for: unrs-resolver@1.11.1 want: 1.11.1
2324 silly placeDep ROOT @unrs/resolver-binding-linux-riscv64-gnu@1.11.1 OK for: unrs-resolver@1.11.1 want: 1.11.1
2325 silly placeDep ROOT @unrs/resolver-binding-linux-riscv64-musl@1.11.1 OK for: unrs-resolver@1.11.1 want: 1.11.1
2326 silly placeDep ROOT @unrs/resolver-binding-linux-s390x-gnu@1.11.1 OK for: unrs-resolver@1.11.1 want: 1.11.1
2327 silly placeDep ROOT @unrs/resolver-binding-linux-x64-gnu@1.11.1 OK for: unrs-resolver@1.11.1 want: 1.11.1
2328 silly placeDep ROOT @unrs/resolver-binding-linux-x64-musl@1.11.1 OK for: unrs-resolver@1.11.1 want: 1.11.1
2329 silly placeDep ROOT @unrs/resolver-binding-wasm32-wasi@1.11.1 OK for: unrs-resolver@1.11.1 want: 1.11.1
2330 silly placeDep ROOT @unrs/resolver-binding-win32-arm64-msvc@1.11.1 OK for: unrs-resolver@1.11.1 want: 1.11.1
2331 silly placeDep ROOT @unrs/resolver-binding-win32-ia32-msvc@1.11.1 OK for: unrs-resolver@1.11.1 want: 1.11.1
2332 silly placeDep ROOT @unrs/resolver-binding-win32-x64-msvc@1.11.1 OK for: unrs-resolver@1.11.1 want: 1.11.1
2333 silly placeDep ROOT napi-postinstall@0.3.4 OK for: unrs-resolver@1.11.1 want: ^0.3.0
2334 silly fetch manifest @napi-rs/wasm-runtime@^0.2.11
2335 silly packumentCache full:https://registry.npmjs.org/@napi-rs%2fwasm-runtime cache-miss
2336 http fetch GET 200 https://registry.npmjs.org/@napi-rs%2fwasm-runtime 51ms (cache miss)
2337 silly packumentCache full:https://registry.npmjs.org/@napi-rs%2fwasm-runtime set size:undefined disposed:false
2338 silly placeDep ROOT @napi-rs/wasm-runtime@0.2.12 OK for: @unrs/resolver-binding-wasm32-wasi@1.11.1 want: ^0.2.11
2339 silly fetch manifest @emnapi/core@^1.4.3
2340 silly packumentCache full:https://registry.npmjs.org/@emnapi%2fcore cache-miss
2341 silly fetch manifest @emnapi/runtime@^1.4.3
2342 silly packumentCache full:https://registry.npmjs.org/@emnapi%2fruntime cache-miss
2343 silly fetch manifest @tybys/wasm-util@^0.10.0
2344 silly packumentCache full:https://registry.npmjs.org/@tybys%2fwasm-util cache-miss
2345 http fetch GET 200 https://registry.npmjs.org/@emnapi%2fcore 47ms (cache miss)
2346 silly packumentCache full:https://registry.npmjs.org/@emnapi%2fcore set size:undefined disposed:false
2347 http fetch GET 200 https://registry.npmjs.org/@tybys%2fwasm-util 57ms (cache miss)
2348 silly packumentCache full:https://registry.npmjs.org/@tybys%2fwasm-util set size:undefined disposed:false
2349 http fetch GET 200 https://registry.npmjs.org/@emnapi%2fruntime 76ms (cache miss)
2350 silly packumentCache full:https://registry.npmjs.org/@emnapi%2fruntime set size:undefined disposed:false
2351 silly placeDep ROOT @emnapi/core@1.9.2 OK for: @napi-rs/wasm-runtime@0.2.12 want: ^1.4.3
2352 silly placeDep ROOT @emnapi/runtime@1.9.2 OK for: @napi-rs/wasm-runtime@0.2.12 want: ^1.4.3
2353 silly placeDep ROOT @tybys/wasm-util@0.10.1 OK for: @napi-rs/wasm-runtime@0.2.12 want: ^0.10.0
2354 silly fetch manifest @emnapi/wasi-threads@1.2.1
2355 silly packumentCache full:https://registry.npmjs.org/@emnapi%2fwasi-threads cache-miss
2356 http fetch GET 200 https://registry.npmjs.org/@emnapi%2fwasi-threads 42ms (cache miss)
2357 silly packumentCache full:https://registry.npmjs.org/@emnapi%2fwasi-threads set size:undefined disposed:false
2358 silly placeDep ROOT @emnapi/wasi-threads@1.2.1 OK for: @emnapi/core@1.9.2 want: 1.2.1
2359 silly placeDep ROOT escalade@3.2.0 OK for: update-browserslist-db@1.2.3 want: ^3.2.0
2360 silly placeDep ROOT punycode@2.3.1 OK for: uri-js@4.4.1 want: ^2.1.0
2361 silly placeDep ROOT isexe@2.0.0 OK for: which@2.0.2 want: ^2.0.0
2362 silly placeDep ROOT is-bigint@1.1.0 OK for: which-boxed-primitive@1.1.1 want: ^1.1.0
2363 silly placeDep ROOT is-boolean-object@1.2.2 OK for: which-boxed-primitive@1.1.1 want: ^1.2.1
2364 silly placeDep ROOT is-number-object@1.1.1 OK for: which-boxed-primitive@1.1.1 want: ^1.1.1
2365 silly placeDep ROOT is-async-function@2.1.1 OK for: which-builtin-type@1.2.1 want: ^2.0.0
2366 silly placeDep ROOT is-finalizationregistry@1.1.1 OK for: which-builtin-type@1.2.1 want: ^1.1.0
2367 silly placeDep ROOT is-generator-function@1.1.2 OK for: which-builtin-type@1.2.1 want: ^1.0.10
2368 silly placeDep ROOT which-collection@1.0.2 OK for: which-builtin-type@1.2.1 want: ^1.0.2
2369 silly fetch manifest async-function@^1.0.0
2370 silly packumentCache full:https://registry.npmjs.org/async-function cache-miss
2371 silly fetch manifest generator-function@^2.0.0
2372 silly packumentCache full:https://registry.npmjs.org/generator-function cache-miss
2373 silly fetch manifest is-map@^2.0.3
2374 silly packumentCache full:https://registry.npmjs.org/is-map cache-miss
2375 silly fetch manifest is-weakmap@^2.0.2
2376 silly packumentCache full:https://registry.npmjs.org/is-weakmap cache-miss
2377 silly fetch manifest is-weakset@^2.0.3
2378 silly packumentCache full:https://registry.npmjs.org/is-weakset cache-miss
2379 http fetch GET 200 https://registry.npmjs.org/async-function 43ms (cache miss)
2380 silly packumentCache full:https://registry.npmjs.org/async-function set size:undefined disposed:false
2381 http fetch GET 200 https://registry.npmjs.org/is-weakmap 50ms (cache miss)
2382 silly packumentCache full:https://registry.npmjs.org/is-weakmap set size:undefined disposed:false
2383 http fetch GET 200 https://registry.npmjs.org/generator-function 53ms (cache miss)
2384 silly packumentCache full:https://registry.npmjs.org/generator-function set size:undefined disposed:false
2385 http fetch GET 200 https://registry.npmjs.org/is-weakset 46ms (cache miss)
2386 silly packumentCache full:https://registry.npmjs.org/is-weakset set size:undefined disposed:false
2387 http fetch GET 200 https://registry.npmjs.org/is-map 66ms (cache miss)
2388 silly packumentCache full:https://registry.npmjs.org/is-map set size:undefined disposed:false
2389 silly placeDep ROOT async-function@1.0.0 OK for: is-async-function@2.1.1 want: ^1.0.0
2390 silly placeDep ROOT generator-function@2.0.1 OK for: is-generator-function@1.1.2 want: ^2.0.0
2391 silly placeDep ROOT is-map@2.0.3 OK for: which-collection@1.0.2 want: ^2.0.3
2392 silly placeDep ROOT is-weakmap@2.0.2 OK for: which-collection@1.0.2 want: ^2.0.2
2393 silly placeDep ROOT is-weakset@2.0.4 OK for: which-collection@1.0.2 want: ^2.0.3
2394 silly placeDep node_modules/wrap-ansi ansi-styles@6.2.3 OK for: wrap-ansi@8.1.0 want: ^6.1.0
2395 silly placeDep node_modules/wrap-ansi strip-ansi@7.2.0 OK for: wrap-ansi@8.1.0 want: ^7.0.1
2396 silly placeDep node_modules/wrap-ansi-cjs string-width@4.2.3 OK for: wrap-ansi@7.0.0 want: ^4.1.0
2397 silly placeDep node_modules/@isaacs/cliui ansi-regex@6.2.2 OK for: strip-ansi@7.2.0 want: ^6.2.2
2398 silly placeDep node_modules/@typescript-eslint/typescript-estree brace-expansion@2.0.3 OK for: minimatch@9.0.3 want: ^2.0.1
2399 silly placeDep node_modules/glob brace-expansion@2.0.3 OK for: minimatch@9.0.9 want: ^2.0.2
2400 silly placeDep ROOT fs.realpath@1.0.0 OK for: glob@7.2.3 want: ^1.0.0
2401 silly placeDep ROOT inflight@1.0.6 OK for: glob@7.2.3 want: ^1.0.4
2402 silly placeDep ROOT inherits@2.0.4 OK for: glob@7.2.3 want: 2
2403 silly placeDep ROOT once@1.4.0 OK for: glob@7.2.3 want: ^1.3.0
2404 silly placeDep ROOT path-is-absolute@1.0.1 OK for: glob@7.2.3 want: ^1.0.0
2405 silly fetch manifest wrappy@1
2406 silly packumentCache full:https://registry.npmjs.org/wrappy cache-miss
2407 silly fetch manifest wrappy@1
2408 silly packumentCache full:https://registry.npmjs.org/wrappy cache-miss
2409 http fetch GET 200 https://registry.npmjs.org/wrappy 41ms (cache miss)
2410 silly packumentCache full:https://registry.npmjs.org/wrappy set size:undefined disposed:false
2411 http fetch GET 200 https://registry.npmjs.org/wrappy 45ms (cache miss)
2412 silly packumentCache full:https://registry.npmjs.org/wrappy set size:undefined disposed:false
2413 silly placeDep ROOT wrappy@1.0.2 OK for: inflight@1.0.6 want: 1
2414 silly placeDep node_modules/string-width ansi-regex@6.2.2 OK for: strip-ansi@7.2.0 want: ^6.2.2
2415 silly placeDep node_modules/wrap-ansi-cjs emoji-regex@8.0.0 OK for: string-width@4.2.3 want: ^8.0.0
2416 silly placeDep node_modules/wrap-ansi ansi-regex@6.2.2 OK for: strip-ansi@7.2.0 want: ^6.2.2
2417 silly reify moves {}
2418 silly audit bulk request {
2418 silly audit   '@supabase/supabase-js': [ '2.101.1' ],
2418 silly audit   '@types/node': [ '20.19.37' ],
2418 silly audit   '@types/react': [ '18.3.28' ],
2418 silly audit   '@types/react-dom': [ '18.3.7' ],
2418 silly audit   autoprefixer: [ '10.4.27' ],
2418 silly audit   postcss: [ '8.5.8', '8.4.31' ],
2418 silly audit   eslint: [ '8.57.1' ],
2418 silly audit   'eslint-config-next': [ '14.2.5' ],
2418 silly audit   next: [ '14.2.5' ],
2418 silly audit   react: [ '18.3.1' ],
2418 silly audit   'react-dom': [ '18.3.1' ],
2418 silly audit   tailwindcss: [ '3.4.19' ],
2418 silly audit   typescript: [ '5.9.3' ],
2418 silly audit   zod: [ '3.25.76' ],
2418 silly audit   '@supabase/auth-js': [ '2.101.1' ],
2418 silly audit   '@supabase/functions-js': [ '2.101.1' ],
2418 silly audit   '@supabase/postgrest-js': [ '2.101.1' ],
2418 silly audit   '@supabase/realtime-js': [ '2.101.1' ],
2418 silly audit   '@supabase/storage-js': [ '2.101.1' ],
2418 silly audit   tslib: [ '2.8.1' ],
2418 silly audit   '@supabase/phoenix': [ '0.4.0' ],
2418 silly audit   '@types/ws': [ '8.18.1' ],
2418 silly audit   ws: [ '8.20.0' ],
2418 silly audit   'iceberg-js': [ '0.8.1' ],
2418 silly audit   'undici-types': [ '6.21.0' ],
2418 silly audit   '@types/prop-types': [ '15.7.15' ],
2418 silly audit   csstype: [ '3.2.3' ],
2418 silly audit   browserslist: [ '4.28.2' ],
2418 silly audit   'caniuse-lite': [ '1.0.30001784' ],
2418 silly audit   'fraction.js': [ '5.3.4' ],
2418 silly audit   picocolors: [ '1.1.1' ],
2418 silly audit   'postcss-value-parser': [ '4.2.0' ],
2418 silly audit   'baseline-browser-mapping': [ '2.10.13' ],
2418 silly audit   'electron-to-chromium': [ '1.5.331' ],
2418 silly audit   'node-releases': [ '2.0.37' ],
2418 silly audit   'update-browserslist-db': [ '1.2.3' ],
2418 silly audit   '@eslint-community/eslint-utils': [ '4.9.1' ],
2418 silly audit   '@eslint-community/regexpp': [ '4.12.2' ],
2418 silly audit   '@eslint/eslintrc': [ '2.1.4' ],
2418 silly audit   '@eslint/js': [ '8.57.1' ],
2418 silly audit   '@humanwhocodes/config-array': [ '0.13.0' ],
2418 silly audit   '@humanwhocodes/module-importer': [ '1.0.1' ],
2418 silly audit   '@nodelib/fs.walk': [ '1.2.8' ],
2418 silly audit   '@ungap/structured-clone': [ '1.3.0' ],
2418 silly audit   ajv: [ '6.14.0' ],
2418 silly audit   chalk: [ '4.1.2' ],
2418 silly audit   'cross-spawn': [ '7.0.6' ],
2418 silly audit   debug: [ '4.4.3', '3.2.7' ],
2418 silly audit   doctrine: [ '3.0.0', '2.1.0' ],
2418 silly audit   'escape-string-regexp': [ '4.0.0' ],
2418 silly audit   'eslint-scope': [ '7.2.2' ],
2418 silly audit   'eslint-visitor-keys': [ '3.4.3' ],
2418 silly audit   espree: [ '9.6.1' ],
2418 silly audit   esquery: [ '1.7.0' ],
2418 silly audit   esutils: [ '2.0.3' ],
2418 silly audit   'fast-deep-equal': [ '3.1.3' ],
2418 silly audit   'file-entry-cache': [ '6.0.1' ],
2418 silly audit   'find-up': [ '5.0.0' ],
2418 silly audit   'glob-parent': [ '6.0.2', '5.1.2' ],
2418 silly audit   globals: [ '13.24.0' ],
2418 silly audit   graphemer: [ '1.4.0' ],
2418 silly audit   ignore: [ '5.3.2' ],
2418 silly audit   imurmurhash: [ '0.1.4' ],
2418 silly audit   'is-glob': [ '4.0.3' ],
2418 silly audit   'is-path-inside': [ '3.0.3' ],
2418 silly audit   'js-yaml': [ '4.1.1' ],
2418 silly audit   'json-stable-stringify-without-jsonify': [ '1.0.1' ],
2418 silly audit   levn: [ '0.4.1' ],
2418 silly audit   'lodash.merge': [ '4.6.2' ],
2418 silly audit   minimatch: [ '3.1.5', '9.0.3', '9.0.9' ],
2418 silly audit   'natural-compare': [ '1.4.0' ],
2418 silly audit   optionator: [ '0.9.4' ],
2418 silly audit   'strip-ansi': [ '6.0.1', '7.2.0' ],
2418 silly audit   'text-table': [ '0.2.0' ],
2418 silly audit   'import-fresh': [ '3.3.1' ],
2418 silly audit   'strip-json-comments': [ '3.1.1' ],
2418 silly audit   '@humanwhocodes/object-schema': [ '2.0.3' ],
2418 silly audit   '@nodelib/fs.scandir': [ '2.1.5' ],
2418 silly audit   fastq: [ '1.20.1' ],
2418 silly audit   '@nodelib/fs.stat': [ '2.0.5' ],
2418 silly audit   'run-parallel': [ '1.2.0' ],
2418 silly audit   'fast-json-stable-stringify': [ '2.1.0' ],
2418 silly audit   'json-schema-traverse': [ '0.4.1' ],
2418 silly audit   'uri-js': [ '4.4.1' ],
2418 silly audit   'ansi-styles': [ '4.3.0', '6.2.3' ],
2418 silly audit   'supports-color': [ '7.2.0' ],
2418 silly audit   'color-convert': [ '2.0.1' ],
2418 silly audit   'color-name': [ '1.1.4' ],
2418 silly audit   'path-key': [ '3.1.1' ],
2418 silly audit   'shebang-command': [ '2.0.0' ],
2418 silly audit   which: [ '2.0.2' ],
2418 silly audit   ms: [ '2.1.3' ],
2418 silly audit   '@next/eslint-plugin-next': [ '14.2.5' ],
2418 silly audit   '@rushstack/eslint-patch': [ '1.16.1' ],
2418 silly audit   '@typescript-eslint/parser': [ '7.2.0' ],
2418 silly audit   'eslint-import-resolver-node': [ '0.3.10' ],
2418 silly audit   'eslint-import-resolver-typescript': [ '3.10.1' ],
2418 silly audit   'eslint-plugin-import': [ '2.32.0' ],
2418 silly audit   'eslint-plugin-jsx-a11y': [ '6.10.2' ],
2418 silly audit   'eslint-plugin-react': [ '7.37.5' ],
2418 silly audit   'eslint-plugin-react-hooks': [ '5.0.0-canary-7118f5dd7-20230705' ],
2418 silly audit   glob: [ '10.3.10', '7.2.3' ],
2418 silly audit   '@typescript-eslint/scope-manager': [ '7.2.0' ],
2418 silly audit   '@typescript-eslint/types': [ '7.2.0' ],
2418 silly audit   '@typescript-eslint/typescript-estree': [ '7.2.0' ],
2418 silly audit   '@typescript-eslint/visitor-keys': [ '7.2.0' ],
2418 silly audit   globby: [ '11.1.0' ],
2418 silly audit   semver: [ '7.7.4', '6.3.1' ],
2418 silly audit   'ts-api-utils': [ '1.4.3' ],
2418 silly audit   'is-core-module': [ '2.16.1' ],
2418 silly audit   resolve: [ '2.0.0-next.6', '1.22.11' ],
2418 silly audit   '@nolyfill/is-core-module': [ '1.0.39' ],
2418 silly audit   'get-tsconfig': [ '4.13.7' ],
2418 silly audit   'is-bun-module': [ '2.0.0' ],
2418 silly audit   'stable-hash': [ '0.0.5' ],
2418 silly audit   tinyglobby: [ '0.2.15' ],
2418 silly audit   'unrs-resolver': [ '1.11.1' ],
2418 silly audit   '@rtsao/scc': [ '1.1.0' ],
2418 silly audit   'array-includes': [ '3.1.9' ],
2418 silly audit   'array.prototype.findlastindex': [ '1.2.6' ],
2418 silly audit   'array.prototype.flat': [ '1.3.3' ],
2418 silly audit   'array.prototype.flatmap': [ '1.3.3' ],
2418 silly audit   'eslint-module-utils': [ '2.12.1' ],
2418 silly audit   hasown: [ '2.0.2' ],
2418 silly audit   'object.fromentries': [ '2.0.8' ],
2418 silly audit   'object.groupby': [ '1.0.3' ],
2418 silly audit   'object.values': [ '1.2.1' ],
2418 silly audit   'string.prototype.trimend': [ '1.0.9' ],
2418 silly audit   'tsconfig-paths': [ '3.15.0' ],
2418 silly audit   'call-bind': [ '1.0.8' ],
2418 silly audit   'call-bound': [ '1.0.4' ],
2418 silly audit   'define-properties': [ '1.2.1' ],
2418 silly audit   'es-abstract': [ '1.24.1' ],
2418 silly audit   'es-object-atoms': [ '1.1.1' ],
2418 silly audit   'get-intrinsic': [ '1.3.0' ],
2418 silly audit   'is-string': [ '1.1.1' ],
2418 silly audit   'math-intrinsics': [ '1.1.0' ],
2418 silly audit   'es-errors': [ '1.3.0' ],
2418 silly audit   'es-shim-unscopables': [ '1.1.0' ],
2418 silly audit   'call-bind-apply-helpers': [ '1.0.2' ],
2418 silly audit   'es-define-property': [ '1.0.1' ],
2418 silly audit   'set-function-length': [ '1.2.2' ],
2418 silly audit   'function-bind': [ '1.1.2' ],
2418 silly audit   'define-data-property': [ '1.1.4' ],
2418 silly audit   'has-property-descriptors': [ '1.0.2' ],
2418 silly audit   'object-keys': [ '1.1.1' ],
2418 silly audit   gopd: [ '1.2.0' ],
2418 silly audit   'array-buffer-byte-length': [ '1.0.2' ],
2418 silly audit   'arraybuffer.prototype.slice': [ '1.0.4' ],
2418 silly audit   'available-typed-arrays': [ '1.0.7' ],
2418 silly audit   'data-view-buffer': [ '1.0.2' ],
2418 silly audit   'data-view-byte-length': [ '1.0.2' ],
2418 silly audit   'data-view-byte-offset': [ '1.0.1' ],
2418 silly audit   'es-set-tostringtag': [ '2.1.0' ],
2418 silly audit   'es-to-primitive': [ '1.3.0' ],
2418 silly audit   'function.prototype.name': [ '1.1.8' ],
2418 silly audit   'get-proto': [ '1.0.1' ],
2418 silly audit   'get-symbol-description': [ '1.1.0' ],
2418 silly audit   globalthis: [ '1.0.4' ],
2418 silly audit   'has-proto': [ '1.2.0' ],
2418 silly audit   'has-symbols': [ '1.1.0' ],
2418 silly audit   'internal-slot': [ '1.1.0' ],
2418 silly audit   'is-array-buffer': [ '3.0.5' ],
2418 silly audit   'is-callable': [ '1.2.7' ],
2418 silly audit   'is-data-view': [ '1.0.2' ],
2418 silly audit   'is-negative-zero': [ '2.0.3' ],
2418 silly audit   'is-regex': [ '1.2.1' ],
2418 silly audit   'is-set': [ '2.0.3' ],
2418 silly audit   'is-shared-array-buffer': [ '1.0.4' ],
2418 silly audit   'is-typed-array': [ '1.1.15' ],
2418 silly audit   'is-weakref': [ '1.1.1' ],
2418 silly audit   'object-inspect': [ '1.13.4' ],
2418 silly audit   'object.assign': [ '4.1.7' ],
2418 silly audit   'own-keys': [ '1.0.1' ],
2418 silly audit   'regexp.prototype.flags': [ '1.5.4' ],
2418 silly audit   'safe-array-concat': [ '1.1.3' ],
2418 silly audit   'safe-push-apply': [ '1.0.0' ],
2418 silly audit   'safe-regex-test': [ '1.1.0' ],
2418 silly audit   'set-proto': [ '1.0.0' ],
2418 silly audit   'stop-iteration-iterator': [ '1.1.0' ],
2418 silly audit   'string.prototype.trim': [ '1.2.10' ],
2418 silly audit   'string.prototype.trimstart': [ '1.0.8' ],
2418 silly audit   'typed-array-buffer': [ '1.0.3' ],
2418 silly audit   'typed-array-byte-length': [ '1.0.3' ],
2418 silly audit   'typed-array-byte-offset': [ '1.0.4' ],
2418 silly audit   'typed-array-length': [ '1.0.7' ],
2418 silly audit   'unbox-primitive': [ '1.1.0' ],
2418 silly audit   'which-typed-array': [ '1.1.20' ],
2418 silly audit   'possible-typed-array-names': [ '1.1.0' ],
2418 silly audit   'has-tostringtag': [ '1.0.2' ],
2418 silly audit   'is-date-object': [ '1.1.0' ],
2418 silly audit   'is-symbol': [ '1.1.1' ],
2418 silly audit   'aria-query': [ '5.3.2' ],
2418 silly audit   'ast-types-flow': [ '0.0.8' ],
2418 silly audit   'axe-core': [ '4.11.2' ],
2418 silly audit   'axobject-query': [ '4.1.0' ],
2418 silly audit   'damerau-levenshtein': [ '1.0.8' ],
2418 silly audit   'emoji-regex': [ '9.2.2', '8.0.0' ],
2418 silly audit   'jsx-ast-utils': [ '3.3.5' ],
2418 silly audit   'language-tags': [ '1.0.9' ],
2418 silly audit   'string.prototype.includes': [ '2.0.1' ],
2418 silly audit   'array.prototype.findlast': [ '1.2.5' ],
2418 silly audit   'array.prototype.tosorted': [ '1.1.4' ],
2418 silly audit   'es-iterator-helpers': [ '1.3.1' ],
2418 silly audit   estraverse: [ '5.3.0' ],
2418 silly audit   'object.entries': [ '1.1.9' ],
2418 silly audit   'prop-types': [ '15.8.1' ],
2418 silly audit   'string.prototype.matchall': [ '4.0.12' ],
2418 silly audit   'string.prototype.repeat': [ '1.0.0' ],
2418 silly audit   'iterator.prototype': [ '1.1.5' ],
2418 silly audit   esrecurse: [ '4.3.0' ],
2418 silly audit   acorn: [ '8.16.0' ],
2418 silly audit   'acorn-jsx': [ '5.3.2' ],
2418 silly audit   reusify: [ '1.1.0' ],
2418 silly audit   'flat-cache': [ '3.2.0' ],
2418 silly audit   'locate-path': [ '6.0.0' ],
2418 silly audit   'path-exists': [ '4.0.0' ],
2418 silly audit   flatted: [ '3.4.2' ],
2418 silly audit   keyv: [ '4.5.4' ],
2418 silly audit   rimraf: [ '3.0.2' ],
2418 silly audit   'functions-have-names': [ '1.2.3' ],
2418 silly audit   'dunder-proto': [ '1.0.1' ],
2418 silly audit   'resolve-pkg-maps': [ '1.0.0' ],
2418 silly audit   'foreground-child': [ '3.3.1' ],
2418 silly audit   jackspeak: [ '2.3.6' ],
2418 silly audit   minipass: [ '7.1.3' ],
2418 silly audit   'path-scurry': [ '1.11.1' ],
2418 silly audit   'signal-exit': [ '4.1.0' ],
2418 silly audit   'type-fest': [ '0.20.2' ],
2418 silly audit   'array-union': [ '2.1.0' ],
2418 silly audit   'dir-glob': [ '3.0.1' ],
2418 silly audit   'fast-glob': [ '3.3.3' ],
2418 silly audit   merge2: [ '1.4.1' ],
2418 silly audit   slash: [ '3.0.0' ],
2418 silly audit   'path-type': [ '4.0.0' ],
2418 silly audit   micromatch: [ '4.0.8' ],
2418 silly audit   'parent-module': [ '1.0.1' ],
2418 silly audit   'resolve-from': [ '4.0.0' ],
2418 silly audit   'side-channel': [ '1.1.0' ],
2418 silly audit   'is-extglob': [ '2.1.1' ],
2418 silly audit   'set-function-name': [ '2.0.2' ],
2418 silly audit   '@isaacs/cliui': [ '8.0.2' ],
2418 silly audit   '@pkgjs/parseargs': [ '0.11.0' ],
2418 silly audit   'string-width': [ '5.1.2', '4.2.3' ],
2418 silly audit   'wrap-ansi': [ '8.1.0', '7.0.0' ],
2418 silly audit   argparse: [ '2.0.1' ],
2418 silly audit   'json-buffer': [ '3.0.1' ],
2418 silly audit   'language-subtag-registry': [ '0.3.23' ],
2418 silly audit   'prelude-ls': [ '1.2.1' ],
2418 silly audit   'type-check': [ '0.4.0' ],
2418 silly audit   'p-locate': [ '5.0.0' ],
2418 silly audit   braces: [ '3.0.3' ],
2418 silly audit   picomatch: [ '2.3.2', '4.0.4' ],
2418 silly audit   'fill-range': [ '7.1.1' ],
2418 silly audit   'to-regex-range': [ '5.0.1' ],
2418 silly audit   'brace-expansion': [ '1.1.13', '2.0.3' ],
2418 silly audit   'balanced-match': [ '1.0.2' ],
2418 silly audit   'concat-map': [ '0.0.1' ],
2418 silly audit   '@next/env': [ '14.2.5' ],
2418 silly audit   '@next/swc-darwin-arm64': [ '14.2.5' ],
2418 silly audit   '@next/swc-darwin-x64': [ '14.2.5' ],
2418 silly audit   '@next/swc-linux-arm64-gnu': [ '14.2.5' ],
2418 silly audit   '@next/swc-linux-arm64-musl': [ '14.2.5' ],
2418 silly audit   '@next/swc-linux-x64-gnu': [ '14.2.5' ],
2418 silly audit   '@next/swc-linux-x64-musl': [ '14.2.5' ],
2418 silly audit   '@next/swc-win32-arm64-msvc': [ '14.2.5' ],
2418 silly audit   '@next/swc-win32-ia32-msvc': [ '14.2.5' ],
2418 silly audit   '@next/swc-win32-x64-msvc': [ '14.2.5' ],
2418 silly audit   '@swc/helpers': [ '0.5.5' ],
2418 silly audit   busboy: [ '1.6.0' ],
2418 silly audit   'graceful-fs': [ '4.2.11' ],
2418 silly audit   'styled-jsx': [ '5.1.1' ],
2418 silly audit   '@swc/counter': [ '0.1.3' ],
2418 silly audit   streamsearch: [ '1.1.0' ],
2418 silly audit   'deep-is': [ '0.1.4' ],
2418 silly audit   'fast-levenshtein': [ '2.0.6' ],
2418 silly audit   'word-wrap': [ '1.2.5' ],
2418 silly audit   'p-limit': [ '3.1.0' ],
2418 silly audit   'yocto-queue': [ '0.1.0' ],
2418 silly audit   callsites: [ '3.1.0' ],
2418 silly audit   'lru-cache': [ '10.4.3' ],
2418 silly audit   nanoid: [ '3.3.11' ],
2418 silly audit   'source-map-js': [ '1.2.1' ],
2418 silly audit   'loose-envify': [ '1.4.0' ],
2418 silly audit   'object-assign': [ '4.1.1' ],
2418 silly audit   'react-is': [ '16.13.1' ],
2418 silly audit   'js-tokens': [ '4.0.0' ],
2418 silly audit   scheduler: [ '0.23.2' ],
2418 silly audit   'node-exports-info': [ '1.6.0' ],
2418 silly audit   'path-parse': [ '1.0.7' ],
2418 silly audit   'supports-preserve-symlinks-flag': [ '1.0.0' ],
2418 silly audit   'queue-microtask': [ '1.2.3' ],
2418 silly audit   isarray: [ '2.0.5' ],
2418 silly audit   'shebang-regex': [ '3.0.0' ],
2418 silly audit   'side-channel-list': [ '1.0.0' ],
2418 silly audit   'side-channel-map': [ '1.0.1' ],
2418 silly audit   'side-channel-weakmap': [ '1.0.2' ],
2418 silly audit   eastasianwidth: [ '0.2.0' ],
2418 silly audit   'is-fullwidth-code-point': [ '3.0.0' ],
2418 silly audit   'ansi-regex': [ '5.0.1', '6.2.2' ],
2418 silly audit   'client-only': [ '0.0.1' ],
2418 silly audit   'has-flag': [ '4.0.0' ],
2418 silly audit   '@alloc/quick-lru': [ '5.2.0' ],
2418 silly audit   arg: [ '5.0.2' ],
2418 silly audit   chokidar: [ '3.6.0' ],
2418 silly audit   didyoumean: [ '1.2.2' ],
2418 silly audit   dlv: [ '1.1.3' ],
2418 silly audit   jiti: [ '1.21.7' ],
2418 silly audit   lilconfig: [ '3.1.3' ],
2418 silly audit   'normalize-path': [ '3.0.0' ],
2418 silly audit   'object-hash': [ '3.0.0' ],
2418 silly audit   'postcss-import': [ '15.1.0' ],
2418 silly audit   'postcss-js': [ '4.1.0' ],
2418 silly audit   'postcss-load-config': [ '6.0.1' ],
2418 silly audit   'postcss-nested': [ '6.2.0' ],
2418 silly audit   'postcss-selector-parser': [ '6.1.2' ],
2418 silly audit   sucrase: [ '3.35.1' ],
2418 silly audit   anymatch: [ '3.1.3' ],
2418 silly audit   fsevents: [ '2.3.3' ],
2418 silly audit   'is-binary-path': [ '2.1.0' ],
2418 silly audit   readdirp: [ '3.6.0' ],
2418 silly audit   'binary-extensions': [ '2.3.0' ],
2418 silly audit   'read-cache': [ '1.0.0' ],
2418 silly audit   'camelcase-css': [ '2.0.1' ],
2418 silly audit   cssesc: [ '3.0.0' ],
2418 silly audit   'util-deprecate': [ '1.0.2' ],
2418 silly audit   pify: [ '2.3.0' ],
2418 silly audit   '@jridgewell/gen-mapping': [ '0.3.13' ],
2418 silly audit   commander: [ '4.1.1' ],
2418 silly audit   'lines-and-columns': [ '1.2.4' ],
2418 silly audit   mz: [ '2.7.0' ],
2418 silly audit   pirates: [ '4.0.7' ],
2418 silly audit   'ts-interface-checker': [ '0.1.13' ],
2418 silly audit   '@jridgewell/sourcemap-codec': [ '1.5.5' ],
2418 silly audit   '@jridgewell/trace-mapping': [ '0.3.31' ],
2418 silly audit   '@jridgewell/resolve-uri': [ '3.1.2' ],
2418 silly audit   'any-promise': [ '1.3.0' ],
2418 silly audit   'thenify-all': [ '1.6.0' ],
2418 silly audit   thenify: [ '3.3.1' ],
2418 silly audit   fdir: [ '6.5.0' ],
2418 silly audit   'is-number': [ '7.0.0' ],
2418 silly audit   '@types/json5': [ '0.0.29' ],
2418 silly audit   json5: [ '1.0.2' ],
2418 silly audit   minimist: [ '1.2.8' ],
2418 silly audit   'strip-bom': [ '3.0.0' ],
2418 silly audit   'for-each': [ '0.3.5' ],
2418 silly audit   'reflect.getprototypeof': [ '1.0.10' ],
2418 silly audit   'which-builtin-type': [ '1.2.1' ],
2418 silly audit   'has-bigints': [ '1.1.0' ],
2418 silly audit   'which-boxed-primitive': [ '1.1.1' ],
2418 silly audit   '@unrs/resolver-binding-android-arm-eabi': [ '1.11.1' ],
2418 silly audit   '@unrs/resolver-binding-android-arm64': [ '1.11.1' ],
2418 silly audit   '@unrs/resolver-binding-darwin-arm64': [ '1.11.1' ],
2418 silly audit   '@unrs/resolver-binding-darwin-x64': [ '1.11.1' ],
2418 silly audit   '@unrs/resolver-binding-freebsd-x64': [ '1.11.1' ],
2418 silly audit   '@unrs/resolver-binding-linux-arm-gnueabihf': [ '1.11.1' ],
2418 silly audit   '@unrs/resolver-binding-linux-arm-musleabihf': [ '1.11.1' ],
2418 silly audit   '@unrs/resolver-binding-linux-arm64-gnu': [ '1.11.1' ],
2418 silly audit   '@unrs/resolver-binding-linux-arm64-musl': [ '1.11.1' ],
2418 silly audit   '@unrs/resolver-binding-linux-ppc64-gnu': [ '1.11.1' ],
2418 silly audit   '@unrs/resolver-binding-linux-riscv64-gnu': [ '1.11.1' ],
2418 silly audit   '@unrs/resolver-binding-linux-riscv64-musl': [ '1.11.1' ],
2418 silly audit   '@unrs/resolver-binding-linux-s390x-gnu': [ '1.11.1' ],
2418 silly audit   '@unrs/resolver-binding-linux-x64-gnu': [ '1.11.1' ],
2418 silly audit   '@unrs/resolver-binding-linux-x64-musl': [ '1.11.1' ],
2418 silly audit   '@unrs/resolver-binding-wasm32-wasi': [ '1.11.1' ],
2418 silly audit   '@unrs/resolver-binding-win32-arm64-msvc': [ '1.11.1' ],
2418 silly audit   '@unrs/resolver-binding-win32-ia32-msvc': [ '1.11.1' ],
2418 silly audit   '@unrs/resolver-binding-win32-x64-msvc': [ '1.11.1' ],
2418 silly audit   'napi-postinstall': [ '0.3.4' ],
2418 silly audit   '@napi-rs/wasm-runtime': [ '0.2.12' ],
2418 silly audit   '@emnapi/core': [ '1.9.2' ],
2418 silly audit   '@emnapi/runtime': [ '1.9.2' ],
2418 silly audit   '@tybys/wasm-util': [ '0.10.1' ],
2418 silly audit   '@emnapi/wasi-threads': [ '1.2.1' ],
2418 silly audit   escalade: [ '3.2.0' ],
2418 silly audit   punycode: [ '2.3.1' ],
2418 silly audit   isexe: [ '2.0.0' ],
2418 silly audit   'is-bigint': [ '1.1.0' ],
2418 silly audit   'is-boolean-object': [ '1.2.2' ],
2418 silly audit   'is-number-object': [ '1.1.1' ],
2418 silly audit   'is-async-function': [ '2.1.1' ],
2418 silly audit   'is-finalizationregistry': [ '1.1.1' ],
2418 silly audit   'is-generator-function': [ '1.1.2' ],
2418 silly audit   'which-collection': [ '1.0.2' ],
2418 silly audit   'async-function': [ '1.0.0' ],
2418 silly audit   'generator-function': [ '2.0.1' ],
2418 silly audit   'is-map': [ '2.0.3' ],
2418 silly audit   'is-weakmap': [ '2.0.2' ],
2418 silly audit   'is-weakset': [ '2.0.4' ],
2418 silly audit   'fs.realpath': [ '1.0.0' ],
2418 silly audit   inflight: [ '1.0.6' ],
2418 silly audit   inherits: [ '2.0.4' ],
2418 silly audit   once: [ '1.4.0' ],
2418 silly audit   'path-is-absolute': [ '1.0.1' ],
2418 silly audit   wrappy: [ '1.0.2' ]
2418 silly audit }
2419 http cache wrappy@https://registry.npmjs.org/wrappy/-/wrappy-1.0.2.tgz 0ms (cache hit)
2420 http cache path-is-absolute@https://registry.npmjs.org/path-is-absolute/-/path-is-absolute-1.0.1.tgz 0ms (cache hit)
2421 http cache inherits@https://registry.npmjs.org/inherits/-/inherits-2.0.4.tgz 0ms (cache hit)
2422 http cache inflight@https://registry.npmjs.org/inflight/-/inflight-1.0.6.tgz 0ms (cache hit)
2423 http cache once@https://registry.npmjs.org/once/-/once-1.4.0.tgz 0ms (cache hit)
2424 http cache is-weakset@https://registry.npmjs.org/is-weakset/-/is-weakset-2.0.4.tgz 0ms (cache hit)
2425 http cache fs.realpath@https://registry.npmjs.org/fs.realpath/-/fs.realpath-1.0.0.tgz 0ms (cache hit)
2426 http cache is-weakmap@https://registry.npmjs.org/is-weakmap/-/is-weakmap-2.0.2.tgz 0ms (cache hit)
2427 http cache generator-function@https://registry.npmjs.org/generator-function/-/generator-function-2.0.1.tgz 0ms (cache hit)
2428 http cache which-collection@https://registry.npmjs.org/which-collection/-/which-collection-1.0.2.tgz 0ms (cache hit)
2429 http cache is-generator-function@https://registry.npmjs.org/is-generator-function/-/is-generator-function-1.1.2.tgz 0ms (cache hit)
2430 http cache is-map@https://registry.npmjs.org/is-map/-/is-map-2.0.3.tgz 0ms (cache hit)
2431 http cache async-function@https://registry.npmjs.org/async-function/-/async-function-1.0.0.tgz 0ms (cache hit)
2432 http cache is-number-object@https://registry.npmjs.org/is-number-object/-/is-number-object-1.1.1.tgz 0ms (cache hit)
2433 http cache is-async-function@https://registry.npmjs.org/is-async-function/-/is-async-function-2.1.1.tgz 0ms (cache hit)
2434 http cache is-finalizationregistry@https://registry.npmjs.org/is-finalizationregistry/-/is-finalizationregistry-1.1.1.tgz 0ms (cache hit)
2435 http cache is-bigint@https://registry.npmjs.org/is-bigint/-/is-bigint-1.1.0.tgz 0ms (cache hit)
2436 http cache punycode@https://registry.npmjs.org/punycode/-/punycode-2.3.1.tgz 0ms (cache hit)
2437 http cache is-boolean-object@https://registry.npmjs.org/is-boolean-object/-/is-boolean-object-1.2.2.tgz 0ms (cache hit)
2438 http cache isexe@https://registry.npmjs.org/isexe/-/isexe-2.0.0.tgz 0ms (cache hit)
2439 http cache napi-postinstall@https://registry.npmjs.org/napi-postinstall/-/napi-postinstall-0.3.4.tgz 0ms (cache hit)
2440 http cache escalade@https://registry.npmjs.org/escalade/-/escalade-3.2.0.tgz 0ms (cache hit)
2441 http cache which-boxed-primitive@https://registry.npmjs.org/which-boxed-primitive/-/which-boxed-primitive-1.1.1.tgz 0ms (cache hit)
2442 http cache which-builtin-type@https://registry.npmjs.org/which-builtin-type/-/which-builtin-type-1.2.1.tgz 0ms (cache hit)
2443 http cache for-each@https://registry.npmjs.org/for-each/-/for-each-0.3.5.tgz 0ms (cache hit)
2444 http cache @unrs/resolver-binding-darwin-arm64@https://registry.npmjs.org/@unrs/resolver-binding-darwin-arm64/-/resolver-binding-darwin-arm64-1.11.1.tgz 0ms (cache hit)
2445 http cache reflect.getprototypeof@https://registry.npmjs.org/reflect.getprototypeof/-/reflect.getprototypeof-1.0.10.tgz 0ms (cache hit)
2446 http cache has-bigints@https://registry.npmjs.org/has-bigints/-/has-bigints-1.1.0.tgz 0ms (cache hit)
2447 http cache json5@https://registry.npmjs.org/json5/-/json5-1.0.2.tgz 0ms (cache hit)
2448 http cache strip-bom@https://registry.npmjs.org/strip-bom/-/strip-bom-3.0.0.tgz 0ms (cache hit)
2449 http cache is-number@https://registry.npmjs.org/is-number/-/is-number-7.0.0.tgz 0ms (cache hit)
2450 http cache thenify-all@https://registry.npmjs.org/thenify-all/-/thenify-all-1.6.0.tgz 0ms (cache hit)
2451 http cache @types/json5@https://registry.npmjs.org/@types/json5/-/json5-0.0.29.tgz 0ms (cache hit)
2452 http cache thenify@https://registry.npmjs.org/thenify/-/thenify-3.3.1.tgz 0ms (cache hit)
2453 http cache minimist@https://registry.npmjs.org/minimist/-/minimist-1.2.8.tgz 0ms (cache hit)
2454 http cache any-promise@https://registry.npmjs.org/any-promise/-/any-promise-1.3.0.tgz 0ms (cache hit)
2455 http cache ts-interface-checker@https://registry.npmjs.org/ts-interface-checker/-/ts-interface-checker-0.1.13.tgz 0ms (cache hit)
2456 http cache mz@https://registry.npmjs.org/mz/-/mz-2.7.0.tgz 0ms (cache hit)
2457 http cache pirates@https://registry.npmjs.org/pirates/-/pirates-4.0.7.tgz 0ms (cache hit)
2458 http cache @jridgewell/trace-mapping@https://registry.npmjs.org/@jridgewell/trace-mapping/-/trace-mapping-0.3.31.tgz 0ms (cache hit)
2459 http cache @jridgewell/resolve-uri@https://registry.npmjs.org/@jridgewell/resolve-uri/-/resolve-uri-3.1.2.tgz 0ms (cache hit)
2460 http cache @jridgewell/sourcemap-codec@https://registry.npmjs.org/@jridgewell/sourcemap-codec/-/sourcemap-codec-1.5.5.tgz 0ms (cache hit)
2461 http cache commander@https://registry.npmjs.org/commander/-/commander-4.1.1.tgz 0ms (cache hit)
2462 http cache lines-and-columns@https://registry.npmjs.org/lines-and-columns/-/lines-and-columns-1.2.4.tgz 0ms (cache hit)
2463 http cache util-deprecate@https://registry.npmjs.org/util-deprecate/-/util-deprecate-1.0.2.tgz 0ms (cache hit)
2464 http cache cssesc@https://registry.npmjs.org/cssesc/-/cssesc-3.0.0.tgz 0ms (cache hit)
2465 http cache camelcase-css@https://registry.npmjs.org/camelcase-css/-/camelcase-css-2.0.1.tgz 0ms (cache hit)
2466 http cache @jridgewell/gen-mapping@https://registry.npmjs.org/@jridgewell/gen-mapping/-/gen-mapping-0.3.13.tgz 0ms (cache hit)
2467 http cache pify@https://registry.npmjs.org/pify/-/pify-2.3.0.tgz 0ms (cache hit)
2468 http cache read-cache@https://registry.npmjs.org/read-cache/-/read-cache-1.0.0.tgz 0ms (cache hit)
2469 http cache readdirp@https://registry.npmjs.org/readdirp/-/readdirp-3.6.0.tgz 0ms (cache hit)
2470 http cache binary-extensions@https://registry.npmjs.org/binary-extensions/-/binary-extensions-2.3.0.tgz 0ms (cache hit)
2471 http cache is-binary-path@https://registry.npmjs.org/is-binary-path/-/is-binary-path-2.1.0.tgz 0ms (cache hit)
2472 http cache fsevents@https://registry.npmjs.org/fsevents/-/fsevents-2.3.3.tgz 0ms (cache hit)
2473 http cache sucrase@https://registry.npmjs.org/sucrase/-/sucrase-3.35.1.tgz 0ms (cache hit)
2474 http cache postcss-selector-parser@https://registry.npmjs.org/postcss-selector-parser/-/postcss-selector-parser-6.1.2.tgz 0ms (cache hit)
2475 http cache anymatch@https://registry.npmjs.org/anymatch/-/anymatch-3.1.3.tgz 0ms (cache hit)
2476 http cache postcss-nested@https://registry.npmjs.org/postcss-nested/-/postcss-nested-6.2.0.tgz 0ms (cache hit)
2477 http cache postcss-import@https://registry.npmjs.org/postcss-import/-/postcss-import-15.1.0.tgz 0ms (cache hit)
2478 http cache normalize-path@https://registry.npmjs.org/normalize-path/-/normalize-path-3.0.0.tgz 0ms (cache hit)
2479 http cache lilconfig@https://registry.npmjs.org/lilconfig/-/lilconfig-3.1.3.tgz 0ms (cache hit)
2480 http cache postcss-load-config@https://registry.npmjs.org/postcss-load-config/-/postcss-load-config-6.0.1.tgz 0ms (cache hit)
2481 http cache dlv@https://registry.npmjs.org/dlv/-/dlv-1.1.3.tgz 0ms (cache hit)
2482 http cache postcss-js@https://registry.npmjs.org/postcss-js/-/postcss-js-4.1.0.tgz 0ms (cache hit)
2483 http cache didyoumean@https://registry.npmjs.org/didyoumean/-/didyoumean-1.2.2.tgz 0ms (cache hit)
2484 http cache jiti@https://registry.npmjs.org/jiti/-/jiti-1.21.7.tgz 0ms (cache hit)
2485 http cache @alloc/quick-lru@https://registry.npmjs.org/@alloc/quick-lru/-/quick-lru-5.2.0.tgz 0ms (cache hit)
2486 http cache has-flag@https://registry.npmjs.org/has-flag/-/has-flag-4.0.0.tgz 0ms (cache hit)
2487 http cache arg@https://registry.npmjs.org/arg/-/arg-5.0.2.tgz 0ms (cache hit)
2488 http cache client-only@https://registry.npmjs.org/client-only/-/client-only-0.0.1.tgz 0ms (cache hit)
2489 http cache is-fullwidth-code-point@https://registry.npmjs.org/is-fullwidth-code-point/-/is-fullwidth-code-point-3.0.0.tgz 0ms (cache hit)
2490 http cache ansi-regex@https://registry.npmjs.org/ansi-regex/-/ansi-regex-5.0.1.tgz 0ms (cache hit)
2491 http cache eastasianwidth@https://registry.npmjs.org/eastasianwidth/-/eastasianwidth-0.2.0.tgz 0ms (cache hit)
2492 http cache side-channel-map@https://registry.npmjs.org/side-channel-map/-/side-channel-map-1.0.1.tgz 0ms (cache hit)
2493 http cache side-channel-weakmap@https://registry.npmjs.org/side-channel-weakmap/-/side-channel-weakmap-1.0.2.tgz 0ms (cache hit)
2494 http cache side-channel-list@https://registry.npmjs.org/side-channel-list/-/side-channel-list-1.0.0.tgz 0ms (cache hit)
2495 http cache isarray@https://registry.npmjs.org/isarray/-/isarray-2.0.5.tgz 0ms (cache hit)
2496 http cache shebang-regex@https://registry.npmjs.org/shebang-regex/-/shebang-regex-3.0.0.tgz 0ms (cache hit)
2497 http cache queue-microtask@https://registry.npmjs.org/queue-microtask/-/queue-microtask-1.2.3.tgz 0ms (cache hit)
2498 http cache supports-preserve-symlinks-flag@https://registry.npmjs.org/supports-preserve-symlinks-flag/-/supports-preserve-symlinks-flag-1.0.0.tgz 0ms (cache hit)
2499 http cache node-exports-info@https://registry.npmjs.org/node-exports-info/-/node-exports-info-1.6.0.tgz 1ms (cache hit)
2500 http cache scheduler@https://registry.npmjs.org/scheduler/-/scheduler-0.23.2.tgz 0ms (cache hit)
2501 http cache react-is@https://registry.npmjs.org/react-is/-/react-is-16.13.1.tgz 0ms (cache hit)
2502 http cache js-tokens@https://registry.npmjs.org/js-tokens/-/js-tokens-4.0.0.tgz 0ms (cache hit)
2503 http cache object-assign@https://registry.npmjs.org/object-assign/-/object-assign-4.1.1.tgz 0ms (cache hit)
2504 http cache nanoid@https://registry.npmjs.org/nanoid/-/nanoid-3.3.11.tgz 0ms (cache hit)
2505 http cache path-parse@https://registry.npmjs.org/path-parse/-/path-parse-1.0.7.tgz 0ms (cache hit)
2506 http cache source-map-js@https://registry.npmjs.org/source-map-js/-/source-map-js-1.2.1.tgz 0ms (cache hit)
2507 http cache chokidar@https://registry.npmjs.org/chokidar/-/chokidar-3.6.0.tgz 0ms (cache hit)
2508 http cache callsites@https://registry.npmjs.org/callsites/-/callsites-3.1.0.tgz 0ms (cache hit)
2509 http cache lru-cache@https://registry.npmjs.org/lru-cache/-/lru-cache-10.4.3.tgz 0ms (cache hit)
2510 http cache loose-envify@https://registry.npmjs.org/loose-envify/-/loose-envify-1.4.0.tgz 0ms (cache hit)
2511 http cache yocto-queue@https://registry.npmjs.org/yocto-queue/-/yocto-queue-0.1.0.tgz 0ms (cache hit)
2512 http cache p-limit@https://registry.npmjs.org/p-limit/-/p-limit-3.1.0.tgz 0ms (cache hit)
2513 http cache fast-levenshtein@https://registry.npmjs.org/fast-levenshtein/-/fast-levenshtein-2.0.6.tgz 0ms (cache hit)
2514 http cache deep-is@https://registry.npmjs.org/deep-is/-/deep-is-0.1.4.tgz 0ms (cache hit)
2515 http cache streamsearch@https://registry.npmjs.org/streamsearch/-/streamsearch-1.1.0.tgz 0ms (cache hit)
2516 http cache word-wrap@https://registry.npmjs.org/word-wrap/-/word-wrap-1.2.5.tgz 0ms (cache hit)
2517 http cache @swc/counter@https://registry.npmjs.org/@swc/counter/-/counter-0.1.3.tgz 0ms (cache hit)
2518 http cache styled-jsx@https://registry.npmjs.org/styled-jsx/-/styled-jsx-5.1.1.tgz 0ms (cache hit)
2519 http cache busboy@https://registry.npmjs.org/busboy/-/busboy-1.6.0.tgz 0ms (cache hit)
2520 http cache @next/swc-darwin-arm64@https://registry.npmjs.org/@next/swc-darwin-arm64/-/swc-darwin-arm64-14.2.5.tgz 0ms (cache hit)
2521 http cache @swc/helpers@https://registry.npmjs.org/@swc/helpers/-/helpers-0.5.5.tgz 0ms (cache hit)
2522 http cache graceful-fs@https://registry.npmjs.org/graceful-fs/-/graceful-fs-4.2.11.tgz 0ms (cache hit)
2523 http cache @next/env@https://registry.npmjs.org/@next/env/-/env-14.2.5.tgz 0ms (cache hit)
2524 http cache brace-expansion@https://registry.npmjs.org/brace-expansion/-/brace-expansion-1.1.13.tgz 0ms (cache hit)
2525 http cache to-regex-range@https://registry.npmjs.org/to-regex-range/-/to-regex-range-5.0.1.tgz 0ms (cache hit)
2526 http cache picomatch@https://registry.npmjs.org/picomatch/-/picomatch-2.3.2.tgz 0ms (cache hit)
2527 http cache concat-map@https://registry.npmjs.org/concat-map/-/concat-map-0.0.1.tgz 0ms (cache hit)
2528 http cache balanced-match@https://registry.npmjs.org/balanced-match/-/balanced-match-1.0.2.tgz 0ms (cache hit)
2529 http cache fill-range@https://registry.npmjs.org/fill-range/-/fill-range-7.1.1.tgz 0ms (cache hit)
2530 http cache type-check@https://registry.npmjs.org/type-check/-/type-check-0.4.0.tgz 0ms (cache hit)
2531 http cache braces@https://registry.npmjs.org/braces/-/braces-3.0.3.tgz 0ms (cache hit)
2532 http cache language-subtag-registry@https://registry.npmjs.org/language-subtag-registry/-/language-subtag-registry-0.3.23.tgz 0ms (cache hit)
2533 http cache p-locate@https://registry.npmjs.org/p-locate/-/p-locate-5.0.0.tgz 0ms (cache hit)
2534 http cache argparse@https://registry.npmjs.org/argparse/-/argparse-2.0.1.tgz 0ms (cache hit)
2535 http cache json-buffer@https://registry.npmjs.org/json-buffer/-/json-buffer-3.0.1.tgz 0ms (cache hit)
2536 http cache strip-ansi-cjs@https://registry.npmjs.org/strip-ansi/-/strip-ansi-6.0.1.tgz 0ms (cache hit)
2537 http cache string-width-cjs@https://registry.npmjs.org/string-width/-/string-width-4.2.3.tgz 0ms (cache hit)
2538 http cache prelude-ls@https://registry.npmjs.org/prelude-ls/-/prelude-ls-1.2.1.tgz 0ms (cache hit)
2539 http cache wrap-ansi@https://registry.npmjs.org/wrap-ansi/-/wrap-ansi-8.1.0.tgz 0ms (cache hit)
2540 http cache set-function-name@https://registry.npmjs.org/set-function-name/-/set-function-name-2.0.2.tgz 0ms (cache hit)
2541 http cache wrap-ansi-cjs@https://registry.npmjs.org/wrap-ansi/-/wrap-ansi-7.0.0.tgz 0ms (cache hit)
2542 http cache string-width@https://registry.npmjs.org/string-width/-/string-width-5.1.2.tgz 0ms (cache hit)
2543 http cache @isaacs/cliui@https://registry.npmjs.org/@isaacs/cliui/-/cliui-8.0.2.tgz 0ms (cache hit)
2544 http cache side-channel@https://registry.npmjs.org/side-channel/-/side-channel-1.1.0.tgz 0ms (cache hit)
2545 http cache @pkgjs/parseargs@https://registry.npmjs.org/@pkgjs/parseargs/-/parseargs-0.11.0.tgz 0ms (cache hit)
2546 http cache is-extglob@https://registry.npmjs.org/is-extglob/-/is-extglob-2.1.1.tgz 0ms (cache hit)
2547 http cache parent-module@https://registry.npmjs.org/parent-module/-/parent-module-1.0.1.tgz 0ms (cache hit)
2548 http cache resolve-from@https://registry.npmjs.org/resolve-from/-/resolve-from-4.0.0.tgz 0ms (cache hit)
2549 http cache micromatch@https://registry.npmjs.org/micromatch/-/micromatch-4.0.8.tgz 0ms (cache hit)
2550 http cache fast-glob@https://registry.npmjs.org/fast-glob/-/fast-glob-3.3.3.tgz 0ms (cache hit)
2551 http cache slash@https://registry.npmjs.org/slash/-/slash-3.0.0.tgz 0ms (cache hit)
2552 http cache dir-glob@https://registry.npmjs.org/dir-glob/-/dir-glob-3.0.1.tgz 0ms (cache hit)
2553 http cache path-type@https://registry.npmjs.org/path-type/-/path-type-4.0.0.tgz 0ms (cache hit)
2554 http cache signal-exit@https://registry.npmjs.org/signal-exit/-/signal-exit-4.1.0.tgz 0ms (cache hit)
2555 http cache path-scurry@https://registry.npmjs.org/path-scurry/-/path-scurry-1.11.1.tgz 0ms (cache hit)
2556 http cache array-union@https://registry.npmjs.org/array-union/-/array-union-2.1.0.tgz 0ms (cache hit)
2557 http cache type-fest@https://registry.npmjs.org/type-fest/-/type-fest-0.20.2.tgz 0ms (cache hit)
2558 http cache minipass@https://registry.npmjs.org/minipass/-/minipass-7.1.3.tgz 0ms (cache hit)
2559 http cache object-hash@https://registry.npmjs.org/object-hash/-/object-hash-3.0.0.tgz 0ms (cache hit)
2560 http cache merge2@https://registry.npmjs.org/merge2/-/merge2-1.4.1.tgz 0ms (cache hit)
2561 http cache jackspeak@https://registry.npmjs.org/jackspeak/-/jackspeak-2.3.6.tgz 0ms (cache hit)
2562 http cache foreground-child@https://registry.npmjs.org/foreground-child/-/foreground-child-3.3.1.tgz 0ms (cache hit)
2563 http cache functions-have-names@https://registry.npmjs.org/functions-have-names/-/functions-have-names-1.2.3.tgz 0ms (cache hit)
2564 http cache resolve-pkg-maps@https://registry.npmjs.org/resolve-pkg-maps/-/resolve-pkg-maps-1.0.0.tgz 0ms (cache hit)
2565 http cache rimraf@https://registry.npmjs.org/rimraf/-/rimraf-3.0.2.tgz 0ms (cache hit)
2566 http cache path-exists@https://registry.npmjs.org/path-exists/-/path-exists-4.0.0.tgz 0ms (cache hit)
2567 http cache dunder-proto@https://registry.npmjs.org/dunder-proto/-/dunder-proto-1.0.1.tgz 0ms (cache hit)
2568 http cache flatted@https://registry.npmjs.org/flatted/-/flatted-3.4.2.tgz 0ms (cache hit)
2569 http cache keyv@https://registry.npmjs.org/keyv/-/keyv-4.5.4.tgz 0ms (cache hit)
2570 http cache locate-path@https://registry.npmjs.org/locate-path/-/locate-path-6.0.0.tgz 0ms (cache hit)
2571 http cache reusify@https://registry.npmjs.org/reusify/-/reusify-1.1.0.tgz 0ms (cache hit)
2572 http cache acorn@https://registry.npmjs.org/acorn/-/acorn-8.16.0.tgz 0ms (cache hit)
2573 http cache acorn-jsx@https://registry.npmjs.org/acorn-jsx/-/acorn-jsx-5.3.2.tgz 0ms (cache hit)
2574 http cache flat-cache@https://registry.npmjs.org/flat-cache/-/flat-cache-3.2.0.tgz 0ms (cache hit)
2575 http cache esrecurse@https://registry.npmjs.org/esrecurse/-/esrecurse-4.3.0.tgz 0ms (cache hit)
2576 http cache iterator.prototype@https://registry.npmjs.org/iterator.prototype/-/iterator.prototype-1.1.5.tgz 0ms (cache hit)
2577 http cache string.prototype.repeat@https://registry.npmjs.org/string.prototype.repeat/-/string.prototype.repeat-1.0.0.tgz 0ms (cache hit)
2578 http cache object.entries@https://registry.npmjs.org/object.entries/-/object.entries-1.1.9.tgz 0ms (cache hit)
2579 http cache string.prototype.matchall@https://registry.npmjs.org/string.prototype.matchall/-/string.prototype.matchall-4.0.12.tgz 0ms (cache hit)
2580 http cache prop-types@https://registry.npmjs.org/prop-types/-/prop-types-15.8.1.tgz 0ms (cache hit)
2581 http cache estraverse@https://registry.npmjs.org/estraverse/-/estraverse-5.3.0.tgz 0ms (cache hit)
2582 http cache array.prototype.tosorted@https://registry.npmjs.org/array.prototype.tosorted/-/array.prototype.tosorted-1.1.4.tgz 0ms (cache hit)
2583 http cache string.prototype.includes@https://registry.npmjs.org/string.prototype.includes/-/string.prototype.includes-2.0.1.tgz 0ms (cache hit)
2584 http cache array.prototype.findlast@https://registry.npmjs.org/array.prototype.findlast/-/array.prototype.findlast-1.2.5.tgz 0ms (cache hit)
2585 http cache jsx-ast-utils@https://registry.npmjs.org/jsx-ast-utils/-/jsx-ast-utils-3.3.5.tgz 0ms (cache hit)
2586 http cache language-tags@https://registry.npmjs.org/language-tags/-/language-tags-1.0.9.tgz 0ms (cache hit)
2587 http cache emoji-regex@https://registry.npmjs.org/emoji-regex/-/emoji-regex-9.2.2.tgz 0ms (cache hit)
2588 http cache damerau-levenshtein@https://registry.npmjs.org/damerau-levenshtein/-/damerau-levenshtein-1.0.8.tgz 0ms (cache hit)
2589 http cache es-iterator-helpers@https://registry.npmjs.org/es-iterator-helpers/-/es-iterator-helpers-1.3.1.tgz 0ms (cache hit)
2590 http cache axobject-query@https://registry.npmjs.org/axobject-query/-/axobject-query-4.1.0.tgz 0ms (cache hit)
2591 http cache aria-query@https://registry.npmjs.org/aria-query/-/aria-query-5.3.2.tgz 0ms (cache hit)
2592 http cache ast-types-flow@https://registry.npmjs.org/ast-types-flow/-/ast-types-flow-0.0.8.tgz 0ms (cache hit)
2593 http cache is-symbol@https://registry.npmjs.org/is-symbol/-/is-symbol-1.1.1.tgz 0ms (cache hit)
2594 http cache axe-core@https://registry.npmjs.org/axe-core/-/axe-core-4.11.2.tgz 0ms (cache hit)
2595 http cache is-date-object@https://registry.npmjs.org/is-date-object/-/is-date-object-1.1.0.tgz 0ms (cache hit)
2596 http cache possible-typed-array-names@https://registry.npmjs.org/possible-typed-array-names/-/possible-typed-array-names-1.1.0.tgz 0ms (cache hit)
2597 http cache has-tostringtag@https://registry.npmjs.org/has-tostringtag/-/has-tostringtag-1.0.2.tgz 0ms (cache hit)
2598 http cache unbox-primitive@https://registry.npmjs.org/unbox-primitive/-/unbox-primitive-1.1.0.tgz 0ms (cache hit)
2599 http cache typed-array-length@https://registry.npmjs.org/typed-array-length/-/typed-array-length-1.0.7.tgz 0ms (cache hit)
2600 http cache which-typed-array@https://registry.npmjs.org/which-typed-array/-/which-typed-array-1.1.20.tgz 0ms (cache hit)
2601 http cache typed-array-byte-offset@https://registry.npmjs.org/typed-array-byte-offset/-/typed-array-byte-offset-1.0.4.tgz 0ms (cache hit)
2602 http cache typed-array-byte-length@https://registry.npmjs.org/typed-array-byte-length/-/typed-array-byte-length-1.0.3.tgz 0ms (cache hit)
2603 http cache string.prototype.trimstart@https://registry.npmjs.org/string.prototype.trimstart/-/string.prototype.trimstart-1.0.8.tgz 0ms (cache hit)
2604 http cache typed-array-buffer@https://registry.npmjs.org/typed-array-buffer/-/typed-array-buffer-1.0.3.tgz 0ms (cache hit)
2605 http cache stop-iteration-iterator@https://registry.npmjs.org/stop-iteration-iterator/-/stop-iteration-iterator-1.1.0.tgz 0ms (cache hit)
2606 http cache set-proto@https://registry.npmjs.org/set-proto/-/set-proto-1.0.0.tgz 0ms (cache hit)
2607 http cache string.prototype.trim@https://registry.npmjs.org/string.prototype.trim/-/string.prototype.trim-1.2.10.tgz 0ms (cache hit)
2608 http cache safe-array-concat@https://registry.npmjs.org/safe-array-concat/-/safe-array-concat-1.1.3.tgz 0ms (cache hit)
2609 http cache safe-push-apply@https://registry.npmjs.org/safe-push-apply/-/safe-push-apply-1.0.0.tgz 0ms (cache hit)
2610 http cache safe-regex-test@https://registry.npmjs.org/safe-regex-test/-/safe-regex-test-1.1.0.tgz 0ms (cache hit)
2611 http cache regexp.prototype.flags@https://registry.npmjs.org/regexp.prototype.flags/-/regexp.prototype.flags-1.5.4.tgz 0ms (cache hit)
2612 http cache object-inspect@https://registry.npmjs.org/object-inspect/-/object-inspect-1.13.4.tgz 0ms (cache hit)
2613 http cache own-keys@https://registry.npmjs.org/own-keys/-/own-keys-1.0.1.tgz 0ms (cache hit)
2614 http cache is-weakref@https://registry.npmjs.org/is-weakref/-/is-weakref-1.1.1.tgz 0ms (cache hit)
2615 http cache object.assign@https://registry.npmjs.org/object.assign/-/object.assign-4.1.7.tgz 0ms (cache hit)
2616 http cache is-set@https://registry.npmjs.org/is-set/-/is-set-2.0.3.tgz 0ms (cache hit)
2617 http cache is-regex@https://registry.npmjs.org/is-regex/-/is-regex-1.2.1.tgz 0ms (cache hit)
2618 http cache is-shared-array-buffer@https://registry.npmjs.org/is-shared-array-buffer/-/is-shared-array-buffer-1.0.4.tgz 0ms (cache hit)
2619 http cache is-negative-zero@https://registry.npmjs.org/is-negative-zero/-/is-negative-zero-2.0.3.tgz 0ms (cache hit)
2620 http cache is-typed-array@https://registry.npmjs.org/is-typed-array/-/is-typed-array-1.1.15.tgz 0ms (cache hit)
2621 http cache is-callable@https://registry.npmjs.org/is-callable/-/is-callable-1.2.7.tgz 0ms (cache hit)
2622 http cache is-data-view@https://registry.npmjs.org/is-data-view/-/is-data-view-1.0.2.tgz 0ms (cache hit)
2623 http cache has-symbols@https://registry.npmjs.org/has-symbols/-/has-symbols-1.1.0.tgz 0ms (cache hit)
2624 http cache has-proto@https://registry.npmjs.org/has-proto/-/has-proto-1.2.0.tgz 0ms (cache hit)
2625 http cache is-array-buffer@https://registry.npmjs.org/is-array-buffer/-/is-array-buffer-3.0.5.tgz 0ms (cache hit)
2626 http cache globalthis@https://registry.npmjs.org/globalthis/-/globalthis-1.0.4.tgz 0ms (cache hit)
2627 http cache internal-slot@https://registry.npmjs.org/internal-slot/-/internal-slot-1.1.0.tgz 0ms (cache hit)
2628 http cache get-symbol-description@https://registry.npmjs.org/get-symbol-description/-/get-symbol-description-1.1.0.tgz 0ms (cache hit)
2629 http cache function.prototype.name@https://registry.npmjs.org/function.prototype.name/-/function.prototype.name-1.1.8.tgz 0ms (cache hit)
2630 http cache data-view-byte-length@https://registry.npmjs.org/data-view-byte-length/-/data-view-byte-length-1.0.2.tgz 0ms (cache hit)
2631 http cache es-to-primitive@https://registry.npmjs.org/es-to-primitive/-/es-to-primitive-1.3.0.tgz 0ms (cache hit)
2632 http cache es-set-tostringtag@https://registry.npmjs.org/es-set-tostringtag/-/es-set-tostringtag-2.1.0.tgz 0ms (cache hit)
2633 http cache get-proto@https://registry.npmjs.org/get-proto/-/get-proto-1.0.1.tgz 0ms (cache hit)
2634 http cache data-view-buffer@https://registry.npmjs.org/data-view-buffer/-/data-view-buffer-1.0.2.tgz 0ms (cache hit)
2635 http cache arraybuffer.prototype.slice@https://registry.npmjs.org/arraybuffer.prototype.slice/-/arraybuffer.prototype.slice-1.0.4.tgz 0ms (cache hit)
2636 http cache data-view-byte-offset@https://registry.npmjs.org/data-view-byte-offset/-/data-view-byte-offset-1.0.1.tgz 0ms (cache hit)
2637 http cache available-typed-arrays@https://registry.npmjs.org/available-typed-arrays/-/available-typed-arrays-1.0.7.tgz 0ms (cache hit)
2638 http cache object-keys@https://registry.npmjs.org/object-keys/-/object-keys-1.1.1.tgz 0ms (cache hit)
2639 http cache array-buffer-byte-length@https://registry.npmjs.org/array-buffer-byte-length/-/array-buffer-byte-length-1.0.2.tgz 0ms (cache hit)
2640 http cache gopd@https://registry.npmjs.org/gopd/-/gopd-1.2.0.tgz 0ms (cache hit)
2641 http cache define-data-property@https://registry.npmjs.org/define-data-property/-/define-data-property-1.1.4.tgz 0ms (cache hit)
2642 http cache function-bind@https://registry.npmjs.org/function-bind/-/function-bind-1.1.2.tgz 0ms (cache hit)
2643 http cache set-function-length@https://registry.npmjs.org/set-function-length/-/set-function-length-1.2.2.tgz 0ms (cache hit)
2644 http cache es-define-property@https://registry.npmjs.org/es-define-property/-/es-define-property-1.0.1.tgz 0ms (cache hit)
2645 http cache has-property-descriptors@https://registry.npmjs.org/has-property-descriptors/-/has-property-descriptors-1.0.2.tgz 0ms (cache hit)
2646 http cache call-bind-apply-helpers@https://registry.npmjs.org/call-bind-apply-helpers/-/call-bind-apply-helpers-1.0.2.tgz 0ms (cache hit)
2647 http cache math-intrinsics@https://registry.npmjs.org/math-intrinsics/-/math-intrinsics-1.1.0.tgz 0ms (cache hit)
2648 http cache es-object-atoms@https://registry.npmjs.org/es-object-atoms/-/es-object-atoms-1.1.1.tgz 0ms (cache hit)
2649 http cache is-string@https://registry.npmjs.org/is-string/-/is-string-1.1.1.tgz 0ms (cache hit)
2650 http cache get-intrinsic@https://registry.npmjs.org/get-intrinsic/-/get-intrinsic-1.3.0.tgz 0ms (cache hit)
2651 http cache es-errors@https://registry.npmjs.org/es-errors/-/es-errors-1.3.0.tgz 0ms (cache hit)
2652 http cache es-shim-unscopables@https://registry.npmjs.org/es-shim-unscopables/-/es-shim-unscopables-1.1.0.tgz 0ms (cache hit)
2653 http cache define-properties@https://registry.npmjs.org/define-properties/-/define-properties-1.2.1.tgz 0ms (cache hit)
2654 http cache es-abstract@https://registry.npmjs.org/es-abstract/-/es-abstract-1.24.1.tgz 0ms (cache hit)
2655 http cache call-bound@https://registry.npmjs.org/call-bound/-/call-bound-1.0.4.tgz 0ms (cache hit)
2656 http cache tsconfig-paths@https://registry.npmjs.org/tsconfig-paths/-/tsconfig-paths-3.15.0.tgz 0ms (cache hit)
2657 http cache call-bind@https://registry.npmjs.org/call-bind/-/call-bind-1.0.8.tgz 0ms (cache hit)
2658 http cache object.values@https://registry.npmjs.org/object.values/-/object.values-1.2.1.tgz 0ms (cache hit)
2659 http cache string.prototype.trimend@https://registry.npmjs.org/string.prototype.trimend/-/string.prototype.trimend-1.0.9.tgz 0ms (cache hit)
2660 http cache object.groupby@https://registry.npmjs.org/object.groupby/-/object.groupby-1.0.3.tgz 0ms (cache hit)
2661 http cache eslint-module-utils@https://registry.npmjs.org/eslint-module-utils/-/eslint-module-utils-2.12.1.tgz 0ms (cache hit)
2662 http cache object.fromentries@https://registry.npmjs.org/object.fromentries/-/object.fromentries-2.0.8.tgz 0ms (cache hit)
2663 http cache hasown@https://registry.npmjs.org/hasown/-/hasown-2.0.2.tgz 0ms (cache hit)
2664 http cache array.prototype.flat@https://registry.npmjs.org/array.prototype.flat/-/array.prototype.flat-1.3.3.tgz 0ms (cache hit)
2665 http cache array-includes@https://registry.npmjs.org/array-includes/-/array-includes-3.1.9.tgz 0ms (cache hit)
2666 http cache array.prototype.findlastindex@https://registry.npmjs.org/array.prototype.findlastindex/-/array.prototype.findlastindex-1.2.6.tgz 0ms (cache hit)
2667 http cache array.prototype.flatmap@https://registry.npmjs.org/array.prototype.flatmap/-/array.prototype.flatmap-1.3.3.tgz 0ms (cache hit)
2668 http cache @rtsao/scc@https://registry.npmjs.org/@rtsao/scc/-/scc-1.1.0.tgz 0ms (cache hit)
2669 http cache is-bun-module@https://registry.npmjs.org/is-bun-module/-/is-bun-module-2.0.0.tgz 0ms (cache hit)
2670 http cache tinyglobby@https://registry.npmjs.org/tinyglobby/-/tinyglobby-0.2.15.tgz 0ms (cache hit)
2671 http cache get-tsconfig@https://registry.npmjs.org/get-tsconfig/-/get-tsconfig-4.13.7.tgz 0ms (cache hit)
2672 http cache unrs-resolver@https://registry.npmjs.org/unrs-resolver/-/unrs-resolver-1.11.1.tgz 0ms (cache hit)
2673 http cache stable-hash@https://registry.npmjs.org/stable-hash/-/stable-hash-0.0.5.tgz 0ms (cache hit)
2674 http cache @nolyfill/is-core-module@https://registry.npmjs.org/@nolyfill/is-core-module/-/is-core-module-1.0.39.tgz 0ms (cache hit)
2675 http cache resolve@https://registry.npmjs.org/resolve/-/resolve-2.0.0-next.6.tgz 0ms (cache hit)
2676 http cache is-core-module@https://registry.npmjs.org/is-core-module/-/is-core-module-2.16.1.tgz 0ms (cache hit)
2677 http cache ts-api-utils@https://registry.npmjs.org/ts-api-utils/-/ts-api-utils-1.4.3.tgz 0ms (cache hit)
2678 http cache @typescript-eslint/types@https://registry.npmjs.org/@typescript-eslint/types/-/types-7.2.0.tgz 0ms (cache hit)
2679 http cache @typescript-eslint/visitor-keys@https://registry.npmjs.org/@typescript-eslint/visitor-keys/-/visitor-keys-7.2.0.tgz 0ms (cache hit)
2680 http cache semver@https://registry.npmjs.org/semver/-/semver-7.7.4.tgz 0ms (cache hit)
2681 http cache globby@https://registry.npmjs.org/globby/-/globby-11.1.0.tgz 0ms (cache hit)
2682 http cache @typescript-eslint/typescript-estree@https://registry.npmjs.org/@typescript-eslint/typescript-estree/-/typescript-estree-7.2.0.tgz 0ms (cache hit)
2683 http cache @typescript-eslint/scope-manager@https://registry.npmjs.org/@typescript-eslint/scope-manager/-/scope-manager-7.2.0.tgz 0ms (cache hit)
2684 http cache eslint-plugin-react@https://registry.npmjs.org/eslint-plugin-react/-/eslint-plugin-react-7.37.5.tgz 0ms (cache hit)
2685 http cache eslint-plugin-jsx-a11y@https://registry.npmjs.org/eslint-plugin-jsx-a11y/-/eslint-plugin-jsx-a11y-6.10.2.tgz 0ms (cache hit)
2686 http cache glob@https://registry.npmjs.org/glob/-/glob-10.3.10.tgz 0ms (cache hit)
2687 http cache eslint-plugin-react-hooks@https://registry.npmjs.org/eslint-plugin-react-hooks/-/eslint-plugin-react-hooks-5.0.0-canary-7118f5dd7-20230705.tgz 0ms (cache hit)
2688 http cache eslint-plugin-import@https://registry.npmjs.org/eslint-plugin-import/-/eslint-plugin-import-2.32.0.tgz 0ms (cache hit)
2689 http cache eslint-import-resolver-typescript@https://registry.npmjs.org/eslint-import-resolver-typescript/-/eslint-import-resolver-typescript-3.10.1.tgz 0ms (cache hit)
2690 http cache @rushstack/eslint-patch@https://registry.npmjs.org/@rushstack/eslint-patch/-/eslint-patch-1.16.1.tgz 0ms (cache hit)
2691 http cache ms@https://registry.npmjs.org/ms/-/ms-2.1.3.tgz 0ms (cache hit)
2692 http cache eslint-import-resolver-node@https://registry.npmjs.org/eslint-import-resolver-node/-/eslint-import-resolver-node-0.3.10.tgz 0ms (cache hit)
2693 http cache @typescript-eslint/parser@https://registry.npmjs.org/@typescript-eslint/parser/-/parser-7.2.0.tgz 0ms (cache hit)
2694 http cache @next/eslint-plugin-next@https://registry.npmjs.org/@next/eslint-plugin-next/-/eslint-plugin-next-14.2.5.tgz 0ms (cache hit)
2695 http cache which@https://registry.npmjs.org/which/-/which-2.0.2.tgz 0ms (cache hit)
2696 http cache path-key@https://registry.npmjs.org/path-key/-/path-key-3.1.1.tgz 0ms (cache hit)
2697 http cache color-convert@https://registry.npmjs.org/color-convert/-/color-convert-2.0.1.tgz 0ms (cache hit)
2698 http cache color-name@https://registry.npmjs.org/color-name/-/color-name-1.1.4.tgz 0ms (cache hit)
2699 http cache supports-color@https://registry.npmjs.org/supports-color/-/supports-color-7.2.0.tgz 0ms (cache hit)
2700 http cache ansi-styles@https://registry.npmjs.org/ansi-styles/-/ansi-styles-4.3.0.tgz 0ms (cache hit)
2701 http cache json-schema-traverse@https://registry.npmjs.org/json-schema-traverse/-/json-schema-traverse-0.4.1.tgz 0ms (cache hit)
2702 http cache fast-json-stable-stringify@https://registry.npmjs.org/fast-json-stable-stringify/-/fast-json-stable-stringify-2.1.0.tgz 0ms (cache hit)
2703 http cache run-parallel@https://registry.npmjs.org/run-parallel/-/run-parallel-1.2.0.tgz 0ms (cache hit)
2704 http cache uri-js@https://registry.npmjs.org/uri-js/-/uri-js-4.4.1.tgz 0ms (cache hit)
2705 http cache shebang-command@https://registry.npmjs.org/shebang-command/-/shebang-command-2.0.0.tgz 0ms (cache hit)
2706 http cache @humanwhocodes/object-schema@https://registry.npmjs.org/@humanwhocodes/object-schema/-/object-schema-2.0.3.tgz 0ms (cache hit)
2707 http cache @nodelib/fs.scandir@https://registry.npmjs.org/@nodelib/fs.scandir/-/fs.scandir-2.1.5.tgz 0ms (cache hit)
2708 http cache @nodelib/fs.stat@https://registry.npmjs.org/@nodelib/fs.stat/-/fs.stat-2.0.5.tgz 0ms (cache hit)
2709 http cache import-fresh@https://registry.npmjs.org/import-fresh/-/import-fresh-3.3.1.tgz 0ms (cache hit)
2710 http cache strip-json-comments@https://registry.npmjs.org/strip-json-comments/-/strip-json-comments-3.1.1.tgz 0ms (cache hit)
2711 http cache text-table@https://registry.npmjs.org/text-table/-/text-table-0.2.0.tgz 0ms (cache hit)
2712 http cache optionator@https://registry.npmjs.org/optionator/-/optionator-0.9.4.tgz 0ms (cache hit)
2713 http cache strip-ansi@https://registry.npmjs.org/strip-ansi/-/strip-ansi-6.0.1.tgz 0ms (cache hit)
2714 http cache lodash.merge@https://registry.npmjs.org/lodash.merge/-/lodash.merge-4.6.2.tgz 0ms (cache hit)
2715 http cache minimatch@https://registry.npmjs.org/minimatch/-/minimatch-3.1.5.tgz 0ms (cache hit)
2716 http cache natural-compare@https://registry.npmjs.org/natural-compare/-/natural-compare-1.4.0.tgz 0ms (cache hit)
2717 http cache is-path-inside@https://registry.npmjs.org/is-path-inside/-/is-path-inside-3.0.3.tgz 0ms (cache hit)
2718 http cache fastq@https://registry.npmjs.org/fastq/-/fastq-1.20.1.tgz 0ms (cache hit)
2719 http cache json-stable-stringify-without-jsonify@https://registry.npmjs.org/json-stable-stringify-without-jsonify/-/json-stable-stringify-without-jsonify-1.0.1.tgz 0ms (cache hit)
2720 http cache is-glob@https://registry.npmjs.org/is-glob/-/is-glob-4.0.3.tgz 0ms (cache hit)
2721 http cache js-yaml@https://registry.npmjs.org/js-yaml/-/js-yaml-4.1.1.tgz 0ms (cache hit)
2722 http cache imurmurhash@https://registry.npmjs.org/imurmurhash/-/imurmurhash-0.1.4.tgz 0ms (cache hit)
2723 http cache graphemer@https://registry.npmjs.org/graphemer/-/graphemer-1.4.0.tgz 0ms (cache hit)
2724 http cache ignore@https://registry.npmjs.org/ignore/-/ignore-5.3.2.tgz 0ms (cache hit)
2725 http cache globals@https://registry.npmjs.org/globals/-/globals-13.24.0.tgz 0ms (cache hit)
2726 http cache glob-parent@https://registry.npmjs.org/glob-parent/-/glob-parent-6.0.2.tgz 0ms (cache hit)
2727 http cache file-entry-cache@https://registry.npmjs.org/file-entry-cache/-/file-entry-cache-6.0.1.tgz 0ms (cache hit)
2728 http cache esquery@https://registry.npmjs.org/esquery/-/esquery-1.7.0.tgz 0ms (cache hit)
2729 http cache levn@https://registry.npmjs.org/levn/-/levn-0.4.1.tgz 0ms (cache hit)
2730 http cache eslint-visitor-keys@https://registry.npmjs.org/eslint-visitor-keys/-/eslint-visitor-keys-3.4.3.tgz 0ms (cache hit)
2731 http cache eslint-scope@https://registry.npmjs.org/eslint-scope/-/eslint-scope-7.2.2.tgz 0ms (cache hit)
2732 http cache espree@https://registry.npmjs.org/espree/-/espree-9.6.1.tgz 0ms (cache hit)
2733 http cache doctrine@https://registry.npmjs.org/doctrine/-/doctrine-3.0.0.tgz 0ms (cache hit)
2734 http cache escape-string-regexp@https://registry.npmjs.org/escape-string-regexp/-/escape-string-regexp-4.0.0.tgz 0ms (cache hit)
2735 http cache esutils@https://registry.npmjs.org/esutils/-/esutils-2.0.3.tgz 0ms (cache hit)
2736 http cache debug@https://registry.npmjs.org/debug/-/debug-4.4.3.tgz 0ms (cache hit)
2737 http cache find-up@https://registry.npmjs.org/find-up/-/find-up-5.0.0.tgz 0ms (cache hit)
2738 http cache cross-spawn@https://registry.npmjs.org/cross-spawn/-/cross-spawn-7.0.6.tgz 0ms (cache hit)
2739 http cache chalk@https://registry.npmjs.org/chalk/-/chalk-4.1.2.tgz 0ms (cache hit)
2740 http cache fast-deep-equal@https://registry.npmjs.org/fast-deep-equal/-/fast-deep-equal-3.1.3.tgz 0ms (cache hit)
2741 http cache @nodelib/fs.walk@https://registry.npmjs.org/@nodelib/fs.walk/-/fs.walk-1.2.8.tgz 0ms (cache hit)
2742 http cache @ungap/structured-clone@https://registry.npmjs.org/@ungap/structured-clone/-/structured-clone-1.3.0.tgz 0ms (cache hit)
2743 http cache @humanwhocodes/config-array@https://registry.npmjs.org/@humanwhocodes/config-array/-/config-array-0.13.0.tgz 0ms (cache hit)
2744 http cache @humanwhocodes/module-importer@https://registry.npmjs.org/@humanwhocodes/module-importer/-/module-importer-1.0.1.tgz 0ms (cache hit)
2745 http cache @eslint/eslintrc@https://registry.npmjs.org/@eslint/eslintrc/-/eslintrc-2.1.4.tgz 0ms (cache hit)
2746 http cache @eslint/js@https://registry.npmjs.org/@eslint/js/-/js-8.57.1.tgz 0ms (cache hit)
2747 http cache @eslint-community/eslint-utils@https://registry.npmjs.org/@eslint-community/eslint-utils/-/eslint-utils-4.9.1.tgz 0ms (cache hit)
2748 http cache update-browserslist-db@https://registry.npmjs.org/update-browserslist-db/-/update-browserslist-db-1.2.3.tgz 0ms (cache hit)
2749 http cache electron-to-chromium@https://registry.npmjs.org/electron-to-chromium/-/electron-to-chromium-1.5.331.tgz 0ms (cache hit)
2750 http cache node-releases@https://registry.npmjs.org/node-releases/-/node-releases-2.0.37.tgz 0ms (cache hit)
2751 http cache baseline-browser-mapping@https://registry.npmjs.org/baseline-browser-mapping/-/baseline-browser-mapping-2.10.13.tgz 0ms (cache hit)
2752 http cache picocolors@https://registry.npmjs.org/picocolors/-/picocolors-1.1.1.tgz 0ms (cache hit)
2753 http cache postcss-value-parser@https://registry.npmjs.org/postcss-value-parser/-/postcss-value-parser-4.2.0.tgz 0ms (cache hit)
2754 http cache fraction.js@https://registry.npmjs.org/fraction.js/-/fraction.js-5.3.4.tgz 0ms (cache hit)
2755 http cache caniuse-lite@https://registry.npmjs.org/caniuse-lite/-/caniuse-lite-1.0.30001784.tgz 0ms (cache hit)
2756 http cache browserslist@https://registry.npmjs.org/browserslist/-/browserslist-4.28.2.tgz 0ms (cache hit)
2757 http cache csstype@https://registry.npmjs.org/csstype/-/csstype-3.2.3.tgz 0ms (cache hit)
2758 http cache @types/prop-types@https://registry.npmjs.org/@types/prop-types/-/prop-types-15.7.15.tgz 0ms (cache hit)
2759 http cache undici-types@https://registry.npmjs.org/undici-types/-/undici-types-6.21.0.tgz 0ms (cache hit)
2760 http cache iceberg-js@https://registry.npmjs.org/iceberg-js/-/iceberg-js-0.8.1.tgz 0ms (cache hit)
2761 http cache @eslint-community/regexpp@https://registry.npmjs.org/@eslint-community/regexpp/-/regexpp-4.12.2.tgz 0ms (cache hit)
2762 http cache ws@https://registry.npmjs.org/ws/-/ws-8.20.0.tgz 0ms (cache hit)
2763 http cache @types/ws@https://registry.npmjs.org/@types/ws/-/ws-8.18.1.tgz 0ms (cache hit)
2764 http cache @supabase/storage-js@https://registry.npmjs.org/@supabase/storage-js/-/storage-js-2.101.1.tgz 0ms (cache hit)
2765 http cache tslib@https://registry.npmjs.org/tslib/-/tslib-2.8.1.tgz 0ms (cache hit)
2766 http cache ajv@https://registry.npmjs.org/ajv/-/ajv-6.14.0.tgz 0ms (cache hit)
2767 http cache @supabase/functions-js@https://registry.npmjs.org/@supabase/functions-js/-/functions-js-2.101.1.tgz 0ms (cache hit)
2768 http cache @supabase/postgrest-js@https://registry.npmjs.org/@supabase/postgrest-js/-/postgrest-js-2.101.1.tgz 0ms (cache hit)
2769 http cache @supabase/auth-js@https://registry.npmjs.org/@supabase/auth-js/-/auth-js-2.101.1.tgz 0ms (cache hit)
2770 http cache @supabase/realtime-js@https://registry.npmjs.org/@supabase/realtime-js/-/realtime-js-2.101.1.tgz 0ms (cache hit)
2771 http cache zod@https://registry.npmjs.org/zod/-/zod-3.25.76.tgz 0ms (cache hit)
2772 http cache typescript@https://registry.npmjs.org/typescript/-/typescript-5.9.3.tgz 0ms (cache hit)
2773 http cache tailwindcss@https://registry.npmjs.org/tailwindcss/-/tailwindcss-3.4.19.tgz 0ms (cache hit)
2774 http cache react-dom@https://registry.npmjs.org/react-dom/-/react-dom-18.3.1.tgz 0ms (cache hit)
2775 http cache react@https://registry.npmjs.org/react/-/react-18.3.1.tgz 0ms (cache hit)
2776 http cache next@https://registry.npmjs.org/next/-/next-14.2.5.tgz 0ms (cache hit)
2777 http cache eslint@https://registry.npmjs.org/eslint/-/eslint-8.57.1.tgz 0ms (cache hit)
2778 http cache eslint-config-next@https://registry.npmjs.org/eslint-config-next/-/eslint-config-next-14.2.5.tgz 0ms (cache hit)
2779 http cache postcss@https://registry.npmjs.org/postcss/-/postcss-8.5.8.tgz 0ms (cache hit)
2780 http cache autoprefixer@https://registry.npmjs.org/autoprefixer/-/autoprefixer-10.4.27.tgz 0ms (cache hit)
2781 http cache @types/react-dom@https://registry.npmjs.org/@types/react-dom/-/react-dom-18.3.7.tgz 0ms (cache hit)
2782 http cache @types/react@https://registry.npmjs.org/@types/react/-/react-18.3.28.tgz 0ms (cache hit)
2783 http cache @types/node@https://registry.npmjs.org/@types/node/-/node-20.19.37.tgz 0ms (cache hit)
2784 http cache @supabase/supabase-js@https://registry.npmjs.org/@supabase/supabase-js/-/supabase-js-2.101.1.tgz 0ms (cache hit)
2785 http cache resolve@https://registry.npmjs.org/resolve/-/resolve-1.22.11.tgz 0ms (cache hit)
2786 http cache glob-parent@https://registry.npmjs.org/glob-parent/-/glob-parent-5.1.2.tgz 0ms (cache hit)
2787 http cache semver@https://registry.npmjs.org/semver/-/semver-6.3.1.tgz 0ms (cache hit)
2788 http cache emoji-regex@https://registry.npmjs.org/emoji-regex/-/emoji-regex-8.0.0.tgz 0ms (cache hit)
2789 http cache string-width@https://registry.npmjs.org/string-width/-/string-width-4.2.3.tgz 0ms (cache hit)
2790 http cache strip-ansi@https://registry.npmjs.org/strip-ansi/-/strip-ansi-7.2.0.tgz 0ms (cache hit)
2791 http cache ansi-styles@https://registry.npmjs.org/ansi-styles/-/ansi-styles-6.2.3.tgz 0ms (cache hit)
2792 http cache ansi-regex@https://registry.npmjs.org/ansi-regex/-/ansi-regex-6.2.2.tgz 0ms (cache hit)
2793 http cache ansi-regex@https://registry.npmjs.org/ansi-regex/-/ansi-regex-6.2.2.tgz 0ms (cache hit)
2794 http cache strip-ansi@https://registry.npmjs.org/strip-ansi/-/strip-ansi-7.2.0.tgz 0ms (cache hit)
2795 http cache glob-parent@https://registry.npmjs.org/glob-parent/-/glob-parent-5.1.2.tgz 0ms (cache hit)
2796 http cache debug@https://registry.npmjs.org/debug/-/debug-3.2.7.tgz 0ms (cache hit)
2797 http cache picomatch@https://registry.npmjs.org/picomatch/-/picomatch-4.0.4.tgz 0ms (cache hit)
2798 http cache strip-ansi@https://registry.npmjs.org/strip-ansi/-/strip-ansi-7.2.0.tgz 0ms (cache hit)
2799 http cache glob@https://registry.npmjs.org/glob/-/glob-7.2.3.tgz 0ms (cache hit)
2800 http cache ansi-regex@https://registry.npmjs.org/ansi-regex/-/ansi-regex-6.2.2.tgz 0ms (cache hit)
2801 http cache emoji-regex@https://registry.npmjs.org/emoji-regex/-/emoji-regex-8.0.0.tgz 1ms (cache hit)
2802 http cache fdir@https://registry.npmjs.org/fdir/-/fdir-6.5.0.tgz 0ms (cache hit)
2803 http cache minimatch@https://registry.npmjs.org/minimatch/-/minimatch-9.0.3.tgz 0ms (cache hit)
2804 http cache brace-expansion@https://registry.npmjs.org/brace-expansion/-/brace-expansion-2.0.3.tgz 0ms (cache hit)
2805 http cache brace-expansion@https://registry.npmjs.org/brace-expansion/-/brace-expansion-2.0.3.tgz 0ms (cache hit)
2806 http cache semver@https://registry.npmjs.org/semver/-/semver-6.3.1.tgz 0ms (cache hit)
2807 http cache minimatch@https://registry.npmjs.org/minimatch/-/minimatch-9.0.9.tgz 0ms (cache hit)
2808 http cache doctrine@https://registry.npmjs.org/doctrine/-/doctrine-2.1.0.tgz 0ms (cache hit)
2809 http cache semver@https://registry.npmjs.org/semver/-/semver-6.3.1.tgz 0ms (cache hit)
2810 http cache doctrine@https://registry.npmjs.org/doctrine/-/doctrine-2.1.0.tgz 0ms (cache hit)
2811 http cache postcss@https://registry.npmjs.org/postcss/-/postcss-8.4.31.tgz 0ms (cache hit)
2812 http cache debug@https://registry.npmjs.org/debug/-/debug-3.2.7.tgz 0ms (cache hit)
2813 http cache resolve@https://registry.npmjs.org/resolve/-/resolve-1.22.11.tgz 0ms (cache hit)
2814 http cache @supabase/phoenix@https://registry.npmjs.org/@supabase/phoenix/-/phoenix-0.4.0.tgz 0ms (cache hit)
2815 http cache debug@https://registry.npmjs.org/debug/-/debug-3.2.7.tgz 0ms (cache hit)
2816 silly tarball no local data for wrappy@https://registry.npmjs.org/wrappy/-/wrappy-1.0.2.tgz. Extracting by manifest.
2817 silly tarball no local data for path-is-absolute@https://registry.npmjs.org/path-is-absolute/-/path-is-absolute-1.0.1.tgz. Extracting by manifest.
2818 silly tarball no local data for inherits@https://registry.npmjs.org/inherits/-/inherits-2.0.4.tgz. Extracting by manifest.
2819 silly tarball no local data for inflight@https://registry.npmjs.org/inflight/-/inflight-1.0.6.tgz. Extracting by manifest.
2820 silly tarball no local data for once@https://registry.npmjs.org/once/-/once-1.4.0.tgz. Extracting by manifest.
2821 silly tarball no local data for is-weakset@https://registry.npmjs.org/is-weakset/-/is-weakset-2.0.4.tgz. Extracting by manifest.
2822 silly tarball no local data for fs.realpath@https://registry.npmjs.org/fs.realpath/-/fs.realpath-1.0.0.tgz. Extracting by manifest.
2823 silly tarball no local data for is-weakmap@https://registry.npmjs.org/is-weakmap/-/is-weakmap-2.0.2.tgz. Extracting by manifest.
2824 silly tarball no local data for generator-function@https://registry.npmjs.org/generator-function/-/generator-function-2.0.1.tgz. Extracting by manifest.
2825 silly tarball no local data for which-collection@https://registry.npmjs.org/which-collection/-/which-collection-1.0.2.tgz. Extracting by manifest.
2826 silly tarball no local data for is-generator-function@https://registry.npmjs.org/is-generator-function/-/is-generator-function-1.1.2.tgz. Extracting by manifest.
2827 silly tarball no local data for is-map@https://registry.npmjs.org/is-map/-/is-map-2.0.3.tgz. Extracting by manifest.
2828 silly tarball no local data for async-function@https://registry.npmjs.org/async-function/-/async-function-1.0.0.tgz. Extracting by manifest.
2829 silly tarball no local data for is-number-object@https://registry.npmjs.org/is-number-object/-/is-number-object-1.1.1.tgz. Extracting by manifest.
2830 silly tarball no local data for is-async-function@https://registry.npmjs.org/is-async-function/-/is-async-function-2.1.1.tgz. Extracting by manifest.
2831 silly tarball no local data for is-finalizationregistry@https://registry.npmjs.org/is-finalizationregistry/-/is-finalizationregistry-1.1.1.tgz. Extracting by manifest.
2832 silly tarball no local data for is-bigint@https://registry.npmjs.org/is-bigint/-/is-bigint-1.1.0.tgz. Extracting by manifest.
2833 silly tarball no local data for punycode@https://registry.npmjs.org/punycode/-/punycode-2.3.1.tgz. Extracting by manifest.
2834 silly tarball no local data for is-boolean-object@https://registry.npmjs.org/is-boolean-object/-/is-boolean-object-1.2.2.tgz. Extracting by manifest.
2835 silly tarball no local data for isexe@https://registry.npmjs.org/isexe/-/isexe-2.0.0.tgz. Extracting by manifest.
2836 silly tarball no local data for napi-postinstall@https://registry.npmjs.org/napi-postinstall/-/napi-postinstall-0.3.4.tgz. Extracting by manifest.
2837 silly tarball no local data for escalade@https://registry.npmjs.org/escalade/-/escalade-3.2.0.tgz. Extracting by manifest.
2838 silly tarball no local data for which-boxed-primitive@https://registry.npmjs.org/which-boxed-primitive/-/which-boxed-primitive-1.1.1.tgz. Extracting by manifest.
2839 silly tarball no local data for which-builtin-type@https://registry.npmjs.org/which-builtin-type/-/which-builtin-type-1.2.1.tgz. Extracting by manifest.
2840 silly tarball no local data for for-each@https://registry.npmjs.org/for-each/-/for-each-0.3.5.tgz. Extracting by manifest.
2841 silly tarball no local data for @unrs/resolver-binding-darwin-arm64@https://registry.npmjs.org/@unrs/resolver-binding-darwin-arm64/-/resolver-binding-darwin-arm64-1.11.1.tgz. Extracting by manifest.
2842 silly tarball no local data for reflect.getprototypeof@https://registry.npmjs.org/reflect.getprototypeof/-/reflect.getprototypeof-1.0.10.tgz. Extracting by manifest.
2843 silly tarball no local data for has-bigints@https://registry.npmjs.org/has-bigints/-/has-bigints-1.1.0.tgz. Extracting by manifest.
2844 silly tarball no local data for json5@https://registry.npmjs.org/json5/-/json5-1.0.2.tgz. Extracting by manifest.
2845 silly tarball no local data for strip-bom@https://registry.npmjs.org/strip-bom/-/strip-bom-3.0.0.tgz. Extracting by manifest.
2846 silly tarball no local data for is-number@https://registry.npmjs.org/is-number/-/is-number-7.0.0.tgz. Extracting by manifest.
2847 silly tarball no local data for thenify-all@https://registry.npmjs.org/thenify-all/-/thenify-all-1.6.0.tgz. Extracting by manifest.
2848 silly tarball no local data for @types/json5@https://registry.npmjs.org/@types/json5/-/json5-0.0.29.tgz. Extracting by manifest.
2849 silly tarball no local data for thenify@https://registry.npmjs.org/thenify/-/thenify-3.3.1.tgz. Extracting by manifest.
2850 silly tarball no local data for minimist@https://registry.npmjs.org/minimist/-/minimist-1.2.8.tgz. Extracting by manifest.
2851 silly tarball no local data for any-promise@https://registry.npmjs.org/any-promise/-/any-promise-1.3.0.tgz. Extracting by manifest.
2852 silly tarball no local data for ts-interface-checker@https://registry.npmjs.org/ts-interface-checker/-/ts-interface-checker-0.1.13.tgz. Extracting by manifest.
2853 silly tarball no local data for mz@https://registry.npmjs.org/mz/-/mz-2.7.0.tgz. Extracting by manifest.
2854 silly tarball no local data for pirates@https://registry.npmjs.org/pirates/-/pirates-4.0.7.tgz. Extracting by manifest.
2855 silly tarball no local data for @jridgewell/trace-mapping@https://registry.npmjs.org/@jridgewell/trace-mapping/-/trace-mapping-0.3.31.tgz. Extracting by manifest.
2856 silly tarball no local data for @jridgewell/resolve-uri@https://registry.npmjs.org/@jridgewell/resolve-uri/-/resolve-uri-3.1.2.tgz. Extracting by manifest.
2857 silly tarball no local data for @jridgewell/sourcemap-codec@https://registry.npmjs.org/@jridgewell/sourcemap-codec/-/sourcemap-codec-1.5.5.tgz. Extracting by manifest.
2858 silly tarball no local data for commander@https://registry.npmjs.org/commander/-/commander-4.1.1.tgz. Extracting by manifest.
2859 silly tarball no local data for lines-and-columns@https://registry.npmjs.org/lines-and-columns/-/lines-and-columns-1.2.4.tgz. Extracting by manifest.
2860 silly tarball no local data for util-deprecate@https://registry.npmjs.org/util-deprecate/-/util-deprecate-1.0.2.tgz. Extracting by manifest.
2861 silly tarball no local data for cssesc@https://registry.npmjs.org/cssesc/-/cssesc-3.0.0.tgz. Extracting by manifest.
2862 silly tarball no local data for camelcase-css@https://registry.npmjs.org/camelcase-css/-/camelcase-css-2.0.1.tgz. Extracting by manifest.
2863 silly tarball no local data for @jridgewell/gen-mapping@https://registry.npmjs.org/@jridgewell/gen-mapping/-/gen-mapping-0.3.13.tgz. Extracting by manifest.
2864 silly tarball no local data for pify@https://registry.npmjs.org/pify/-/pify-2.3.0.tgz. Extracting by manifest.
2865 silly tarball no local data for read-cache@https://registry.npmjs.org/read-cache/-/read-cache-1.0.0.tgz. Extracting by manifest.
2866 silly tarball no local data for readdirp@https://registry.npmjs.org/readdirp/-/readdirp-3.6.0.tgz. Extracting by manifest.
2867 silly tarball no local data for binary-extensions@https://registry.npmjs.org/binary-extensions/-/binary-extensions-2.3.0.tgz. Extracting by manifest.
2868 silly tarball no local data for is-binary-path@https://registry.npmjs.org/is-binary-path/-/is-binary-path-2.1.0.tgz. Extracting by manifest.
2869 silly tarball no local data for fsevents@https://registry.npmjs.org/fsevents/-/fsevents-2.3.3.tgz. Extracting by manifest.
2870 silly tarball no local data for sucrase@https://registry.npmjs.org/sucrase/-/sucrase-3.35.1.tgz. Extracting by manifest.
2871 silly tarball no local data for anymatch@https://registry.npmjs.org/anymatch/-/anymatch-3.1.3.tgz. Extracting by manifest.
2872 silly tarball no local data for postcss-selector-parser@https://registry.npmjs.org/postcss-selector-parser/-/postcss-selector-parser-6.1.2.tgz. Extracting by manifest.
2873 silly tarball no local data for postcss-nested@https://registry.npmjs.org/postcss-nested/-/postcss-nested-6.2.0.tgz. Extracting by manifest.
2874 silly tarball no local data for postcss-import@https://registry.npmjs.org/postcss-import/-/postcss-import-15.1.0.tgz. Extracting by manifest.
2875 silly tarball no local data for normalize-path@https://registry.npmjs.org/normalize-path/-/normalize-path-3.0.0.tgz. Extracting by manifest.
2876 silly tarball no local data for lilconfig@https://registry.npmjs.org/lilconfig/-/lilconfig-3.1.3.tgz. Extracting by manifest.
2877 silly tarball no local data for postcss-load-config@https://registry.npmjs.org/postcss-load-config/-/postcss-load-config-6.0.1.tgz. Extracting by manifest.
2878 silly tarball no local data for dlv@https://registry.npmjs.org/dlv/-/dlv-1.1.3.tgz. Extracting by manifest.
2879 silly tarball no local data for postcss-js@https://registry.npmjs.org/postcss-js/-/postcss-js-4.1.0.tgz. Extracting by manifest.
2880 silly tarball no local data for didyoumean@https://registry.npmjs.org/didyoumean/-/didyoumean-1.2.2.tgz. Extracting by manifest.
2881 silly tarball no local data for jiti@https://registry.npmjs.org/jiti/-/jiti-1.21.7.tgz. Extracting by manifest.
2882 silly tarball no local data for @alloc/quick-lru@https://registry.npmjs.org/@alloc/quick-lru/-/quick-lru-5.2.0.tgz. Extracting by manifest.
2883 silly tarball no local data for has-flag@https://registry.npmjs.org/has-flag/-/has-flag-4.0.0.tgz. Extracting by manifest.
2884 silly tarball no local data for arg@https://registry.npmjs.org/arg/-/arg-5.0.2.tgz. Extracting by manifest.
2885 silly tarball no local data for client-only@https://registry.npmjs.org/client-only/-/client-only-0.0.1.tgz. Extracting by manifest.
2886 silly tarball no local data for is-fullwidth-code-point@https://registry.npmjs.org/is-fullwidth-code-point/-/is-fullwidth-code-point-3.0.0.tgz. Extracting by manifest.
2887 silly tarball no local data for ansi-regex@https://registry.npmjs.org/ansi-regex/-/ansi-regex-5.0.1.tgz. Extracting by manifest.
2888 silly tarball no local data for eastasianwidth@https://registry.npmjs.org/eastasianwidth/-/eastasianwidth-0.2.0.tgz. Extracting by manifest.
2889 silly tarball no local data for side-channel-map@https://registry.npmjs.org/side-channel-map/-/side-channel-map-1.0.1.tgz. Extracting by manifest.
2890 silly tarball no local data for side-channel-weakmap@https://registry.npmjs.org/side-channel-weakmap/-/side-channel-weakmap-1.0.2.tgz. Extracting by manifest.
2891 silly tarball no local data for side-channel-list@https://registry.npmjs.org/side-channel-list/-/side-channel-list-1.0.0.tgz. Extracting by manifest.
2892 silly tarball no local data for isarray@https://registry.npmjs.org/isarray/-/isarray-2.0.5.tgz. Extracting by manifest.
2893 silly tarball no local data for shebang-regex@https://registry.npmjs.org/shebang-regex/-/shebang-regex-3.0.0.tgz. Extracting by manifest.
2894 silly tarball no local data for queue-microtask@https://registry.npmjs.org/queue-microtask/-/queue-microtask-1.2.3.tgz. Extracting by manifest.
2895 silly tarball no local data for supports-preserve-symlinks-flag@https://registry.npmjs.org/supports-preserve-symlinks-flag/-/supports-preserve-symlinks-flag-1.0.0.tgz. Extracting by manifest.
2896 silly tarball no local data for node-exports-info@https://registry.npmjs.org/node-exports-info/-/node-exports-info-1.6.0.tgz. Extracting by manifest.
2897 silly tarball no local data for scheduler@https://registry.npmjs.org/scheduler/-/scheduler-0.23.2.tgz. Extracting by manifest.
2898 silly tarball no local data for react-is@https://registry.npmjs.org/react-is/-/react-is-16.13.1.tgz. Extracting by manifest.
2899 silly tarball no local data for js-tokens@https://registry.npmjs.org/js-tokens/-/js-tokens-4.0.0.tgz. Extracting by manifest.
2900 silly tarball no local data for object-assign@https://registry.npmjs.org/object-assign/-/object-assign-4.1.1.tgz. Extracting by manifest.
2901 silly tarball no local data for nanoid@https://registry.npmjs.org/nanoid/-/nanoid-3.3.11.tgz. Extracting by manifest.
2902 silly tarball no local data for path-parse@https://registry.npmjs.org/path-parse/-/path-parse-1.0.7.tgz. Extracting by manifest.
2903 silly tarball no local data for source-map-js@https://registry.npmjs.org/source-map-js/-/source-map-js-1.2.1.tgz. Extracting by manifest.
2904 silly tarball no local data for chokidar@https://registry.npmjs.org/chokidar/-/chokidar-3.6.0.tgz. Extracting by manifest.
2905 silly tarball no local data for callsites@https://registry.npmjs.org/callsites/-/callsites-3.1.0.tgz. Extracting by manifest.
2906 silly tarball no local data for lru-cache@https://registry.npmjs.org/lru-cache/-/lru-cache-10.4.3.tgz. Extracting by manifest.
2907 silly tarball no local data for loose-envify@https://registry.npmjs.org/loose-envify/-/loose-envify-1.4.0.tgz. Extracting by manifest.
2908 silly tarball no local data for yocto-queue@https://registry.npmjs.org/yocto-queue/-/yocto-queue-0.1.0.tgz. Extracting by manifest.
2909 silly tarball no local data for p-limit@https://registry.npmjs.org/p-limit/-/p-limit-3.1.0.tgz. Extracting by manifest.
2910 silly tarball no local data for fast-levenshtein@https://registry.npmjs.org/fast-levenshtein/-/fast-levenshtein-2.0.6.tgz. Extracting by manifest.
2911 silly tarball no local data for deep-is@https://registry.npmjs.org/deep-is/-/deep-is-0.1.4.tgz. Extracting by manifest.
2912 silly tarball no local data for streamsearch@https://registry.npmjs.org/streamsearch/-/streamsearch-1.1.0.tgz. Extracting by manifest.
2913 silly tarball no local data for word-wrap@https://registry.npmjs.org/word-wrap/-/word-wrap-1.2.5.tgz. Extracting by manifest.
2914 silly tarball no local data for @swc/counter@https://registry.npmjs.org/@swc/counter/-/counter-0.1.3.tgz. Extracting by manifest.
2915 silly tarball no local data for styled-jsx@https://registry.npmjs.org/styled-jsx/-/styled-jsx-5.1.1.tgz. Extracting by manifest.
2916 silly tarball no local data for busboy@https://registry.npmjs.org/busboy/-/busboy-1.6.0.tgz. Extracting by manifest.
2917 silly tarball no local data for @next/swc-darwin-arm64@https://registry.npmjs.org/@next/swc-darwin-arm64/-/swc-darwin-arm64-14.2.5.tgz. Extracting by manifest.
2918 silly tarball no local data for @swc/helpers@https://registry.npmjs.org/@swc/helpers/-/helpers-0.5.5.tgz. Extracting by manifest.
2919 silly tarball no local data for graceful-fs@https://registry.npmjs.org/graceful-fs/-/graceful-fs-4.2.11.tgz. Extracting by manifest.
2920 silly tarball no local data for @next/env@https://registry.npmjs.org/@next/env/-/env-14.2.5.tgz. Extracting by manifest.
2921 silly tarball no local data for brace-expansion@https://registry.npmjs.org/brace-expansion/-/brace-expansion-1.1.13.tgz. Extracting by manifest.
2922 silly tarball no local data for to-regex-range@https://registry.npmjs.org/to-regex-range/-/to-regex-range-5.0.1.tgz. Extracting by manifest.
2923 silly tarball no local data for picomatch@https://registry.npmjs.org/picomatch/-/picomatch-2.3.2.tgz. Extracting by manifest.
2924 silly tarball no local data for concat-map@https://registry.npmjs.org/concat-map/-/concat-map-0.0.1.tgz. Extracting by manifest.
2925 silly tarball no local data for balanced-match@https://registry.npmjs.org/balanced-match/-/balanced-match-1.0.2.tgz. Extracting by manifest.
2926 silly tarball no local data for fill-range@https://registry.npmjs.org/fill-range/-/fill-range-7.1.1.tgz. Extracting by manifest.
2927 silly tarball no local data for type-check@https://registry.npmjs.org/type-check/-/type-check-0.4.0.tgz. Extracting by manifest.
2928 silly tarball no local data for braces@https://registry.npmjs.org/braces/-/braces-3.0.3.tgz. Extracting by manifest.
2929 silly tarball no local data for language-subtag-registry@https://registry.npmjs.org/language-subtag-registry/-/language-subtag-registry-0.3.23.tgz. Extracting by manifest.
2930 silly tarball no local data for p-locate@https://registry.npmjs.org/p-locate/-/p-locate-5.0.0.tgz. Extracting by manifest.
2931 silly tarball no local data for argparse@https://registry.npmjs.org/argparse/-/argparse-2.0.1.tgz. Extracting by manifest.
2932 silly tarball no local data for json-buffer@https://registry.npmjs.org/json-buffer/-/json-buffer-3.0.1.tgz. Extracting by manifest.
2933 silly tarball no local data for strip-ansi-cjs@https://registry.npmjs.org/strip-ansi/-/strip-ansi-6.0.1.tgz. Extracting by manifest.
2934 silly tarball no local data for string-width-cjs@https://registry.npmjs.org/string-width/-/string-width-4.2.3.tgz. Extracting by manifest.
2935 silly tarball no local data for prelude-ls@https://registry.npmjs.org/prelude-ls/-/prelude-ls-1.2.1.tgz. Extracting by manifest.
2936 silly tarball no local data for wrap-ansi@https://registry.npmjs.org/wrap-ansi/-/wrap-ansi-8.1.0.tgz. Extracting by manifest.
2937 silly tarball no local data for set-function-name@https://registry.npmjs.org/set-function-name/-/set-function-name-2.0.2.tgz. Extracting by manifest.
2938 silly tarball no local data for wrap-ansi-cjs@https://registry.npmjs.org/wrap-ansi/-/wrap-ansi-7.0.0.tgz. Extracting by manifest.
2939 silly tarball no local data for string-width@https://registry.npmjs.org/string-width/-/string-width-5.1.2.tgz. Extracting by manifest.
2940 silly tarball no local data for @isaacs/cliui@https://registry.npmjs.org/@isaacs/cliui/-/cliui-8.0.2.tgz. Extracting by manifest.
2941 silly tarball no local data for side-channel@https://registry.npmjs.org/side-channel/-/side-channel-1.1.0.tgz. Extracting by manifest.
2942 silly tarball no local data for @pkgjs/parseargs@https://registry.npmjs.org/@pkgjs/parseargs/-/parseargs-0.11.0.tgz. Extracting by manifest.
2943 silly tarball no local data for is-extglob@https://registry.npmjs.org/is-extglob/-/is-extglob-2.1.1.tgz. Extracting by manifest.
2944 silly tarball no local data for parent-module@https://registry.npmjs.org/parent-module/-/parent-module-1.0.1.tgz. Extracting by manifest.
2945 silly tarball no local data for resolve-from@https://registry.npmjs.org/resolve-from/-/resolve-from-4.0.0.tgz. Extracting by manifest.
2946 silly tarball no local data for micromatch@https://registry.npmjs.org/micromatch/-/micromatch-4.0.8.tgz. Extracting by manifest.
2947 silly tarball no local data for fast-glob@https://registry.npmjs.org/fast-glob/-/fast-glob-3.3.3.tgz. Extracting by manifest.
2948 silly tarball no local data for slash@https://registry.npmjs.org/slash/-/slash-3.0.0.tgz. Extracting by manifest.
2949 silly tarball no local data for dir-glob@https://registry.npmjs.org/dir-glob/-/dir-glob-3.0.1.tgz. Extracting by manifest.
2950 silly tarball no local data for path-type@https://registry.npmjs.org/path-type/-/path-type-4.0.0.tgz. Extracting by manifest.
2951 silly tarball no local data for signal-exit@https://registry.npmjs.org/signal-exit/-/signal-exit-4.1.0.tgz. Extracting by manifest.
2952 silly tarball no local data for path-scurry@https://registry.npmjs.org/path-scurry/-/path-scurry-1.11.1.tgz. Extracting by manifest.
2953 silly tarball no local data for array-union@https://registry.npmjs.org/array-union/-/array-union-2.1.0.tgz. Extracting by manifest.
2954 silly tarball no local data for type-fest@https://registry.npmjs.org/type-fest/-/type-fest-0.20.2.tgz. Extracting by manifest.
2955 silly tarball no local data for minipass@https://registry.npmjs.org/minipass/-/minipass-7.1.3.tgz. Extracting by manifest.
2956 silly tarball no local data for object-hash@https://registry.npmjs.org/object-hash/-/object-hash-3.0.0.tgz. Extracting by manifest.
2957 silly tarball no local data for merge2@https://registry.npmjs.org/merge2/-/merge2-1.4.1.tgz. Extracting by manifest.
2958 silly tarball no local data for jackspeak@https://registry.npmjs.org/jackspeak/-/jackspeak-2.3.6.tgz. Extracting by manifest.
2959 silly tarball no local data for foreground-child@https://registry.npmjs.org/foreground-child/-/foreground-child-3.3.1.tgz. Extracting by manifest.
2960 silly tarball no local data for functions-have-names@https://registry.npmjs.org/functions-have-names/-/functions-have-names-1.2.3.tgz. Extracting by manifest.
2961 silly tarball no local data for resolve-pkg-maps@https://registry.npmjs.org/resolve-pkg-maps/-/resolve-pkg-maps-1.0.0.tgz. Extracting by manifest.
2962 silly tarball no local data for rimraf@https://registry.npmjs.org/rimraf/-/rimraf-3.0.2.tgz. Extracting by manifest.
2963 silly tarball no local data for path-exists@https://registry.npmjs.org/path-exists/-/path-exists-4.0.0.tgz. Extracting by manifest.
2964 silly tarball no local data for dunder-proto@https://registry.npmjs.org/dunder-proto/-/dunder-proto-1.0.1.tgz. Extracting by manifest.
2965 silly tarball no local data for flatted@https://registry.npmjs.org/flatted/-/flatted-3.4.2.tgz. Extracting by manifest.
2966 silly tarball no local data for keyv@https://registry.npmjs.org/keyv/-/keyv-4.5.4.tgz. Extracting by manifest.
2967 silly tarball no local data for locate-path@https://registry.npmjs.org/locate-path/-/locate-path-6.0.0.tgz. Extracting by manifest.
2968 silly tarball no local data for reusify@https://registry.npmjs.org/reusify/-/reusify-1.1.0.tgz. Extracting by manifest.
2969 silly tarball no local data for acorn@https://registry.npmjs.org/acorn/-/acorn-8.16.0.tgz. Extracting by manifest.
2970 silly tarball no local data for acorn-jsx@https://registry.npmjs.org/acorn-jsx/-/acorn-jsx-5.3.2.tgz. Extracting by manifest.
2971 silly tarball no local data for flat-cache@https://registry.npmjs.org/flat-cache/-/flat-cache-3.2.0.tgz. Extracting by manifest.
2972 silly tarball no local data for esrecurse@https://registry.npmjs.org/esrecurse/-/esrecurse-4.3.0.tgz. Extracting by manifest.
2973 silly tarball no local data for iterator.prototype@https://registry.npmjs.org/iterator.prototype/-/iterator.prototype-1.1.5.tgz. Extracting by manifest.
2974 silly tarball no local data for string.prototype.repeat@https://registry.npmjs.org/string.prototype.repeat/-/string.prototype.repeat-1.0.0.tgz. Extracting by manifest.
2975 silly tarball no local data for object.entries@https://registry.npmjs.org/object.entries/-/object.entries-1.1.9.tgz. Extracting by manifest.
2976 silly tarball no local data for string.prototype.matchall@https://registry.npmjs.org/string.prototype.matchall/-/string.prototype.matchall-4.0.12.tgz. Extracting by manifest.
2977 silly tarball no local data for prop-types@https://registry.npmjs.org/prop-types/-/prop-types-15.8.1.tgz. Extracting by manifest.
2978 silly tarball no local data for estraverse@https://registry.npmjs.org/estraverse/-/estraverse-5.3.0.tgz. Extracting by manifest.
2979 silly tarball no local data for array.prototype.tosorted@https://registry.npmjs.org/array.prototype.tosorted/-/array.prototype.tosorted-1.1.4.tgz. Extracting by manifest.
2980 silly tarball no local data for string.prototype.includes@https://registry.npmjs.org/string.prototype.includes/-/string.prototype.includes-2.0.1.tgz. Extracting by manifest.
2981 silly tarball no local data for array.prototype.findlast@https://registry.npmjs.org/array.prototype.findlast/-/array.prototype.findlast-1.2.5.tgz. Extracting by manifest.
2982 silly tarball no local data for jsx-ast-utils@https://registry.npmjs.org/jsx-ast-utils/-/jsx-ast-utils-3.3.5.tgz. Extracting by manifest.
2983 silly tarball no local data for language-tags@https://registry.npmjs.org/language-tags/-/language-tags-1.0.9.tgz. Extracting by manifest.
2984 silly tarball no local data for emoji-regex@https://registry.npmjs.org/emoji-regex/-/emoji-regex-9.2.2.tgz. Extracting by manifest.
2985 silly tarball no local data for damerau-levenshtein@https://registry.npmjs.org/damerau-levenshtein/-/damerau-levenshtein-1.0.8.tgz. Extracting by manifest.
2986 silly tarball no local data for es-iterator-helpers@https://registry.npmjs.org/es-iterator-helpers/-/es-iterator-helpers-1.3.1.tgz. Extracting by manifest.
2987 silly tarball no local data for axobject-query@https://registry.npmjs.org/axobject-query/-/axobject-query-4.1.0.tgz. Extracting by manifest.
2988 silly tarball no local data for aria-query@https://registry.npmjs.org/aria-query/-/aria-query-5.3.2.tgz. Extracting by manifest.
2989 silly tarball no local data for ast-types-flow@https://registry.npmjs.org/ast-types-flow/-/ast-types-flow-0.0.8.tgz. Extracting by manifest.
2990 silly tarball no local data for is-symbol@https://registry.npmjs.org/is-symbol/-/is-symbol-1.1.1.tgz. Extracting by manifest.
2991 silly tarball no local data for axe-core@https://registry.npmjs.org/axe-core/-/axe-core-4.11.2.tgz. Extracting by manifest.
2992 silly tarball no local data for is-date-object@https://registry.npmjs.org/is-date-object/-/is-date-object-1.1.0.tgz. Extracting by manifest.
2993 silly tarball no local data for possible-typed-array-names@https://registry.npmjs.org/possible-typed-array-names/-/possible-typed-array-names-1.1.0.tgz. Extracting by manifest.
2994 silly tarball no local data for has-tostringtag@https://registry.npmjs.org/has-tostringtag/-/has-tostringtag-1.0.2.tgz. Extracting by manifest.
2995 silly tarball no local data for unbox-primitive@https://registry.npmjs.org/unbox-primitive/-/unbox-primitive-1.1.0.tgz. Extracting by manifest.
2996 silly tarball no local data for typed-array-length@https://registry.npmjs.org/typed-array-length/-/typed-array-length-1.0.7.tgz. Extracting by manifest.
2997 silly tarball no local data for which-typed-array@https://registry.npmjs.org/which-typed-array/-/which-typed-array-1.1.20.tgz. Extracting by manifest.
2998 silly tarball no local data for typed-array-byte-offset@https://registry.npmjs.org/typed-array-byte-offset/-/typed-array-byte-offset-1.0.4.tgz. Extracting by manifest.
2999 silly tarball no local data for typed-array-byte-length@https://registry.npmjs.org/typed-array-byte-length/-/typed-array-byte-length-1.0.3.tgz. Extracting by manifest.
3000 silly tarball no local data for string.prototype.trimstart@https://registry.npmjs.org/string.prototype.trimstart/-/string.prototype.trimstart-1.0.8.tgz. Extracting by manifest.
3001 silly tarball no local data for typed-array-buffer@https://registry.npmjs.org/typed-array-buffer/-/typed-array-buffer-1.0.3.tgz. Extracting by manifest.
3002 silly tarball no local data for stop-iteration-iterator@https://registry.npmjs.org/stop-iteration-iterator/-/stop-iteration-iterator-1.1.0.tgz. Extracting by manifest.
3003 silly tarball no local data for set-proto@https://registry.npmjs.org/set-proto/-/set-proto-1.0.0.tgz. Extracting by manifest.
3004 silly tarball no local data for string.prototype.trim@https://registry.npmjs.org/string.prototype.trim/-/string.prototype.trim-1.2.10.tgz. Extracting by manifest.
3005 silly tarball no local data for safe-array-concat@https://registry.npmjs.org/safe-array-concat/-/safe-array-concat-1.1.3.tgz. Extracting by manifest.
3006 silly tarball no local data for safe-push-apply@https://registry.npmjs.org/safe-push-apply/-/safe-push-apply-1.0.0.tgz. Extracting by manifest.
3007 silly tarball no local data for safe-regex-test@https://registry.npmjs.org/safe-regex-test/-/safe-regex-test-1.1.0.tgz. Extracting by manifest.
3008 silly tarball no local data for regexp.prototype.flags@https://registry.npmjs.org/regexp.prototype.flags/-/regexp.prototype.flags-1.5.4.tgz. Extracting by manifest.
3009 silly tarball no local data for object-inspect@https://registry.npmjs.org/object-inspect/-/object-inspect-1.13.4.tgz. Extracting by manifest.
3010 silly tarball no local data for own-keys@https://registry.npmjs.org/own-keys/-/own-keys-1.0.1.tgz. Extracting by manifest.
3011 silly tarball no local data for is-weakref@https://registry.npmjs.org/is-weakref/-/is-weakref-1.1.1.tgz. Extracting by manifest.
3012 silly tarball no local data for object.assign@https://registry.npmjs.org/object.assign/-/object.assign-4.1.7.tgz. Extracting by manifest.
3013 silly tarball no local data for is-set@https://registry.npmjs.org/is-set/-/is-set-2.0.3.tgz. Extracting by manifest.
3014 silly tarball no local data for is-regex@https://registry.npmjs.org/is-regex/-/is-regex-1.2.1.tgz. Extracting by manifest.
3015 silly tarball no local data for is-shared-array-buffer@https://registry.npmjs.org/is-shared-array-buffer/-/is-shared-array-buffer-1.0.4.tgz. Extracting by manifest.
3016 silly tarball no local data for is-negative-zero@https://registry.npmjs.org/is-negative-zero/-/is-negative-zero-2.0.3.tgz. Extracting by manifest.
3017 silly tarball no local data for is-typed-array@https://registry.npmjs.org/is-typed-array/-/is-typed-array-1.1.15.tgz. Extracting by manifest.
3018 silly tarball no local data for is-callable@https://registry.npmjs.org/is-callable/-/is-callable-1.2.7.tgz. Extracting by manifest.
3019 silly tarball no local data for is-data-view@https://registry.npmjs.org/is-data-view/-/is-data-view-1.0.2.tgz. Extracting by manifest.
3020 silly tarball no local data for has-symbols@https://registry.npmjs.org/has-symbols/-/has-symbols-1.1.0.tgz. Extracting by manifest.
3021 silly tarball no local data for has-proto@https://registry.npmjs.org/has-proto/-/has-proto-1.2.0.tgz. Extracting by manifest.
3022 silly tarball no local data for is-array-buffer@https://registry.npmjs.org/is-array-buffer/-/is-array-buffer-3.0.5.tgz. Extracting by manifest.
3023 silly tarball no local data for globalthis@https://registry.npmjs.org/globalthis/-/globalthis-1.0.4.tgz. Extracting by manifest.
3024 silly tarball no local data for internal-slot@https://registry.npmjs.org/internal-slot/-/internal-slot-1.1.0.tgz. Extracting by manifest.
3025 silly tarball no local data for get-symbol-description@https://registry.npmjs.org/get-symbol-description/-/get-symbol-description-1.1.0.tgz. Extracting by manifest.
3026 silly tarball no local data for function.prototype.name@https://registry.npmjs.org/function.prototype.name/-/function.prototype.name-1.1.8.tgz. Extracting by manifest.
3027 silly tarball no local data for data-view-byte-length@https://registry.npmjs.org/data-view-byte-length/-/data-view-byte-length-1.0.2.tgz. Extracting by manifest.
3028 silly tarball no local data for es-to-primitive@https://registry.npmjs.org/es-to-primitive/-/es-to-primitive-1.3.0.tgz. Extracting by manifest.
3029 silly tarball no local data for es-set-tostringtag@https://registry.npmjs.org/es-set-tostringtag/-/es-set-tostringtag-2.1.0.tgz. Extracting by manifest.
3030 silly tarball no local data for get-proto@https://registry.npmjs.org/get-proto/-/get-proto-1.0.1.tgz. Extracting by manifest.
3031 silly tarball no local data for data-view-buffer@https://registry.npmjs.org/data-view-buffer/-/data-view-buffer-1.0.2.tgz. Extracting by manifest.
3032 silly tarball no local data for arraybuffer.prototype.slice@https://registry.npmjs.org/arraybuffer.prototype.slice/-/arraybuffer.prototype.slice-1.0.4.tgz. Extracting by manifest.
3033 silly tarball no local data for data-view-byte-offset@https://registry.npmjs.org/data-view-byte-offset/-/data-view-byte-offset-1.0.1.tgz. Extracting by manifest.
3034 silly tarball no local data for available-typed-arrays@https://registry.npmjs.org/available-typed-arrays/-/available-typed-arrays-1.0.7.tgz. Extracting by manifest.
3035 silly tarball no local data for object-keys@https://registry.npmjs.org/object-keys/-/object-keys-1.1.1.tgz. Extracting by manifest.
3036 silly tarball no local data for array-buffer-byte-length@https://registry.npmjs.org/array-buffer-byte-length/-/array-buffer-byte-length-1.0.2.tgz. Extracting by manifest.
3037 silly tarball no local data for gopd@https://registry.npmjs.org/gopd/-/gopd-1.2.0.tgz. Extracting by manifest.
3038 silly tarball no local data for define-data-property@https://registry.npmjs.org/define-data-property/-/define-data-property-1.1.4.tgz. Extracting by manifest.
3039 silly tarball no local data for function-bind@https://registry.npmjs.org/function-bind/-/function-bind-1.1.2.tgz. Extracting by manifest.
3040 silly tarball no local data for set-function-length@https://registry.npmjs.org/set-function-length/-/set-function-length-1.2.2.tgz. Extracting by manifest.
3041 silly tarball no local data for es-define-property@https://registry.npmjs.org/es-define-property/-/es-define-property-1.0.1.tgz. Extracting by manifest.
3042 silly tarball no local data for has-property-descriptors@https://registry.npmjs.org/has-property-descriptors/-/has-property-descriptors-1.0.2.tgz. Extracting by manifest.
3043 silly tarball no local data for call-bind-apply-helpers@https://registry.npmjs.org/call-bind-apply-helpers/-/call-bind-apply-helpers-1.0.2.tgz. Extracting by manifest.
3044 silly tarball no local data for math-intrinsics@https://registry.npmjs.org/math-intrinsics/-/math-intrinsics-1.1.0.tgz. Extracting by manifest.
3045 silly tarball no local data for es-object-atoms@https://registry.npmjs.org/es-object-atoms/-/es-object-atoms-1.1.1.tgz. Extracting by manifest.
3046 silly tarball no local data for is-string@https://registry.npmjs.org/is-string/-/is-string-1.1.1.tgz. Extracting by manifest.
3047 silly tarball no local data for get-intrinsic@https://registry.npmjs.org/get-intrinsic/-/get-intrinsic-1.3.0.tgz. Extracting by manifest.
3048 silly tarball no local data for es-errors@https://registry.npmjs.org/es-errors/-/es-errors-1.3.0.tgz. Extracting by manifest.
3049 silly tarball no local data for es-shim-unscopables@https://registry.npmjs.org/es-shim-unscopables/-/es-shim-unscopables-1.1.0.tgz. Extracting by manifest.
3050 silly tarball no local data for define-properties@https://registry.npmjs.org/define-properties/-/define-properties-1.2.1.tgz. Extracting by manifest.
3051 silly tarball no local data for es-abstract@https://registry.npmjs.org/es-abstract/-/es-abstract-1.24.1.tgz. Extracting by manifest.
3052 silly tarball no local data for call-bound@https://registry.npmjs.org/call-bound/-/call-bound-1.0.4.tgz. Extracting by manifest.
3053 silly tarball no local data for tsconfig-paths@https://registry.npmjs.org/tsconfig-paths/-/tsconfig-paths-3.15.0.tgz. Extracting by manifest.
3054 silly tarball no local data for call-bind@https://registry.npmjs.org/call-bind/-/call-bind-1.0.8.tgz. Extracting by manifest.
3055 silly tarball no local data for object.values@https://registry.npmjs.org/object.values/-/object.values-1.2.1.tgz. Extracting by manifest.
3056 silly tarball no local data for string.prototype.trimend@https://registry.npmjs.org/string.prototype.trimend/-/string.prototype.trimend-1.0.9.tgz. Extracting by manifest.
3057 silly tarball no local data for object.groupby@https://registry.npmjs.org/object.groupby/-/object.groupby-1.0.3.tgz. Extracting by manifest.
3058 silly tarball no local data for eslint-module-utils@https://registry.npmjs.org/eslint-module-utils/-/eslint-module-utils-2.12.1.tgz. Extracting by manifest.
3059 silly tarball no local data for object.fromentries@https://registry.npmjs.org/object.fromentries/-/object.fromentries-2.0.8.tgz. Extracting by manifest.
3060 silly tarball no local data for hasown@https://registry.npmjs.org/hasown/-/hasown-2.0.2.tgz. Extracting by manifest.
3061 silly tarball no local data for array.prototype.flat@https://registry.npmjs.org/array.prototype.flat/-/array.prototype.flat-1.3.3.tgz. Extracting by manifest.
3062 silly tarball no local data for array-includes@https://registry.npmjs.org/array-includes/-/array-includes-3.1.9.tgz. Extracting by manifest.
3063 silly tarball no local data for array.prototype.findlastindex@https://registry.npmjs.org/array.prototype.findlastindex/-/array.prototype.findlastindex-1.2.6.tgz. Extracting by manifest.
3064 silly tarball no local data for array.prototype.flatmap@https://registry.npmjs.org/array.prototype.flatmap/-/array.prototype.flatmap-1.3.3.tgz. Extracting by manifest.
3065 silly tarball no local data for @rtsao/scc@https://registry.npmjs.org/@rtsao/scc/-/scc-1.1.0.tgz. Extracting by manifest.
3066 silly tarball no local data for is-bun-module@https://registry.npmjs.org/is-bun-module/-/is-bun-module-2.0.0.tgz. Extracting by manifest.
3067 silly tarball no local data for tinyglobby@https://registry.npmjs.org/tinyglobby/-/tinyglobby-0.2.15.tgz. Extracting by manifest.
3068 silly tarball no local data for get-tsconfig@https://registry.npmjs.org/get-tsconfig/-/get-tsconfig-4.13.7.tgz. Extracting by manifest.
3069 silly tarball no local data for unrs-resolver@https://registry.npmjs.org/unrs-resolver/-/unrs-resolver-1.11.1.tgz. Extracting by manifest.
3070 silly tarball no local data for stable-hash@https://registry.npmjs.org/stable-hash/-/stable-hash-0.0.5.tgz. Extracting by manifest.
3071 silly tarball no local data for @nolyfill/is-core-module@https://registry.npmjs.org/@nolyfill/is-core-module/-/is-core-module-1.0.39.tgz. Extracting by manifest.
3072 silly tarball no local data for resolve@https://registry.npmjs.org/resolve/-/resolve-2.0.0-next.6.tgz. Extracting by manifest.
3073 silly tarball no local data for is-core-module@https://registry.npmjs.org/is-core-module/-/is-core-module-2.16.1.tgz. Extracting by manifest.
3074 silly tarball no local data for ts-api-utils@https://registry.npmjs.org/ts-api-utils/-/ts-api-utils-1.4.3.tgz. Extracting by manifest.
3075 silly tarball no local data for @typescript-eslint/types@https://registry.npmjs.org/@typescript-eslint/types/-/types-7.2.0.tgz. Extracting by manifest.
3076 silly tarball no local data for @typescript-eslint/visitor-keys@https://registry.npmjs.org/@typescript-eslint/visitor-keys/-/visitor-keys-7.2.0.tgz. Extracting by manifest.
3077 silly tarball no local data for semver@https://registry.npmjs.org/semver/-/semver-7.7.4.tgz. Extracting by manifest.
3078 silly tarball no local data for globby@https://registry.npmjs.org/globby/-/globby-11.1.0.tgz. Extracting by manifest.
3079 silly tarball no local data for @typescript-eslint/typescript-estree@https://registry.npmjs.org/@typescript-eslint/typescript-estree/-/typescript-estree-7.2.0.tgz. Extracting by manifest.
3080 silly tarball no local data for @typescript-eslint/scope-manager@https://registry.npmjs.org/@typescript-eslint/scope-manager/-/scope-manager-7.2.0.tgz. Extracting by manifest.
3081 silly tarball no local data for eslint-plugin-react@https://registry.npmjs.org/eslint-plugin-react/-/eslint-plugin-react-7.37.5.tgz. Extracting by manifest.
3082 silly tarball no local data for eslint-plugin-jsx-a11y@https://registry.npmjs.org/eslint-plugin-jsx-a11y/-/eslint-plugin-jsx-a11y-6.10.2.tgz. Extracting by manifest.
3083 silly tarball no local data for glob@https://registry.npmjs.org/glob/-/glob-10.3.10.tgz. Extracting by manifest.
3084 silly tarball no local data for eslint-plugin-react-hooks@https://registry.npmjs.org/eslint-plugin-react-hooks/-/eslint-plugin-react-hooks-5.0.0-canary-7118f5dd7-20230705.tgz. Extracting by manifest.
3085 silly tarball no local data for eslint-plugin-import@https://registry.npmjs.org/eslint-plugin-import/-/eslint-plugin-import-2.32.0.tgz. Extracting by manifest.
3086 silly tarball no local data for eslint-import-resolver-typescript@https://registry.npmjs.org/eslint-import-resolver-typescript/-/eslint-import-resolver-typescript-3.10.1.tgz. Extracting by manifest.
3087 silly tarball no local data for @rushstack/eslint-patch@https://registry.npmjs.org/@rushstack/eslint-patch/-/eslint-patch-1.16.1.tgz. Extracting by manifest.
3088 silly tarball no local data for ms@https://registry.npmjs.org/ms/-/ms-2.1.3.tgz. Extracting by manifest.
3089 silly tarball no local data for eslint-import-resolver-node@https://registry.npmjs.org/eslint-import-resolver-node/-/eslint-import-resolver-node-0.3.10.tgz. Extracting by manifest.
3090 silly tarball no local data for @typescript-eslint/parser@https://registry.npmjs.org/@typescript-eslint/parser/-/parser-7.2.0.tgz. Extracting by manifest.
3091 silly tarball no local data for @next/eslint-plugin-next@https://registry.npmjs.org/@next/eslint-plugin-next/-/eslint-plugin-next-14.2.5.tgz. Extracting by manifest.
3092 silly tarball no local data for which@https://registry.npmjs.org/which/-/which-2.0.2.tgz. Extracting by manifest.
3093 silly tarball no local data for path-key@https://registry.npmjs.org/path-key/-/path-key-3.1.1.tgz. Extracting by manifest.
3094 silly tarball no local data for color-convert@https://registry.npmjs.org/color-convert/-/color-convert-2.0.1.tgz. Extracting by manifest.
3095 silly tarball no local data for color-name@https://registry.npmjs.org/color-name/-/color-name-1.1.4.tgz. Extracting by manifest.
3096 silly tarball no local data for supports-color@https://registry.npmjs.org/supports-color/-/supports-color-7.2.0.tgz. Extracting by manifest.
3097 silly tarball no local data for ansi-styles@https://registry.npmjs.org/ansi-styles/-/ansi-styles-4.3.0.tgz. Extracting by manifest.
3098 silly tarball no local data for json-schema-traverse@https://registry.npmjs.org/json-schema-traverse/-/json-schema-traverse-0.4.1.tgz. Extracting by manifest.
3099 silly tarball no local data for fast-json-stable-stringify@https://registry.npmjs.org/fast-json-stable-stringify/-/fast-json-stable-stringify-2.1.0.tgz. Extracting by manifest.
3100 silly tarball no local data for run-parallel@https://registry.npmjs.org/run-parallel/-/run-parallel-1.2.0.tgz. Extracting by manifest.
3101 silly tarball no local data for uri-js@https://registry.npmjs.org/uri-js/-/uri-js-4.4.1.tgz. Extracting by manifest.
3102 silly tarball no local data for shebang-command@https://registry.npmjs.org/shebang-command/-/shebang-command-2.0.0.tgz. Extracting by manifest.
3103 silly tarball no local data for @humanwhocodes/object-schema@https://registry.npmjs.org/@humanwhocodes/object-schema/-/object-schema-2.0.3.tgz. Extracting by manifest.
3104 silly tarball no local data for @nodelib/fs.scandir@https://registry.npmjs.org/@nodelib/fs.scandir/-/fs.scandir-2.1.5.tgz. Extracting by manifest.
3105 silly tarball no local data for @nodelib/fs.stat@https://registry.npmjs.org/@nodelib/fs.stat/-/fs.stat-2.0.5.tgz. Extracting by manifest.
3106 silly tarball no local data for import-fresh@https://registry.npmjs.org/import-fresh/-/import-fresh-3.3.1.tgz. Extracting by manifest.
3107 silly tarball no local data for strip-json-comments@https://registry.npmjs.org/strip-json-comments/-/strip-json-comments-3.1.1.tgz. Extracting by manifest.
3108 silly tarball no local data for text-table@https://registry.npmjs.org/text-table/-/text-table-0.2.0.tgz. Extracting by manifest.
3109 silly tarball no local data for optionator@https://registry.npmjs.org/optionator/-/optionator-0.9.4.tgz. Extracting by manifest.
3110 silly tarball no local data for strip-ansi@https://registry.npmjs.org/strip-ansi/-/strip-ansi-6.0.1.tgz. Extracting by manifest.
3111 silly tarball no local data for lodash.merge@https://registry.npmjs.org/lodash.merge/-/lodash.merge-4.6.2.tgz. Extracting by manifest.
3112 silly tarball no local data for minimatch@https://registry.npmjs.org/minimatch/-/minimatch-3.1.5.tgz. Extracting by manifest.
3113 silly tarball no local data for natural-compare@https://registry.npmjs.org/natural-compare/-/natural-compare-1.4.0.tgz. Extracting by manifest.
3114 silly tarball no local data for fastq@https://registry.npmjs.org/fastq/-/fastq-1.20.1.tgz. Extracting by manifest.
3115 silly tarball no local data for json-stable-stringify-without-jsonify@https://registry.npmjs.org/json-stable-stringify-without-jsonify/-/json-stable-stringify-without-jsonify-1.0.1.tgz. Extracting by manifest.
3116 silly tarball no local data for is-glob@https://registry.npmjs.org/is-glob/-/is-glob-4.0.3.tgz. Extracting by manifest.
3117 silly tarball no local data for js-yaml@https://registry.npmjs.org/js-yaml/-/js-yaml-4.1.1.tgz. Extracting by manifest.
3118 silly tarball no local data for imurmurhash@https://registry.npmjs.org/imurmurhash/-/imurmurhash-0.1.4.tgz. Extracting by manifest.
3119 silly tarball no local data for graphemer@https://registry.npmjs.org/graphemer/-/graphemer-1.4.0.tgz. Extracting by manifest.
3120 silly tarball no local data for ignore@https://registry.npmjs.org/ignore/-/ignore-5.3.2.tgz. Extracting by manifest.
3121 silly tarball no local data for globals@https://registry.npmjs.org/globals/-/globals-13.24.0.tgz. Extracting by manifest.
3122 silly tarball no local data for glob-parent@https://registry.npmjs.org/glob-parent/-/glob-parent-6.0.2.tgz. Extracting by manifest.
3123 silly tarball no local data for file-entry-cache@https://registry.npmjs.org/file-entry-cache/-/file-entry-cache-6.0.1.tgz. Extracting by manifest.
3124 silly tarball no local data for esquery@https://registry.npmjs.org/esquery/-/esquery-1.7.0.tgz. Extracting by manifest.
3125 silly tarball no local data for levn@https://registry.npmjs.org/levn/-/levn-0.4.1.tgz. Extracting by manifest.
3126 silly tarball no local data for eslint-visitor-keys@https://registry.npmjs.org/eslint-visitor-keys/-/eslint-visitor-keys-3.4.3.tgz. Extracting by manifest.
3127 silly tarball no local data for eslint-scope@https://registry.npmjs.org/eslint-scope/-/eslint-scope-7.2.2.tgz. Extracting by manifest.
3128 silly tarball no local data for espree@https://registry.npmjs.org/espree/-/espree-9.6.1.tgz. Extracting by manifest.
3129 silly tarball no local data for doctrine@https://registry.npmjs.org/doctrine/-/doctrine-3.0.0.tgz. Extracting by manifest.
3130 silly tarball no local data for escape-string-regexp@https://registry.npmjs.org/escape-string-regexp/-/escape-string-regexp-4.0.0.tgz. Extracting by manifest.
3131 silly tarball no local data for esutils@https://registry.npmjs.org/esutils/-/esutils-2.0.3.tgz. Extracting by manifest.
3132 silly tarball no local data for debug@https://registry.npmjs.org/debug/-/debug-4.4.3.tgz. Extracting by manifest.
3133 silly tarball no local data for find-up@https://registry.npmjs.org/find-up/-/find-up-5.0.0.tgz. Extracting by manifest.
3134 silly tarball no local data for cross-spawn@https://registry.npmjs.org/cross-spawn/-/cross-spawn-7.0.6.tgz. Extracting by manifest.
3135 silly tarball no local data for chalk@https://registry.npmjs.org/chalk/-/chalk-4.1.2.tgz. Extracting by manifest.
3136 silly tarball no local data for fast-deep-equal@https://registry.npmjs.org/fast-deep-equal/-/fast-deep-equal-3.1.3.tgz. Extracting by manifest.
3137 silly tarball no local data for @nodelib/fs.walk@https://registry.npmjs.org/@nodelib/fs.walk/-/fs.walk-1.2.8.tgz. Extracting by manifest.
3138 silly tarball no local data for @ungap/structured-clone@https://registry.npmjs.org/@ungap/structured-clone/-/structured-clone-1.3.0.tgz. Extracting by manifest.
3139 silly tarball no local data for @humanwhocodes/config-array@https://registry.npmjs.org/@humanwhocodes/config-array/-/config-array-0.13.0.tgz. Extracting by manifest.
3140 silly tarball no local data for @humanwhocodes/module-importer@https://registry.npmjs.org/@humanwhocodes/module-importer/-/module-importer-1.0.1.tgz. Extracting by manifest.
3141 silly tarball no local data for @eslint/eslintrc@https://registry.npmjs.org/@eslint/eslintrc/-/eslintrc-2.1.4.tgz. Extracting by manifest.
3142 silly tarball no local data for @eslint/js@https://registry.npmjs.org/@eslint/js/-/js-8.57.1.tgz. Extracting by manifest.
3143 silly tarball no local data for @eslint-community/eslint-utils@https://registry.npmjs.org/@eslint-community/eslint-utils/-/eslint-utils-4.9.1.tgz. Extracting by manifest.
3144 silly tarball no local data for update-browserslist-db@https://registry.npmjs.org/update-browserslist-db/-/update-browserslist-db-1.2.3.tgz. Extracting by manifest.
3145 silly tarball no local data for electron-to-chromium@https://registry.npmjs.org/electron-to-chromium/-/electron-to-chromium-1.5.331.tgz. Extracting by manifest.
3146 silly tarball no local data for node-releases@https://registry.npmjs.org/node-releases/-/node-releases-2.0.37.tgz. Extracting by manifest.
3147 silly tarball no local data for baseline-browser-mapping@https://registry.npmjs.org/baseline-browser-mapping/-/baseline-browser-mapping-2.10.13.tgz. Extracting by manifest.
3148 silly tarball no local data for picocolors@https://registry.npmjs.org/picocolors/-/picocolors-1.1.1.tgz. Extracting by manifest.
3149 silly tarball no local data for postcss-value-parser@https://registry.npmjs.org/postcss-value-parser/-/postcss-value-parser-4.2.0.tgz. Extracting by manifest.
3150 silly tarball no local data for fraction.js@https://registry.npmjs.org/fraction.js/-/fraction.js-5.3.4.tgz. Extracting by manifest.
3151 silly tarball no local data for caniuse-lite@https://registry.npmjs.org/caniuse-lite/-/caniuse-lite-1.0.30001784.tgz. Extracting by manifest.
3152 silly tarball no local data for browserslist@https://registry.npmjs.org/browserslist/-/browserslist-4.28.2.tgz. Extracting by manifest.
3153 silly tarball no local data for csstype@https://registry.npmjs.org/csstype/-/csstype-3.2.3.tgz. Extracting by manifest.
3154 silly tarball no local data for @types/prop-types@https://registry.npmjs.org/@types/prop-types/-/prop-types-15.7.15.tgz. Extracting by manifest.
3155 silly tarball no local data for undici-types@https://registry.npmjs.org/undici-types/-/undici-types-6.21.0.tgz. Extracting by manifest.
3156 silly tarball no local data for iceberg-js@https://registry.npmjs.org/iceberg-js/-/iceberg-js-0.8.1.tgz. Extracting by manifest.
3157 silly tarball no local data for @eslint-community/regexpp@https://registry.npmjs.org/@eslint-community/regexpp/-/regexpp-4.12.2.tgz. Extracting by manifest.
3158 silly tarball no local data for ws@https://registry.npmjs.org/ws/-/ws-8.20.0.tgz. Extracting by manifest.
3159 silly tarball no local data for @types/ws@https://registry.npmjs.org/@types/ws/-/ws-8.18.1.tgz. Extracting by manifest.
3160 silly tarball no local data for @supabase/storage-js@https://registry.npmjs.org/@supabase/storage-js/-/storage-js-2.101.1.tgz. Extracting by manifest.
3161 silly tarball no local data for tslib@https://registry.npmjs.org/tslib/-/tslib-2.8.1.tgz. Extracting by manifest.
3162 silly tarball no local data for ajv@https://registry.npmjs.org/ajv/-/ajv-6.14.0.tgz. Extracting by manifest.
3163 silly tarball no local data for @supabase/functions-js@https://registry.npmjs.org/@supabase/functions-js/-/functions-js-2.101.1.tgz. Extracting by manifest.
3164 silly tarball no local data for @supabase/postgrest-js@https://registry.npmjs.org/@supabase/postgrest-js/-/postgrest-js-2.101.1.tgz. Extracting by manifest.
3165 silly tarball no local data for @supabase/auth-js@https://registry.npmjs.org/@supabase/auth-js/-/auth-js-2.101.1.tgz. Extracting by manifest.
3166 silly tarball no local data for @supabase/realtime-js@https://registry.npmjs.org/@supabase/realtime-js/-/realtime-js-2.101.1.tgz. Extracting by manifest.
3167 silly tarball no local data for zod@https://registry.npmjs.org/zod/-/zod-3.25.76.tgz. Extracting by manifest.
3168 silly tarball no local data for typescript@https://registry.npmjs.org/typescript/-/typescript-5.9.3.tgz. Extracting by manifest.
3169 silly tarball no local data for tailwindcss@https://registry.npmjs.org/tailwindcss/-/tailwindcss-3.4.19.tgz. Extracting by manifest.
3170 silly tarball no local data for react-dom@https://registry.npmjs.org/react-dom/-/react-dom-18.3.1.tgz. Extracting by manifest.
3171 silly tarball no local data for react@https://registry.npmjs.org/react/-/react-18.3.1.tgz. Extracting by manifest.
3172 silly tarball no local data for next@https://registry.npmjs.org/next/-/next-14.2.5.tgz. Extracting by manifest.
3173 silly tarball no local data for eslint@https://registry.npmjs.org/eslint/-/eslint-8.57.1.tgz. Extracting by manifest.
3174 silly tarball no local data for eslint-config-next@https://registry.npmjs.org/eslint-config-next/-/eslint-config-next-14.2.5.tgz. Extracting by manifest.
3175 silly tarball no local data for postcss@https://registry.npmjs.org/postcss/-/postcss-8.5.8.tgz. Extracting by manifest.
3176 silly tarball no local data for autoprefixer@https://registry.npmjs.org/autoprefixer/-/autoprefixer-10.4.27.tgz. Extracting by manifest.
3177 silly tarball no local data for @types/react-dom@https://registry.npmjs.org/@types/react-dom/-/react-dom-18.3.7.tgz. Extracting by manifest.
3178 silly tarball no local data for @types/react@https://registry.npmjs.org/@types/react/-/react-18.3.28.tgz. Extracting by manifest.
3179 silly tarball no local data for @types/node@https://registry.npmjs.org/@types/node/-/node-20.19.37.tgz. Extracting by manifest.
3180 silly tarball no local data for @supabase/supabase-js@https://registry.npmjs.org/@supabase/supabase-js/-/supabase-js-2.101.1.tgz. Extracting by manifest.
3181 silly tarball no local data for resolve@https://registry.npmjs.org/resolve/-/resolve-1.22.11.tgz. Extracting by manifest.
3182 silly tarball no local data for glob-parent@https://registry.npmjs.org/glob-parent/-/glob-parent-5.1.2.tgz. Extracting by manifest.
3183 silly tarball no local data for is-path-inside@https://registry.npmjs.org/is-path-inside/-/is-path-inside-3.0.3.tgz. Extracting by manifest.
3184 silly tarball no local data for semver@https://registry.npmjs.org/semver/-/semver-6.3.1.tgz. Extracting by manifest.
3185 silly tarball no local data for emoji-regex@https://registry.npmjs.org/emoji-regex/-/emoji-regex-8.0.0.tgz. Extracting by manifest.
3186 silly tarball no local data for string-width@https://registry.npmjs.org/string-width/-/string-width-4.2.3.tgz. Extracting by manifest.
3187 silly tarball no local data for strip-ansi@https://registry.npmjs.org/strip-ansi/-/strip-ansi-7.2.0.tgz. Extracting by manifest.
3188 silly tarball no local data for ansi-styles@https://registry.npmjs.org/ansi-styles/-/ansi-styles-6.2.3.tgz. Extracting by manifest.
3189 silly tarball no local data for ansi-regex@https://registry.npmjs.org/ansi-regex/-/ansi-regex-6.2.2.tgz. Extracting by manifest.
3190 silly tarball no local data for ansi-regex@https://registry.npmjs.org/ansi-regex/-/ansi-regex-6.2.2.tgz. Extracting by manifest.
3191 silly tarball no local data for strip-ansi@https://registry.npmjs.org/strip-ansi/-/strip-ansi-7.2.0.tgz. Extracting by manifest.
3192 silly tarball no local data for glob-parent@https://registry.npmjs.org/glob-parent/-/glob-parent-5.1.2.tgz. Extracting by manifest.
3193 silly tarball no local data for debug@https://registry.npmjs.org/debug/-/debug-3.2.7.tgz. Extracting by manifest.
3194 silly tarball no local data for picomatch@https://registry.npmjs.org/picomatch/-/picomatch-4.0.4.tgz. Extracting by manifest.
3195 silly tarball no local data for strip-ansi@https://registry.npmjs.org/strip-ansi/-/strip-ansi-7.2.0.tgz. Extracting by manifest.
3196 silly tarball no local data for glob@https://registry.npmjs.org/glob/-/glob-7.2.3.tgz. Extracting by manifest.
3197 silly tarball no local data for ansi-regex@https://registry.npmjs.org/ansi-regex/-/ansi-regex-6.2.2.tgz. Extracting by manifest.
3198 silly tarball no local data for emoji-regex@https://registry.npmjs.org/emoji-regex/-/emoji-regex-8.0.0.tgz. Extracting by manifest.
3199 silly tarball no local data for fdir@https://registry.npmjs.org/fdir/-/fdir-6.5.0.tgz. Extracting by manifest.
3200 silly tarball no local data for minimatch@https://registry.npmjs.org/minimatch/-/minimatch-9.0.3.tgz. Extracting by manifest.
3201 silly tarball no local data for brace-expansion@https://registry.npmjs.org/brace-expansion/-/brace-expansion-2.0.3.tgz. Extracting by manifest.
3202 silly tarball no local data for brace-expansion@https://registry.npmjs.org/brace-expansion/-/brace-expansion-2.0.3.tgz. Extracting by manifest.
3203 silly tarball no local data for semver@https://registry.npmjs.org/semver/-/semver-6.3.1.tgz. Extracting by manifest.
3204 silly tarball no local data for minimatch@https://registry.npmjs.org/minimatch/-/minimatch-9.0.9.tgz. Extracting by manifest.
3205 silly tarball no local data for doctrine@https://registry.npmjs.org/doctrine/-/doctrine-2.1.0.tgz. Extracting by manifest.
3206 silly tarball no local data for semver@https://registry.npmjs.org/semver/-/semver-6.3.1.tgz. Extracting by manifest.
3207 silly tarball no local data for doctrine@https://registry.npmjs.org/doctrine/-/doctrine-2.1.0.tgz. Extracting by manifest.
3208 silly tarball no local data for postcss@https://registry.npmjs.org/postcss/-/postcss-8.4.31.tgz. Extracting by manifest.
3209 silly tarball no local data for debug@https://registry.npmjs.org/debug/-/debug-3.2.7.tgz. Extracting by manifest.
3210 silly tarball no local data for resolve@https://registry.npmjs.org/resolve/-/resolve-1.22.11.tgz. Extracting by manifest.
3211 silly tarball no local data for @supabase/phoenix@https://registry.npmjs.org/@supabase/phoenix/-/phoenix-0.4.0.tgz. Extracting by manifest.
3212 silly tarball no local data for debug@https://registry.npmjs.org/debug/-/debug-3.2.7.tgz. Extracting by manifest.
3213 http fetch POST 200 https://registry.npmjs.org/-/npm/v1/security/advisories/bulk 397ms
3214 silly audit report {
3214 silly audit report   next: [
3214 silly audit report     {
3214 silly audit report       id: 1099638,
3214 silly audit report       url: 'https://github.com/advisories/GHSA-gp8f-8m3g-qvj9',
3214 silly audit report       title: 'Next.js Cache Poisoning',
3214 silly audit report       severity: 'high',
3214 silly audit report       vulnerable_versions: '>=14.0.0 <14.2.10',
3214 silly audit report       cwe: [Array],
3214 silly audit report       cvss: [Object]
3214 silly audit report     },
3214 silly audit report     {
3214 silly audit report       id: 1100421,
3214 silly audit report       url: 'https://github.com/advisories/GHSA-g77x-44xx-532m',
3214 silly audit report       title: 'Denial of Service condition in Next.js image optimization',
3214 silly audit report       severity: 'moderate',
3214 silly audit report       vulnerable_versions: '>=10.0.0 <14.2.7',
3214 silly audit report       cwe: [Array],
3214 silly audit report       cvss: [Object]
3214 silly audit report     },
3214 silly audit report     {
3214 silly audit report       id: 1101438,
3214 silly audit report       url: 'https://github.com/advisories/GHSA-7m27-7ghc-44w9',
3214 silly audit report       title: 'Next.js Allows a Denial of Service (DoS) with Server Actions',
3214 silly audit report       severity: 'moderate',
3214 silly audit report       vulnerable_versions: '>=14.0.0 <14.2.21',
3214 silly audit report       cwe: [Array],
3214 silly audit report       cvss: [Object]
3214 silly audit report     },
3214 silly audit report     {
3214 silly audit report       id: 1105461,
3214 silly audit report       url: 'https://github.com/advisories/GHSA-3h52-269p-cp9r',
3214 silly audit report       title: 'Information exposure in Next.js dev server due to lack of origin verification',
3214 silly audit report       severity: 'low',
3214 silly audit report       vulnerable_versions: '>=13.0 <14.2.30',
3214 silly audit report       cwe: [Array],
3214 silly audit report       cvss: [Object]
3214 silly audit report     },
3214 silly audit report     {
3214 silly audit report       id: 1111391,
3214 silly audit report       url: 'https://github.com/advisories/GHSA-mwv6-3258-q52c',
3214 silly audit report       title: 'Next Vulnerable to Denial of Service with Server Components',
3214 silly audit report       severity: 'high',
3214 silly audit report       vulnerable_versions: '>=13.3.0 <14.2.34',
3214 silly audit report       cwe: [Array],
3214 silly audit report       cvss: [Object]
3214 silly audit report     },
3214 silly audit report     {
3214 silly audit report       id: 1107226,
3214 silly audit report       url: 'https://github.com/advisories/GHSA-g5qg-72qw-gw5v',
3214 silly audit report       title: 'Next.js Affected by Cache Key Confusion for Image Optimization API Routes',
3214 silly audit report       severity: 'moderate',
3214 silly audit report       vulnerable_versions: '>=0.9.9 <14.2.31',
3214 silly audit report       cwe: [Array],
3214 silly audit report       cvss: [Object]
3214 silly audit report     },
3214 silly audit report     {
3214 silly audit report       id: 1107420,
3214 silly audit report       url: 'https://github.com/advisories/GHSA-7gfc-8cq8-jh5f',
3214 silly audit report       title: 'Next.js authorization bypass vulnerability',
3214 silly audit report       severity: 'high',
3214 silly audit report       vulnerable_versions: '>=9.5.5 <14.2.15',
3214 silly audit report       cwe: [Array],
3214 silly audit report       cvss: [Object]
3214 silly audit report     },
3214 silly audit report     {
3214 silly audit report       id: 1107512,
3214 silly audit report       url: 'https://github.com/advisories/GHSA-4342-x723-ch2f',
3214 silly audit report       title: 'Next.js Improper Middleware Redirect Handling Leads to SSRF',
3214 silly audit report       severity: 'moderate',
3214 silly audit report       vulnerable_versions: '>=0.9.9 <14.2.32',
3214 silly audit report       cwe: [Array],
3214 silly audit report       cvss: [Object]
3214 silly audit report     },
3214 silly audit report     {
3214 silly audit report       id: 1107513,
3214 silly audit report       url: 'https://github.com/advisories/GHSA-xv57-4mr9-wg8v',
3214 silly audit report       title: 'Next.js Content Injection Vulnerability for Image Optimization',
3214 silly audit report       severity: 'moderate',
3214 silly audit report       vulnerable_versions: '>=0.9.9 <14.2.31',
3214 silly audit report       cwe: [Array],
3214 silly audit report       cvss: [Object]
3214 silly audit report     },
3214 silly audit report     {
3214 silly audit report       id: 1112182,
3214 silly audit report       url: 'https://github.com/advisories/GHSA-5j59-xgg2-r9c4',
3214 silly audit report       title: 'Next has a Denial of Service with Server Components - Incomplete Fix Follow-Up',
3214 silly audit report       severity: 'high',
3214 silly audit report       vulnerable_versions: '>=13.3.1-canary.0 <14.2.35',
3214 silly audit report       cwe: [Array],
3214 silly audit report       cvss: [Object]
3214 silly audit report     },
3214 silly audit report     {
3214 silly audit report       id: 1108291,
3214 silly audit report       url: 'https://github.com/advisories/GHSA-qpjv-v59x-3qc4',
3214 silly audit report       title: 'Next.js Race Condition to Cache Poisoning',
3214 silly audit report       severity: 'low',
3214 silly audit report       vulnerable_versions: '>=0.9.9 <14.2.24',
3214 silly audit report       cwe: [Array],
3214 silly audit report       cvss: [Object]
3214 silly audit report     },
3214 silly audit report     {
3214 silly audit report       id: 1112593,
3214 silly audit report       url: 'https://github.com/advisories/GHSA-9g9p-9gw9-jx7f',
3214 silly audit report       title: 'Next.js self-hosted applications vulnerable to DoS via Image Optimizer remotePatterns configuration',
3214 silly audit report       severity: 'moderate',
3214 silly audit report       vulnerable_versions: '>=10.0.0 <15.5.10',
3214 silly audit report       cwe: [Array],
3214 silly audit report       cvss: [Object]
3214 silly audit report     },
3214 silly audit report     {
3214 silly audit report       id: 1112653,
3214 silly audit report       url: 'https://github.com/advisories/GHSA-h25m-26qc-wcjf',
3214 silly audit report       title: 'Next.js HTTP request deserialization can lead to DoS when using insecure React Server Components',
3214 silly audit report       severity: 'high',
3214 silly audit report       vulnerable_versions: '>=13.0.0 <15.0.8',
3214 silly audit report       cwe: [Array],
3214 silly audit report       cvss: [Object]
3214 silly audit report     },
3214 silly audit report     {
3214 silly audit report       id: 1113689,
3214 silly audit report       url: 'https://github.com/advisories/GHSA-f82v-jwr5-mffw',
3214 silly audit report       title: 'Authorization Bypass in Next.js Middleware',
3214 silly audit report       severity: 'critical',
3214 silly audit report       vulnerable_versions: '>=14.0.0 <14.2.25',
3214 silly audit report       cwe: [Array],
3214 silly audit report       cvss: [Object]
3214 silly audit report     },
3214 silly audit report     {
3214 silly audit report       id: 1114897,
3214 silly audit report       url: 'https://github.com/advisories/GHSA-ggv3-7p47-pfv8',
3214 silly audit report       title: 'Next.js: HTTP request smuggling in rewrites',
3214 silly audit report       severity: 'moderate',
3214 silly audit report       vulnerable_versions: '>=9.5.0 <15.5.13',
3214 silly audit report       cwe: [Array],
3214 silly audit report       cvss: [Object]
3214 silly audit report     },
3214 silly audit report     {
3214 silly audit report       id: 1114940,
3214 silly audit report       url: 'https://github.com/advisories/GHSA-3x4c-7xq6-9pq8',
3214 silly audit report       title: 'Next.js: Unbounded next/image disk cache growth can exhaust storage',
3214 silly audit report       severity: 'moderate',
3214 silly audit report       vulnerable_versions: '>=10.0.0 <15.5.14',
3214 silly audit report       cwe: [Array],
3214 silly audit report       cvss: [Object]
3214 silly audit report     }
3214 silly audit report   ],
3214 silly audit report   minimatch: [
3214 silly audit report     {
3214 silly audit report       id: 1113465,
3214 silly audit report       url: 'https://github.com/advisories/GHSA-3ppc-4f35-3m26',
3214 silly audit report       title: 'minimatch has a ReDoS via repeated wildcards with non-matching literal in pattern',
3214 silly audit report       severity: 'high',
3214 silly audit report       vulnerable_versions: '>=9.0.0 <9.0.6',
3214 silly audit report       cwe: [Array],
3214 silly audit report       cvss: [Object]
3214 silly audit report     },
3214 silly audit report     {
3214 silly audit report       id: 1113544,
3214 silly audit report       url: 'https://github.com/advisories/GHSA-7r86-cg39-jmmj',
3214 silly audit report       title: 'minimatch has ReDoS: matchOne() combinatorial backtracking via multiple non-adjacent GLOBSTAR segments',
3214 silly audit report       severity: 'high',
3214 silly audit report       vulnerable_versions: '>=9.0.0 <9.0.7',
3214 silly audit report       cwe: [Array],
3214 silly audit report       cvss: [Object]
3214 silly audit report     },
3214 silly audit report     {
3214 silly audit report       id: 1113552,
3214 silly audit report       url: 'https://github.com/advisories/GHSA-23c5-xmqv-rm74',
3214 silly audit report       title: 'minimatch ReDoS: nested *() extglobs generate catastrophically backtracking regular expressions',
3214 silly audit report       severity: 'high',
3214 silly audit report       vulnerable_versions: '>=9.0.0 <9.0.7',
3214 silly audit report       cwe: [Array],
3214 silly audit report       cvss: [Object]
3214 silly audit report     }
3214 silly audit report   ],
3214 silly audit report   glob: [
3214 silly audit report     {
3214 silly audit report       id: 1109842,
3214 silly audit report       url: 'https://github.com/advisories/GHSA-5j98-mcp5-4vw2',
3214 silly audit report       title: 'glob CLI: Command injection via -c/--cmd executes matches with shell:true',
3214 silly audit report       severity: 'high',
3214 silly audit report       vulnerable_versions: '>=10.2.0 <10.5.0',
3214 silly audit report       cwe: [Array],
3214 silly audit report       cvss: [Object]
3214 silly audit report     }
3214 silly audit report   ]
3214 silly audit report }
3215 silly packumentCache corgi:https://registry.npmjs.org/next cache-miss
3216 silly packumentCache corgi:https://registry.npmjs.org/minimatch cache-miss
3217 silly packumentCache corgi:https://registry.npmjs.org/glob cache-miss
3218 http fetch GET 200 https://registry.npmjs.org/once/-/once-1.4.0.tgz 319ms (cache miss)
3219 http fetch GET 200 https://registry.npmjs.org/is-weakset/-/is-weakset-2.0.4.tgz 319ms (cache miss)
3220 http fetch GET 200 https://registry.npmjs.org/path-is-absolute/-/path-is-absolute-1.0.1.tgz 323ms (cache miss)
3221 http fetch GET 200 https://registry.npmjs.org/wrappy/-/wrappy-1.0.2.tgz 324ms (cache miss)
3222 http fetch GET 200 https://registry.npmjs.org/inherits/-/inherits-2.0.4.tgz 324ms (cache miss)
3223 http fetch GET 200 https://registry.npmjs.org/inflight/-/inflight-1.0.6.tgz 325ms (cache miss)
3224 warn deprecated inflight@1.0.6: This module is not supported, and leaks memory. Do not use it. Check out lru-cache if you want a good and tested way to coalesce async requests by a key value, which is much more comprehensive and powerful.
3225 http fetch GET 200 https://registry.npmjs.org/is-bigint/-/is-bigint-1.1.0.tgz 319ms (cache miss)
3226 http fetch GET 200 https://registry.npmjs.org/is-finalizationregistry/-/is-finalizationregistry-1.1.1.tgz 319ms (cache miss)
3227 http fetch GET 200 https://registry.npmjs.org/is-async-function/-/is-async-function-2.1.1.tgz 320ms (cache miss)
3228 http fetch GET 200 https://registry.npmjs.org/punycode/-/punycode-2.3.1.tgz 320ms (cache miss)
3229 http fetch GET 200 https://registry.npmjs.org/isexe/-/isexe-2.0.0.tgz 319ms (cache miss)
3230 http fetch GET 200 https://registry.npmjs.org/is-boolean-object/-/is-boolean-object-1.2.2.tgz 328ms (cache miss)
3231 http fetch GET 200 https://registry.npmjs.org/escalade/-/escalade-3.2.0.tgz 334ms (cache miss)
3232 http fetch GET 200 https://registry.npmjs.org/which-boxed-primitive/-/which-boxed-primitive-1.1.1.tgz 464ms (cache miss)
3233 http fetch GET 200 https://registry.npmjs.org/which-builtin-type/-/which-builtin-type-1.2.1.tgz 464ms (cache miss)
3234 http fetch GET 200 https://registry.npmjs.org/fs.realpath/-/fs.realpath-1.0.0.tgz 475ms (cache miss)
3235 http fetch GET 200 https://registry.npmjs.org/for-each/-/for-each-0.3.5.tgz 482ms (cache miss)
3236 http fetch GET 200 https://registry.npmjs.org/reflect.getprototypeof/-/reflect.getprototypeof-1.0.10.tgz 485ms (cache miss)
3237 http fetch GET 200 https://registry.npmjs.org/thenify/-/thenify-3.3.1.tgz 484ms (cache miss)
3238 http fetch GET 200 https://registry.npmjs.org/has-bigints/-/has-bigints-1.1.0.tgz 489ms (cache miss)
3239 http fetch GET 200 https://registry.npmjs.org/strip-bom/-/strip-bom-3.0.0.tgz 508ms (cache miss)
3240 http fetch GET 200 https://registry.npmjs.org/any-promise/-/any-promise-1.3.0.tgz 508ms (cache miss)
3241 http fetch GET 200 https://registry.npmjs.org/thenify-all/-/thenify-all-1.6.0.tgz 510ms (cache miss)
3242 http fetch GET 200 https://registry.npmjs.org/@types/json5/-/json5-0.0.29.tgz 515ms (cache miss)
3243 http fetch GET 200 https://registry.npmjs.org/is-number/-/is-number-7.0.0.tgz 516ms (cache miss)
3244 http fetch GET 200 https://registry.npmjs.org/is-map/-/is-map-2.0.3.tgz 538ms (cache miss)
3245 http fetch GET 200 https://registry.npmjs.org/mz/-/mz-2.7.0.tgz 536ms (cache miss)
3246 http fetch GET 200 https://registry.npmjs.org/is-weakmap/-/is-weakmap-2.0.2.tgz 558ms (cache miss)
3247 http fetch GET 200 https://registry.npmjs.org/generator-function/-/generator-function-2.0.1.tgz 567ms (cache miss)
3248 http fetch GET 200 https://registry.npmjs.org/async-function/-/async-function-1.0.0.tgz 566ms (cache miss)
3249 http fetch GET 200 https://registry.npmjs.org/pirates/-/pirates-4.0.7.tgz 560ms (cache miss)
3250 http fetch GET 200 https://registry.npmjs.org/read-cache/-/read-cache-1.0.0.tgz 562ms (cache miss)
3251 http fetch GET 200 https://registry.npmjs.org/is-number-object/-/is-number-object-1.1.1.tgz 586ms (cache miss)
3252 http fetch GET 200 https://registry.npmjs.org/cssesc/-/cssesc-3.0.0.tgz 567ms (cache miss)
3253 http fetch GET 200 https://registry.npmjs.org/which-collection/-/which-collection-1.0.2.tgz 595ms (cache miss)
3254 http fetch GET 200 https://registry.npmjs.org/lines-and-columns/-/lines-and-columns-1.2.4.tgz 580ms (cache miss)
3255 http fetch GET 200 https://registry.npmjs.org/util-deprecate/-/util-deprecate-1.0.2.tgz 581ms (cache miss)
3256 http fetch GET 200 https://registry.npmjs.org/pify/-/pify-2.3.0.tgz 594ms (cache miss)
3257 http fetch GET 200 https://registry.npmjs.org/readdirp/-/readdirp-3.6.0.tgz 600ms (cache miss)
3258 http fetch GET 200 https://registry.npmjs.org/is-binary-path/-/is-binary-path-2.1.0.tgz 606ms (cache miss)
3259 http fetch GET 200 https://registry.npmjs.org/binary-extensions/-/binary-extensions-2.3.0.tgz 616ms (cache miss)
3260 http fetch GET 200 https://registry.npmjs.org/camelcase-css/-/camelcase-css-2.0.1.tgz 617ms (cache miss)
3261 http fetch GET 200 https://registry.npmjs.org/normalize-path/-/normalize-path-3.0.0.tgz 617ms (cache miss)
3262 http fetch GET 200 https://registry.npmjs.org/anymatch/-/anymatch-3.1.3.tgz 634ms (cache miss)
3263 http fetch GET 200 https://registry.npmjs.org/lilconfig/-/lilconfig-3.1.3.tgz 641ms (cache miss)
3264 http fetch GET 200 https://registry.npmjs.org/didyoumean/-/didyoumean-1.2.2.tgz 641ms (cache miss)
3265 http fetch GET 200 https://registry.npmjs.org/has-flag/-/has-flag-4.0.0.tgz 640ms (cache miss)
3266 http fetch GET 200 https://registry.npmjs.org/json5/-/json5-1.0.2.tgz 668ms (cache miss)
3267 http fetch GET 200 https://registry.npmjs.org/eastasianwidth/-/eastasianwidth-0.2.0.tgz 652ms (cache miss)
3268 http fetch GET 200 https://registry.npmjs.org/side-channel-map/-/side-channel-map-1.0.1.tgz 659ms (cache miss)
3269 http fetch GET 200 https://registry.npmjs.org/client-only/-/client-only-0.0.1.tgz 659ms (cache miss)
3270 http fetch GET 200 https://registry.npmjs.org/ansi-regex/-/ansi-regex-5.0.1.tgz 660ms (cache miss)
3271 http fetch GET 200 https://registry.npmjs.org/@alloc/quick-lru/-/quick-lru-5.2.0.tgz 661ms (cache miss)
3272 http fetch GET 200 https://registry.npmjs.org/postcss-nested/-/postcss-nested-6.2.0.tgz 665ms (cache miss)
3273 http fetch GET 200 https://registry.npmjs.org/side-channel-list/-/side-channel-list-1.0.0.tgz 661ms (cache miss)
3274 http fetch GET 200 https://registry.npmjs.org/is-fullwidth-code-point/-/is-fullwidth-code-point-3.0.0.tgz 663ms (cache miss)
3275 http fetch GET 200 https://registry.npmjs.org/queue-microtask/-/queue-microtask-1.2.3.tgz 661ms (cache miss)
3276 http fetch GET 200 https://registry.npmjs.org/@jridgewell/resolve-uri/-/resolve-uri-3.1.2.tgz 673ms (cache miss)
3277 http fetch GET 200 https://registry.npmjs.org/ts-interface-checker/-/ts-interface-checker-0.1.13.tgz 674ms (cache miss)
3278 http fetch GET 200 https://registry.npmjs.org/postcss-js/-/postcss-js-4.1.0.tgz 669ms (cache miss)
3279 http fetch GET 200 https://registry.npmjs.org/isarray/-/isarray-2.0.5.tgz 672ms (cache miss)
3280 http fetch GET 200 https://registry.npmjs.org/is-generator-function/-/is-generator-function-1.1.2.tgz 702ms (cache miss)
3281 http fetch GET 200 https://registry.npmjs.org/js-tokens/-/js-tokens-4.0.0.tgz 678ms (cache miss)
3282 http fetch GET 200 https://registry.npmjs.org/object-assign/-/object-assign-4.1.1.tgz 683ms (cache miss)
3283 http fetch GET 200 https://registry.npmjs.org/napi-postinstall/-/napi-postinstall-0.3.4.tgz 713ms (cache miss)
3284 http fetch GET 200 https://registry.npmjs.org/supports-preserve-symlinks-flag/-/supports-preserve-symlinks-flag-1.0.0.tgz 684ms (cache miss)
3285 http fetch GET 200 https://registry.npmjs.org/arg/-/arg-5.0.2.tgz 689ms (cache miss)
3286 http fetch GET 200 https://registry.npmjs.org/dlv/-/dlv-1.1.3.tgz 692ms (cache miss)
3287 http fetch GET 200 https://registry.npmjs.org/shebang-regex/-/shebang-regex-3.0.0.tgz 686ms (cache miss)
3288 http fetch GET 200 https://registry.npmjs.org/node-exports-info/-/node-exports-info-1.6.0.tgz 685ms (cache miss)
3289 http fetch GET 200 https://registry.npmjs.org/path-parse/-/path-parse-1.0.7.tgz 687ms (cache miss)
3290 http fetch GET 200 https://registry.npmjs.org/yocto-queue/-/yocto-queue-0.1.0.tgz 691ms (cache miss)
3291 http fetch GET 200 https://registry.npmjs.org/side-channel-weakmap/-/side-channel-weakmap-1.0.2.tgz 704ms (cache miss)
3292 http fetch GET 200 https://registry.npmjs.org/deep-is/-/deep-is-0.1.4.tgz 704ms (cache miss)
3293 http fetch GET 200 https://registry.npmjs.org/callsites/-/callsites-3.1.0.tgz 705ms (cache miss)
3294 http fetch GET 200 https://registry.npmjs.org/p-limit/-/p-limit-3.1.0.tgz 713ms (cache miss)
3295 http fetch GET 200 https://registry.npmjs.org/react-is/-/react-is-16.13.1.tgz 717ms (cache miss)
3296 http fetch GET 200 https://registry.npmjs.org/loose-envify/-/loose-envify-1.4.0.tgz 716ms (cache miss)
3297 http fetch GET 200 https://registry.npmjs.org/fast-levenshtein/-/fast-levenshtein-2.0.6.tgz 720ms (cache miss)
3298 http fetch GET 200 https://registry.npmjs.org/word-wrap/-/word-wrap-1.2.5.tgz 720ms (cache miss)
3299 http fetch GET 200 https://registry.npmjs.org/@swc/counter/-/counter-0.1.3.tgz 729ms (cache miss)
3300 http fetch GET 200 https://registry.npmjs.org/concat-map/-/concat-map-0.0.1.tgz 729ms (cache miss)
3301 http fetch GET 200 https://registry.npmjs.org/type-check/-/type-check-0.4.0.tgz 731ms (cache miss)
3302 http fetch GET 200 https://registry.npmjs.org/commander/-/commander-4.1.1.tgz 750ms (cache miss)
3303 http fetch GET 200 https://registry.npmjs.org/graceful-fs/-/graceful-fs-4.2.11.tgz 751ms (cache miss)
3304 http fetch GET 200 https://registry.npmjs.org/balanced-match/-/balanced-match-1.0.2.tgz 750ms (cache miss)
3305 http fetch GET 200 https://registry.npmjs.org/postcss-load-config/-/postcss-load-config-6.0.1.tgz 769ms (cache miss)
3306 http fetch GET 200 https://registry.npmjs.org/to-regex-range/-/to-regex-range-5.0.1.tgz 765ms (cache miss)
3307 http fetch GET 200 https://registry.npmjs.org/brace-expansion/-/brace-expansion-1.1.13.tgz 767ms (cache miss)
3308 http fetch GET 200 https://registry.npmjs.org/strip-ansi/-/strip-ansi-6.0.1.tgz 790ms (cache miss)
3309 http fetch GET 200 https://registry.npmjs.org/json-buffer/-/json-buffer-3.0.1.tgz 791ms (cache miss)
3310 http fetch GET 200 https://registry.npmjs.org/fill-range/-/fill-range-7.1.1.tgz 793ms (cache miss)
3311 http fetch GET 200 https://registry.npmjs.org/p-locate/-/p-locate-5.0.0.tgz 792ms (cache miss)
3312 http fetch GET 200 https://registry.npmjs.org/fsevents/-/fsevents-2.3.3.tgz 810ms (cache miss)
3313 http fetch GET 200 https://registry.npmjs.org/prelude-ls/-/prelude-ls-1.2.1.tgz 798ms (cache miss)
3314 http fetch GET 200 https://registry.npmjs.org/set-function-name/-/set-function-name-2.0.2.tgz 798ms (cache miss)
3315 http fetch GET 200 https://registry.npmjs.org/wrap-ansi/-/wrap-ansi-7.0.0.tgz 802ms (cache miss)
3316 http fetch GET 200 https://registry.npmjs.org/side-channel/-/side-channel-1.1.0.tgz 801ms (cache miss)
3317 http fetch GET 200 https://registry.npmjs.org/braces/-/braces-3.0.3.tgz 806ms (cache miss)
3318 http fetch GET 200 https://registry.npmjs.org/streamsearch/-/streamsearch-1.1.0.tgz 813ms (cache miss)
3319 http fetch GET 200 https://registry.npmjs.org/string-width/-/string-width-4.2.3.tgz 807ms (cache miss)
3320 http fetch GET 200 https://registry.npmjs.org/string-width/-/string-width-5.1.2.tgz 805ms (cache miss)
3321 http fetch GET 200 https://registry.npmjs.org/parent-module/-/parent-module-1.0.1.tgz 808ms (cache miss)
3322 http fetch GET 200 https://registry.npmjs.org/resolve-from/-/resolve-from-4.0.0.tgz 808ms (cache miss)
3323 http fetch GET 200 https://registry.npmjs.org/wrap-ansi/-/wrap-ansi-8.1.0.tgz 811ms (cache miss)
3324 http fetch GET 200 https://registry.npmjs.org/is-extglob/-/is-extglob-2.1.1.tgz 828ms (cache miss)
3325 http fetch GET 200 https://registry.npmjs.org/slash/-/slash-3.0.0.tgz 828ms (cache miss)
3326 http fetch GET 200 https://registry.npmjs.org/@isaacs/cliui/-/cliui-8.0.2.tgz 849ms (cache miss)
3327 http fetch GET 200 https://registry.npmjs.org/path-type/-/path-type-4.0.0.tgz 848ms (cache miss)
3328 http fetch GET 200 https://registry.npmjs.org/array-union/-/array-union-2.1.0.tgz 851ms (cache miss)
3329 http fetch GET 200 https://registry.npmjs.org/dir-glob/-/dir-glob-3.0.1.tgz 868ms (cache miss)
3330 http fetch GET 200 https://registry.npmjs.org/postcss-import/-/postcss-import-15.1.0.tgz 905ms (cache miss)
3331 http fetch GET 200 https://registry.npmjs.org/micromatch/-/micromatch-4.0.8.tgz 894ms (cache miss)
3332 http fetch GET 200 https://registry.npmjs.org/merge2/-/merge2-1.4.1.tgz 892ms (cache miss)
3333 http fetch GET 200 https://registry.npmjs.org/rimraf/-/rimraf-3.0.2.tgz 905ms (cache miss)
3334 warn deprecated rimraf@3.0.2: Rimraf versions prior to v4 are no longer supported
3335 http fetch GET 200 https://registry.npmjs.org/keyv/-/keyv-4.5.4.tgz 915ms (cache miss)
3336 http fetch GET 200 https://registry.npmjs.org/resolve-pkg-maps/-/resolve-pkg-maps-1.0.0.tgz 933ms (cache miss)
3337 http fetch GET 200 https://registry.npmjs.org/functions-have-names/-/functions-have-names-1.2.3.tgz 936ms (cache miss)
3338 http fetch GET 200 https://registry.npmjs.org/path-exists/-/path-exists-4.0.0.tgz 934ms (cache miss)
3339 http fetch GET 200 https://registry.npmjs.org/flatted/-/flatted-3.4.2.tgz 940ms (cache miss)
3340 http fetch GET 200 https://registry.npmjs.org/@next/env/-/env-14.2.5.tgz 958ms (cache miss)
3341 http fetch GET 200 https://registry.npmjs.org/acorn-jsx/-/acorn-jsx-5.3.2.tgz 940ms (cache miss)
3342 http fetch GET 200 https://registry.npmjs.org/locate-path/-/locate-path-6.0.0.tgz 957ms (cache miss)
3343 http fetch GET 200 https://registry.npmjs.org/object-hash/-/object-hash-3.0.0.tgz 969ms (cache miss)
3344 http fetch GET 200 https://registry.npmjs.org/iterator.prototype/-/iterator.prototype-1.1.5.tgz 970ms (cache miss)
3345 http fetch GET 200 https://registry.npmjs.org/esrecurse/-/esrecurse-4.3.0.tgz 976ms (cache miss)
3346 http fetch GET 200 https://registry.npmjs.org/flat-cache/-/flat-cache-3.2.0.tgz 980ms (cache miss)
3347 http fetch GET 200 https://registry.npmjs.org/minimist/-/minimist-1.2.8.tgz 1050ms (cache miss)
3348 http fetch GET 200 https://registry.npmjs.org/dunder-proto/-/dunder-proto-1.0.1.tgz 1003ms (cache miss)
3349 http fetch GET 200 https://registry.npmjs.org/string.prototype.matchall/-/string.prototype.matchall-4.0.12.tgz 1054ms (cache miss)
3350 http fetch GET 200 https://registry.npmjs.org/array.prototype.tosorted/-/array.prototype.tosorted-1.1.4.tgz 1053ms (cache miss)
3351 http fetch GET 200 https://registry.npmjs.org/estraverse/-/estraverse-5.3.0.tgz 1058ms (cache miss)
3352 http fetch GET 200 https://registry.npmjs.org/chokidar/-/chokidar-3.6.0.tgz 1104ms (cache miss)
3353 http fetch GET 200 https://registry.npmjs.org/picomatch/-/picomatch-2.3.2.tgz 1101ms (cache miss)
3354 http fetch GET 200 https://registry.npmjs.org/is-symbol/-/is-symbol-1.1.1.tgz 1089ms (cache miss)
3355 http fetch GET 200 https://registry.npmjs.org/string.prototype.includes/-/string.prototype.includes-2.0.1.tgz 1096ms (cache miss)
3356 http fetch GET 200 https://registry.npmjs.org/string.prototype.repeat/-/string.prototype.repeat-1.0.0.tgz 1123ms (cache miss)
3357 http fetch GET 200 https://registry.npmjs.org/damerau-levenshtein/-/damerau-levenshtein-1.0.8.tgz 1119ms (cache miss)
3358 http fetch GET 200 https://registry.npmjs.org/language-tags/-/language-tags-1.0.9.tgz 1120ms (cache miss)
3359 http fetch GET 200 https://registry.npmjs.org/is-date-object/-/is-date-object-1.1.0.tgz 1115ms (cache miss)
3360 http fetch GET 200 https://registry.npmjs.org/argparse/-/argparse-2.0.1.tgz 1154ms (cache miss)
3361 http fetch GET 200 https://registry.npmjs.org/reusify/-/reusify-1.1.0.tgz 1140ms (cache miss)
3362 http fetch GET 200 https://registry.npmjs.org/ast-types-flow/-/ast-types-flow-0.0.8.tgz 1129ms (cache miss)
3363 http fetch GET 200 https://registry.npmjs.org/typed-array-length/-/typed-array-length-1.0.7.tgz 1125ms (cache miss)
3364 http fetch GET 200 https://registry.npmjs.org/unbox-primitive/-/unbox-primitive-1.1.0.tgz 1136ms (cache miss)
3365 http fetch GET 200 https://registry.npmjs.org/possible-typed-array-names/-/possible-typed-array-names-1.1.0.tgz 1138ms (cache miss)
3366 http fetch GET 200 https://registry.npmjs.org/nanoid/-/nanoid-3.3.11.tgz 1180ms (cache miss)
3367 http fetch GET 200 https://registry.npmjs.org/typed-array-byte-length/-/typed-array-byte-length-1.0.3.tgz 1151ms (cache miss)
3368 http fetch GET 200 https://registry.npmjs.org/typed-array-byte-offset/-/typed-array-byte-offset-1.0.4.tgz 1153ms (cache miss)
3369 http fetch GET 200 https://registry.npmjs.org/safe-array-concat/-/safe-array-concat-1.1.3.tgz 1150ms (cache miss)
3370 http fetch GET 200 https://registry.npmjs.org/string.prototype.trim/-/string.prototype.trim-1.2.10.tgz 1150ms (cache miss)
3371 http fetch GET 200 https://registry.npmjs.org/string.prototype.trimstart/-/string.prototype.trimstart-1.0.8.tgz 1152ms (cache miss)
3372 http fetch GET 200 https://registry.npmjs.org/stop-iteration-iterator/-/stop-iteration-iterator-1.1.0.tgz 1154ms (cache miss)
3373 http fetch GET 200 https://registry.npmjs.org/typed-array-buffer/-/typed-array-buffer-1.0.3.tgz 1168ms (cache miss)
3374 http fetch GET 200 https://registry.npmjs.org/safe-regex-test/-/safe-regex-test-1.1.0.tgz 1168ms (cache miss)
3375 http fetch GET 200 https://registry.npmjs.org/own-keys/-/own-keys-1.0.1.tgz 1192ms (cache miss)
3376 http fetch GET 200 https://registry.npmjs.org/scheduler/-/scheduler-0.23.2.tgz 1241ms (cache miss)
3377 http fetch GET 200 https://registry.npmjs.org/regexp.prototype.flags/-/regexp.prototype.flags-1.5.4.tgz 1227ms (cache miss)
3378 http fetch GET 200 https://registry.npmjs.org/safe-push-apply/-/safe-push-apply-1.0.0.tgz 1228ms (cache miss)
3379 http fetch GET 200 https://registry.npmjs.org/is-weakref/-/is-weakref-1.1.1.tgz 1229ms (cache miss)
3380 http fetch GET 200 https://registry.npmjs.org/is-shared-array-buffer/-/is-shared-array-buffer-1.0.4.tgz 1230ms (cache miss)
3381 http fetch GET 200 https://registry.npmjs.org/is-typed-array/-/is-typed-array-1.1.15.tgz 1230ms (cache miss)
3382 http fetch GET 200 https://registry.npmjs.org/has-symbols/-/has-symbols-1.1.0.tgz 1250ms (cache miss)
3383 http fetch GET 200 https://registry.npmjs.org/is-set/-/is-set-2.0.3.tgz 1254ms (cache miss)
3384 http fetch GET 200 https://registry.npmjs.org/is-regex/-/is-regex-1.2.1.tgz 1256ms (cache miss)
3385 http fetch GET 200 https://registry.npmjs.org/@pkgjs/parseargs/-/parseargs-0.11.0.tgz 1294ms (cache miss)
3386 http fetch GET 200 https://registry.npmjs.org/is-data-view/-/is-data-view-1.0.2.tgz 1258ms (cache miss)
3387 http fetch GET 200 https://registry.npmjs.org/is-array-buffer/-/is-array-buffer-3.0.5.tgz 1257ms (cache miss)
3388 http fetch GET 200 https://registry.npmjs.org/has-proto/-/has-proto-1.2.0.tgz 1259ms (cache miss)
3389 http fetch GET 200 https://registry.npmjs.org/get-symbol-description/-/get-symbol-description-1.1.0.tgz 1257ms (cache miss)
3390 http fetch GET 200 https://registry.npmjs.org/globalthis/-/globalthis-1.0.4.tgz 1260ms (cache miss)
3391 http fetch GET 200 https://registry.npmjs.org/set-proto/-/set-proto-1.0.0.tgz 1307ms (cache miss)
3392 http fetch GET 200 https://registry.npmjs.org/function.prototype.name/-/function.prototype.name-1.1.8.tgz 1299ms (cache miss)
3393 http fetch GET 200 https://registry.npmjs.org/internal-slot/-/internal-slot-1.1.0.tgz 1302ms (cache miss)
3394 http fetch GET 200 https://registry.npmjs.org/is-callable/-/is-callable-1.2.7.tgz 1306ms (cache miss)
3395 http fetch GET 200 https://registry.npmjs.org/is-negative-zero/-/is-negative-zero-2.0.3.tgz 1329ms (cache miss)
3396 http fetch GET 200 https://registry.npmjs.org/prop-types/-/prop-types-15.8.1.tgz 1371ms (cache miss)
3397 http fetch GET 200 https://registry.npmjs.org/define-data-property/-/define-data-property-1.1.4.tgz 1346ms (cache miss)
3398 http fetch GET 200 https://registry.npmjs.org/object-keys/-/object-keys-1.1.1.tgz 1346ms (cache miss)
3399 http fetch GET 200 https://registry.npmjs.org/arraybuffer.prototype.slice/-/arraybuffer.prototype.slice-1.0.4.tgz 1348ms (cache miss)
3400 http fetch GET 200 https://registry.npmjs.org/function-bind/-/function-bind-1.1.2.tgz 1347ms (cache miss)
3401 http fetch GET 200 https://registry.npmjs.org/data-view-byte-length/-/data-view-byte-length-1.0.2.tgz 1350ms (cache miss)
3402 http fetch GET 200 https://registry.npmjs.org/is-string/-/is-string-1.1.1.tgz 1348ms (cache miss)
3403 http fetch GET 200 https://registry.npmjs.org/es-set-tostringtag/-/es-set-tostringtag-2.1.0.tgz 1371ms (cache miss)
3404 http fetch GET 200 https://registry.npmjs.org/data-view-byte-offset/-/data-view-byte-offset-1.0.1.tgz 1373ms (cache miss)
3405 http fetch GET 200 https://registry.npmjs.org/available-typed-arrays/-/available-typed-arrays-1.0.7.tgz 1383ms (cache miss)
3406 http fetch GET 200 https://registry.npmjs.org/set-function-length/-/set-function-length-1.2.2.tgz 1382ms (cache miss)
3407 http fetch GET 200 https://registry.npmjs.org/es-define-property/-/es-define-property-1.0.1.tgz 1382ms (cache miss)
3408 http fetch GET 200 https://registry.npmjs.org/gopd/-/gopd-1.2.0.tgz 1384ms (cache miss)
3409 http fetch GET 200 https://registry.npmjs.org/has-property-descriptors/-/has-property-descriptors-1.0.2.tgz 1383ms (cache miss)
3410 http fetch GET 200 https://registry.npmjs.org/object.entries/-/object.entries-1.1.9.tgz 1447ms (cache miss)
3411 http fetch GET 200 https://registry.npmjs.org/which-typed-array/-/which-typed-array-1.1.20.tgz 1434ms (cache miss)
3412 http fetch GET 200 https://registry.npmjs.org/data-view-buffer/-/data-view-buffer-1.0.2.tgz 1422ms (cache miss)
3413 http fetch GET 200 https://registry.npmjs.org/es-errors/-/es-errors-1.3.0.tgz 1420ms (cache miss)
3414 http fetch GET 200 https://registry.npmjs.org/array-buffer-byte-length/-/array-buffer-byte-length-1.0.2.tgz 1450ms (cache miss)
3415 http fetch GET 200 https://registry.npmjs.org/call-bound/-/call-bound-1.0.4.tgz 1447ms (cache miss)
3416 http fetch GET 200 https://registry.npmjs.org/get-intrinsic/-/get-intrinsic-1.3.0.tgz 1450ms (cache miss)
3417 http fetch GET 200 https://registry.npmjs.org/call-bind/-/call-bind-1.0.8.tgz 1444ms (cache miss)
3418 http fetch GET 200 https://registry.npmjs.org/array.prototype.findlast/-/array.prototype.findlast-1.2.5.tgz 1510ms (cache miss)
3419 http fetch GET 200 https://registry.npmjs.org/has-tostringtag/-/has-tostringtag-1.0.2.tgz 1503ms (cache miss)
3420 http fetch GET 200 https://registry.npmjs.org/es-object-atoms/-/es-object-atoms-1.1.1.tgz 1483ms (cache miss)
3421 http fetch GET 200 https://registry.npmjs.org/define-properties/-/define-properties-1.2.1.tgz 1484ms (cache miss)
3422 http fetch GET 200 https://registry.npmjs.org/string.prototype.trimend/-/string.prototype.trimend-1.0.9.tgz 1474ms (cache miss)
3423 http fetch GET 200 https://registry.npmjs.org/get-proto/-/get-proto-1.0.1.tgz 1503ms (cache miss)
3424 http fetch GET 200 https://registry.npmjs.org/hasown/-/hasown-2.0.2.tgz 1494ms (cache miss)
3425 http fetch GET 200 https://registry.npmjs.org/array.prototype.findlastindex/-/array.prototype.findlastindex-1.2.6.tgz 1495ms (cache miss)
3426 http fetch GET 200 https://registry.npmjs.org/es-shim-unscopables/-/es-shim-unscopables-1.1.0.tgz 1552ms (cache miss)
3427 http fetch GET 200 https://registry.npmjs.org/@rtsao/scc/-/scc-1.1.0.tgz 1543ms (cache miss)
3428 http fetch GET 200 https://registry.npmjs.org/source-map-js/-/source-map-js-1.2.1.tgz 1642ms (cache miss)
3429 http fetch GET 200 https://registry.npmjs.org/tinyglobby/-/tinyglobby-0.2.15.tgz 1582ms (cache miss)
3430 http fetch GET 200 https://registry.npmjs.org/stable-hash/-/stable-hash-0.0.5.tgz 1592ms (cache miss)
3431 http fetch GET 200 https://registry.npmjs.org/unrs-resolver/-/unrs-resolver-1.11.1.tgz 1603ms (cache miss)
3432 http fetch GET 200 https://registry.npmjs.org/array.prototype.flat/-/array.prototype.flat-1.3.3.tgz 1606ms (cache miss)
3433 http fetch GET 200 https://registry.npmjs.org/is-core-module/-/is-core-module-2.16.1.tgz 1603ms (cache miss)
3434 http fetch GET 200 https://registry.npmjs.org/@jridgewell/sourcemap-codec/-/sourcemap-codec-1.5.5.tgz 1697ms (cache miss)
3435 http fetch GET 200 https://registry.npmjs.org/emoji-regex/-/emoji-regex-9.2.2.tgz 1654ms (cache miss)
3436 http fetch GET 200 https://registry.npmjs.org/globby/-/globby-11.1.0.tgz 1614ms (cache miss)
3437 http fetch GET 200 https://registry.npmjs.org/eslint-import-resolver-node/-/eslint-import-resolver-node-0.3.10.tgz 1624ms (cache miss)
3438 http fetch GET 200 https://registry.npmjs.org/is-bun-module/-/is-bun-module-2.0.0.tgz 1636ms (cache miss)
3439 http fetch GET 200 https://registry.npmjs.org/which/-/which-2.0.2.tgz 1631ms (cache miss)
3440 http fetch GET 200 https://registry.npmjs.org/ms/-/ms-2.1.3.tgz 1634ms (cache miss)
3441 http fetch GET 200 https://registry.npmjs.org/@nolyfill/is-core-module/-/is-core-module-1.0.39.tgz 1637ms (cache miss)
3442 http fetch GET 200 https://registry.npmjs.org/json-schema-traverse/-/json-schema-traverse-0.4.1.tgz 1637ms (cache miss)
3443 http fetch GET 200 https://registry.npmjs.org/supports-color/-/supports-color-7.2.0.tgz 1638ms (cache miss)
3444 http fetch GET 200 https://registry.npmjs.org/path-key/-/path-key-3.1.1.tgz 1640ms (cache miss)
3445 http fetch GET 200 https://registry.npmjs.org/ansi-styles/-/ansi-styles-4.3.0.tgz 1640ms (cache miss)
3446 http fetch GET 200 https://registry.npmjs.org/color-convert/-/color-convert-2.0.1.tgz 1641ms (cache miss)
3447 http fetch GET 200 https://registry.npmjs.org/color-name/-/color-name-1.1.4.tgz 1655ms (cache miss)
3448 http fetch GET 200 https://registry.npmjs.org/fast-json-stable-stringify/-/fast-json-stable-stringify-2.1.0.tgz 1654ms (cache miss)
3449 http fetch GET 200 https://registry.npmjs.org/run-parallel/-/run-parallel-1.2.0.tgz 1655ms (cache miss)
3450 http fetch GET 200 https://registry.npmjs.org/call-bind-apply-helpers/-/call-bind-apply-helpers-1.0.2.tgz 1679ms (cache miss)
3451 http fetch GET 200 https://registry.npmjs.org/@typescript-eslint/visitor-keys/-/visitor-keys-7.2.0.tgz 1663ms (cache miss)
3452 http fetch GET 200 https://registry.npmjs.org/import-fresh/-/import-fresh-3.3.1.tgz 1661ms (cache miss)
3453 http fetch GET 200 https://registry.npmjs.org/object.fromentries/-/object.fromentries-2.0.8.tgz 1681ms (cache miss)
3454 http fetch GET 200 https://registry.npmjs.org/eslint-plugin-react-hooks/-/eslint-plugin-react-hooks-5.0.0-canary-7118f5dd7-20230705.tgz 1676ms (cache miss)
3455 http fetch GET 200 https://registry.npmjs.org/text-table/-/text-table-0.2.0.tgz 1669ms (cache miss)
3456 http fetch GET 200 https://registry.npmjs.org/strip-json-comments/-/strip-json-comments-3.1.1.tgz 1670ms (cache miss)
3457 http fetch GET 200 https://registry.npmjs.org/@nodelib/fs.stat/-/fs.stat-2.0.5.tgz 1671ms (cache miss)
3458 http fetch GET 200 https://registry.npmjs.org/strip-ansi/-/strip-ansi-6.0.1.tgz 1681ms (cache miss)
3459 http fetch GET 200 https://registry.npmjs.org/natural-compare/-/natural-compare-1.4.0.tgz 1680ms (cache miss)
3460 http fetch GET 200 https://registry.npmjs.org/shebang-command/-/shebang-command-2.0.0.tgz 1683ms (cache miss)
3461 http fetch GET 200 https://registry.npmjs.org/@humanwhocodes/object-schema/-/object-schema-2.0.3.tgz 1683ms (cache miss)
3462 http fetch GET 200 https://registry.npmjs.org/lodash.merge/-/lodash.merge-4.6.2.tgz 1681ms (cache miss)
3463 http fetch GET 200 https://registry.npmjs.org/array-includes/-/array-includes-3.1.9.tgz 1706ms (cache miss)
3464 http fetch GET 200 https://registry.npmjs.org/@nodelib/fs.scandir/-/fs.scandir-2.1.5.tgz 1696ms (cache miss)
3465 http fetch GET 200 https://registry.npmjs.org/optionator/-/optionator-0.9.4.tgz 1696ms (cache miss)
3466 http fetch GET 200 https://registry.npmjs.org/json-stable-stringify-without-jsonify/-/json-stable-stringify-without-jsonify-1.0.1.tgz 1696ms (cache miss)
3467 http fetch GET 200 https://registry.npmjs.org/object.values/-/object.values-1.2.1.tgz 1731ms (cache miss)
3468 http fetch GET 200 https://registry.npmjs.org/object.groupby/-/object.groupby-1.0.3.tgz 1732ms (cache miss)
3469 http fetch GET 200 https://registry.npmjs.org/minimatch/-/minimatch-3.1.5.tgz 1717ms (cache miss)
3470 http fetch GET 200 https://registry.npmjs.org/is-glob/-/is-glob-4.0.3.tgz 1718ms (cache miss)
3471 http fetch GET 200 https://registry.npmjs.org/levn/-/levn-0.4.1.tgz 1716ms (cache miss)
3472 http fetch GET 200 https://registry.npmjs.org/fastq/-/fastq-1.20.1.tgz 1718ms (cache miss)
3473 http fetch GET 200 https://registry.npmjs.org/glob-parent/-/glob-parent-6.0.2.tgz 1718ms (cache miss)
3474 http fetch GET 200 https://registry.npmjs.org/file-entry-cache/-/file-entry-cache-6.0.1.tgz 1717ms (cache miss)
3475 http fetch GET 200 https://registry.npmjs.org/imurmurhash/-/imurmurhash-0.1.4.tgz 1736ms (cache miss)
3476 http fetch GET 200 https://registry.npmjs.org/globals/-/globals-13.24.0.tgz 1738ms (cache miss)
3477 http fetch GET 200 https://registry.npmjs.org/debug/-/debug-4.4.3.tgz 1737ms (cache miss)
3478 http fetch GET 200 https://registry.npmjs.org/esutils/-/esutils-2.0.3.tgz 1738ms (cache miss)
3479 http fetch GET 200 https://registry.npmjs.org/object.assign/-/object.assign-4.1.7.tgz 1917ms (cache miss)
3480 http fetch GET 200 https://registry.npmjs.org/busboy/-/busboy-1.6.0.tgz 1962ms (cache miss)
3481 http fetch GET 200 https://registry.npmjs.org/array.prototype.flatmap/-/array.prototype.flatmap-1.3.3.tgz 1897ms (cache miss)
3482 http fetch GET 200 https://registry.npmjs.org/ignore/-/ignore-5.3.2.tgz 1885ms (cache miss)
3483 http fetch GET 200 https://registry.npmjs.org/eslint-import-resolver-typescript/-/eslint-import-resolver-typescript-3.10.1.tgz 1895ms (cache miss)
3484 http fetch GET 200 https://registry.npmjs.org/find-up/-/find-up-5.0.0.tgz 1885ms (cache miss)
3485 http fetch GET 200 https://registry.npmjs.org/get-tsconfig/-/get-tsconfig-4.13.7.tgz 1923ms (cache miss)
3486 http fetch GET 200 https://registry.npmjs.org/eslint-visitor-keys/-/eslint-visitor-keys-3.4.3.tgz 1911ms (cache miss)
3487 http fetch GET 200 https://registry.npmjs.org/update-browserslist-db/-/update-browserslist-db-1.2.3.tgz 1908ms (cache miss)
3488 http fetch GET 200 https://registry.npmjs.org/@ungap/structured-clone/-/structured-clone-1.3.0.tgz 1909ms (cache miss)
3489 warn deprecated @humanwhocodes/object-schema@2.0.3: Use @eslint/object-schema instead
3490 http fetch GET 200 https://registry.npmjs.org/@humanwhocodes/config-array/-/config-array-0.13.0.tgz 1926ms (cache miss)
3491 warn deprecated @humanwhocodes/config-array@0.13.0: Use @eslint/config-array instead
3492 http fetch GET 200 https://registry.npmjs.org/@eslint/js/-/js-8.57.1.tgz 1926ms (cache miss)
3493 http fetch GET 200 https://registry.npmjs.org/chalk/-/chalk-4.1.2.tgz 1929ms (cache miss)
3494 http fetch GET 200 https://registry.npmjs.org/fast-deep-equal/-/fast-deep-equal-3.1.3.tgz 1929ms (cache miss)
3495 http fetch GET 200 https://registry.npmjs.org/escape-string-regexp/-/escape-string-regexp-4.0.0.tgz 1953ms (cache miss)
3496 http fetch GET 200 https://registry.npmjs.org/@humanwhocodes/module-importer/-/module-importer-1.0.1.tgz 1951ms (cache miss)
3497 http fetch GET 200 https://registry.npmjs.org/es-to-primitive/-/es-to-primitive-1.3.0.tgz 1994ms (cache miss)
3498 http fetch GET 200 https://registry.npmjs.org/node-releases/-/node-releases-2.0.37.tgz 1963ms (cache miss)
3499 http fetch GET 200 https://registry.npmjs.org/postcss-value-parser/-/postcss-value-parser-4.2.0.tgz 1963ms (cache miss)
3500 http fetch GET 200 https://registry.npmjs.org/picocolors/-/picocolors-1.1.1.tgz 1965ms (cache miss)
3501 http fetch GET 200 https://registry.npmjs.org/@typescript-eslint/parser/-/parser-7.2.0.tgz 1982ms (cache miss)
3502 http fetch GET 200 https://registry.npmjs.org/@types/prop-types/-/prop-types-15.7.15.tgz 1974ms (cache miss)
3503 http fetch GET 200 https://registry.npmjs.org/browserslist/-/browserslist-4.28.2.tgz 2013ms (cache miss)
3504 http fetch GET 200 https://registry.npmjs.org/eslint-module-utils/-/eslint-module-utils-2.12.1.tgz 2045ms (cache miss)
3505 http fetch GET 200 https://registry.npmjs.org/@types/ws/-/ws-8.18.1.tgz 2025ms (cache miss)
3506 http fetch GET 200 https://registry.npmjs.org/doctrine/-/doctrine-3.0.0.tgz 2045ms (cache miss)
3507 http fetch GET 200 https://registry.npmjs.org/cross-spawn/-/cross-spawn-7.0.6.tgz 2070ms (cache miss)
3508 http fetch GET 200 https://registry.npmjs.org/espree/-/espree-9.6.1.tgz 2099ms (cache miss)
3509 http fetch GET 200 https://registry.npmjs.org/@jridgewell/gen-mapping/-/gen-mapping-0.3.13.tgz 2197ms (cache miss)
3510 http fetch GET 200 https://registry.npmjs.org/acorn/-/acorn-8.16.0.tgz 2169ms (cache miss)
3511 http fetch GET 200 https://registry.npmjs.org/ts-api-utils/-/ts-api-utils-1.4.3.tgz 2121ms (cache miss)
3512 http fetch GET 200 https://registry.npmjs.org/eslint-config-next/-/eslint-config-next-14.2.5.tgz 2104ms (cache miss)
3513 http fetch GET 200 https://registry.npmjs.org/electron-to-chromium/-/electron-to-chromium-1.5.331.tgz 2156ms (cache miss)
3514 http fetch GET 200 https://registry.npmjs.org/math-intrinsics/-/math-intrinsics-1.1.0.tgz 2229ms (cache miss)
3515 http fetch GET 200 https://registry.npmjs.org/@types/react-dom/-/react-dom-18.3.7.tgz 2225ms (cache miss)
3516 http fetch GET 200 https://registry.npmjs.org/glob-parent/-/glob-parent-5.1.2.tgz 2253ms (cache miss)
3517 http fetch GET 200 https://registry.npmjs.org/minipass/-/minipass-7.1.3.tgz 2339ms (cache miss)
3518 http fetch GET 200 https://registry.npmjs.org/eslint-scope/-/eslint-scope-7.2.2.tgz 2296ms (cache miss)
3519 http fetch GET 200 https://registry.npmjs.org/is-path-inside/-/is-path-inside-3.0.3.tgz 2306ms (cache miss)
3520 http fetch GET 200 https://registry.npmjs.org/styled-jsx/-/styled-jsx-5.1.1.tgz 2401ms (cache miss)
3521 http fetch GET 200 https://registry.npmjs.org/iceberg-js/-/iceberg-js-0.8.1.tgz 2327ms (cache miss)
3522 http fetch GET 200 https://registry.npmjs.org/baseline-browser-mapping/-/baseline-browser-mapping-2.10.13.tgz 2334ms (cache miss)
3523 http fetch GET 200 https://registry.npmjs.org/ansi-regex/-/ansi-regex-6.2.2.tgz 2326ms (cache miss)
3524 http fetch GET 200 https://registry.npmjs.org/string-width/-/string-width-4.2.3.tgz 2328ms (cache miss)
3525 http fetch GET 200 https://registry.npmjs.org/ansi-styles/-/ansi-styles-6.2.3.tgz 2333ms (cache miss)
3526 http fetch GET 200 https://registry.npmjs.org/semver/-/semver-6.3.1.tgz 2336ms (cache miss)
3527 http fetch GET 200 https://registry.npmjs.org/emoji-regex/-/emoji-regex-8.0.0.tgz 2337ms (cache miss)
3528 http fetch GET 200 https://registry.npmjs.org/strip-ansi/-/strip-ansi-7.2.0.tgz 2336ms (cache miss)
3529 http fetch GET 200 https://registry.npmjs.org/ansi-regex/-/ansi-regex-6.2.2.tgz 2348ms (cache miss)
3530 http fetch GET 200 https://registry.npmjs.org/ansi-regex/-/ansi-regex-6.2.2.tgz 2349ms (cache miss)
3531 http fetch GET 200 https://registry.npmjs.org/glob-parent/-/glob-parent-5.1.2.tgz 2352ms (cache miss)
3532 http fetch GET 200 https://registry.npmjs.org/emoji-regex/-/emoji-regex-8.0.0.tgz 2354ms (cache miss)
3533 http fetch GET 200 https://registry.npmjs.org/strip-ansi/-/strip-ansi-7.2.0.tgz 2356ms (cache miss)
3534 http fetch GET 200 https://registry.npmjs.org/glob/-/glob-7.2.3.tgz 2356ms (cache miss)
3535 warn deprecated glob@7.2.3: Old versions of glob are not supported, and contain widely publicized security vulnerabilities, which have been fixed in the current version. Please update. Support for old versions may be purchased (at exorbitant rates) by contacting i@izs.me
3536 http fetch GET 200 https://registry.npmjs.org/strip-ansi/-/strip-ansi-7.2.0.tgz 2358ms (cache miss)
3537 http fetch GET 200 https://registry.npmjs.org/fdir/-/fdir-6.5.0.tgz 2358ms (cache miss)
3538 http fetch GET 200 https://registry.npmjs.org/@eslint-community/regexpp/-/regexpp-4.12.2.tgz 2373ms (cache miss)
3539 http fetch GET 200 https://registry.npmjs.org/brace-expansion/-/brace-expansion-2.0.3.tgz 2365ms (cache miss)
3540 http fetch GET 200 https://registry.npmjs.org/@eslint-community/eslint-utils/-/eslint-utils-4.9.1.tgz 2376ms (cache miss)
3541 http fetch GET 200 https://registry.npmjs.org/semver/-/semver-6.3.1.tgz 2367ms (cache miss)
3542 http fetch GET 200 https://registry.npmjs.org/semver/-/semver-6.3.1.tgz 2368ms (cache miss)
3543 http fetch GET 200 https://registry.npmjs.org/tslib/-/tslib-2.8.1.tgz 2388ms (cache miss)
3544 http fetch GET 200 https://registry.npmjs.org/brace-expansion/-/brace-expansion-2.0.3.tgz 2384ms (cache miss)
3545 http fetch GET 200 https://registry.npmjs.org/@unrs/resolver-binding-darwin-arm64/-/resolver-binding-darwin-arm64-1.11.1.tgz 2518ms (cache miss)
3546 http fetch GET 200 https://registry.npmjs.org/debug/-/debug-3.2.7.tgz 2391ms (cache miss)
3547 http fetch GET 200 https://registry.npmjs.org/undici-types/-/undici-types-6.21.0.tgz 2404ms (cache miss)
3548 http fetch GET 200 https://registry.npmjs.org/debug/-/debug-3.2.7.tgz 2398ms (cache miss)
3549 http fetch GET 200 https://registry.npmjs.org/doctrine/-/doctrine-2.1.0.tgz 2405ms (cache miss)
3550 http fetch GET 200 https://registry.npmjs.org/debug/-/debug-3.2.7.tgz 2408ms (cache miss)
3551 http fetch GET 200 https://registry.npmjs.org/picomatch/-/picomatch-4.0.4.tgz 2426ms (cache miss)
3552 http fetch GET 200 https://registry.npmjs.org/path-scurry/-/path-scurry-1.11.1.tgz 2518ms (cache miss)
3553 http fetch GET 200 https://registry.npmjs.org/object-inspect/-/object-inspect-1.13.4.tgz 2486ms (cache miss)
3554 http fetch GET 200 https://registry.npmjs.org/fraction.js/-/fraction.js-5.3.4.tgz 2458ms (cache miss)
3555 http fetch GET 200 https://registry.npmjs.org/minimatch 2312ms (cache miss)
3556 silly packumentCache corgi:https://registry.npmjs.org/minimatch set size:undefined disposed:false
3557 http fetch GET 200 https://registry.npmjs.org/ws/-/ws-8.20.0.tgz 2469ms (cache miss)
3558 http fetch GET 200 https://registry.npmjs.org/glob 2325ms (cache miss)
3559 silly packumentCache corgi:https://registry.npmjs.org/glob set size:undefined disposed:false
3560 http fetch GET 200 https://registry.npmjs.org/lru-cache/-/lru-cache-10.4.3.tgz 2572ms (cache miss)
3561 http fetch GET 200 https://registry.npmjs.org/@typescript-eslint/types/-/types-7.2.0.tgz 2525ms (cache miss)
3562 http fetch GET 200 https://registry.npmjs.org/jackspeak/-/jackspeak-2.3.6.tgz 2593ms (cache miss)
3563 http fetch GET 200 https://registry.npmjs.org/type-fest/-/type-fest-0.20.2.tgz 2597ms (cache miss)
3564 http fetch GET 200 https://registry.npmjs.org/@types/react/-/react-18.3.28.tgz 2523ms (cache miss)
3565 http fetch GET 200 https://registry.npmjs.org/react/-/react-18.3.1.tgz 2525ms (cache miss)
3566 http fetch GET 200 https://registry.npmjs.org/doctrine/-/doctrine-2.1.0.tgz 2541ms (cache miss)
3567 http fetch GET 200 https://registry.npmjs.org/jiti/-/jiti-1.21.7.tgz 2656ms (cache miss)
3568 http fetch GET 200 https://registry.npmjs.org/signal-exit/-/signal-exit-4.1.0.tgz 2636ms (cache miss)
3569 http fetch GET 200 https://registry.npmjs.org/csstype/-/csstype-3.2.3.tgz 2560ms (cache miss)
3570 http fetch GET 200 https://registry.npmjs.org/graphemer/-/graphemer-1.4.0.tgz 2583ms (cache miss)
3571 http fetch GET 200 https://registry.npmjs.org/@jridgewell/trace-mapping/-/trace-mapping-0.3.31.tgz 2687ms (cache miss)
3572 http fetch GET 200 https://registry.npmjs.org/@nodelib/fs.walk/-/fs.walk-1.2.8.tgz 2593ms (cache miss)
3573 http fetch GET 200 https://registry.npmjs.org/esquery/-/esquery-1.7.0.tgz 2610ms (cache miss)
3574 http fetch GET 200 https://registry.npmjs.org/postcss-selector-parser/-/postcss-selector-parser-6.1.2.tgz 2713ms (cache miss)
3575 http fetch GET 200 https://registry.npmjs.org/language-subtag-registry/-/language-subtag-registry-0.3.23.tgz 2705ms (cache miss)
3576 http fetch GET 200 https://registry.npmjs.org/@next/eslint-plugin-next/-/eslint-plugin-next-14.2.5.tgz 2708ms (cache miss)
3577 http fetch GET 200 https://registry.npmjs.org/foreground-child/-/foreground-child-3.3.1.tgz 2782ms (cache miss)
3578 http fetch GET 200 https://registry.npmjs.org/semver/-/semver-7.7.4.tgz 2730ms (cache miss)
3579 http fetch GET 200 https://registry.npmjs.org/@eslint/eslintrc/-/eslintrc-2.1.4.tgz 2728ms (cache miss)
3580 http fetch GET 200 https://registry.npmjs.org/js-yaml/-/js-yaml-4.1.1.tgz 2745ms (cache miss)
3581 http fetch GET 200 https://registry.npmjs.org/@supabase/supabase-js/-/supabase-js-2.101.1.tgz 2778ms (cache miss)
3582 http fetch GET 200 https://registry.npmjs.org/postcss/-/postcss-8.5.8.tgz 2841ms (cache miss)
3583 http fetch GET 200 https://registry.npmjs.org/@supabase/storage-js/-/storage-js-2.101.1.tgz 2846ms (cache miss)
3584 http fetch GET 200 https://registry.npmjs.org/@supabase/postgrest-js/-/postgrest-js-2.101.1.tgz 2852ms (cache miss)
3585 http fetch GET 200 https://registry.npmjs.org/postcss/-/postcss-8.4.31.tgz 2884ms (cache miss)
3586 http fetch GET 200 https://registry.npmjs.org/fast-glob/-/fast-glob-3.3.3.tgz 2988ms (cache miss)
3587 http fetch GET 200 https://registry.npmjs.org/axe-core/-/axe-core-4.11.2.tgz 3004ms (cache miss)
3588 http fetch GET 200 https://registry.npmjs.org/@supabase/functions-js/-/functions-js-2.101.1.tgz 2964ms (cache miss)
3589 http fetch GET 200 https://registry.npmjs.org/uri-js/-/uri-js-4.4.1.tgz 3019ms (cache miss)
3590 http fetch GET 200 https://registry.npmjs.org/tsconfig-paths/-/tsconfig-paths-3.15.0.tgz 3083ms (cache miss)
3591 http fetch GET 200 https://registry.npmjs.org/@types/node/-/node-20.19.37.tgz 3064ms (cache miss)
3592 http fetch GET 200 https://registry.npmjs.org/minimatch/-/minimatch-9.0.3.tgz 3107ms (cache miss)
3593 http fetch GET 200 https://registry.npmjs.org/minimatch/-/minimatch-9.0.9.tgz 3127ms (cache miss)
3594 http fetch GET 200 https://registry.npmjs.org/glob/-/glob-10.3.10.tgz 3201ms (cache miss)
3595 warn deprecated glob@10.3.10: Old versions of glob are not supported, and contain widely publicized security vulnerabilities, which have been fixed in the current version. Please update. Support for old versions may be purchased (at exorbitant rates) by contacting i@izs.me
3596 http fetch GET 200 https://registry.npmjs.org/es-iterator-helpers/-/es-iterator-helpers-1.3.1.tgz 3395ms (cache miss)
3597 http fetch GET 200 https://registry.npmjs.org/@supabase/phoenix/-/phoenix-0.4.0.tgz 3338ms (cache miss)
3598 http fetch GET 200 https://registry.npmjs.org/autoprefixer/-/autoprefixer-10.4.27.tgz 3366ms (cache miss)
3599 http fetch GET 200 https://registry.npmjs.org/react-dom/-/react-dom-18.3.1.tgz 3370ms (cache miss)
3600 http fetch GET 200 https://registry.npmjs.org/ajv/-/ajv-6.14.0.tgz 3488ms (cache miss)
3601 http fetch GET 200 https://registry.npmjs.org/jsx-ast-utils/-/jsx-ast-utils-3.3.5.tgz 3557ms (cache miss)
3602 http fetch GET 200 https://registry.npmjs.org/resolve/-/resolve-1.22.11.tgz 3515ms (cache miss)
3603 http fetch GET 200 https://registry.npmjs.org/resolve/-/resolve-2.0.0-next.6.tgz 3556ms (cache miss)
3604 http fetch GET 200 https://registry.npmjs.org/resolve/-/resolve-1.22.11.tgz 3527ms (cache miss)
3605 http fetch GET 200 https://registry.npmjs.org/@typescript-eslint/typescript-estree/-/typescript-estree-7.2.0.tgz 3636ms (cache miss)
3606 http fetch GET 200 https://registry.npmjs.org/eslint-plugin-import/-/eslint-plugin-import-2.32.0.tgz 3682ms (cache miss)
3607 http fetch GET 200 https://registry.npmjs.org/@rushstack/eslint-patch/-/eslint-patch-1.16.1.tgz 3684ms (cache miss)
3608 http fetch GET 200 https://registry.npmjs.org/@supabase/realtime-js/-/realtime-js-2.101.1.tgz 3722ms (cache miss)
3609 http fetch GET 200 https://registry.npmjs.org/axobject-query/-/axobject-query-4.1.0.tgz 3836ms (cache miss)
3610 http fetch GET 200 https://registry.npmjs.org/sucrase/-/sucrase-3.35.1.tgz 4391ms (cache miss)
3611 http fetch GET 200 https://registry.npmjs.org/@swc/helpers/-/helpers-0.5.5.tgz 4431ms (cache miss)
3612 http fetch GET 200 https://registry.npmjs.org/aria-query/-/aria-query-5.3.2.tgz 4415ms (cache miss)
3613 http fetch GET 200 https://registry.npmjs.org/eslint-plugin-jsx-a11y/-/eslint-plugin-jsx-a11y-6.10.2.tgz 4446ms (cache miss)
3614 http fetch GET 200 https://registry.npmjs.org/@supabase/auth-js/-/auth-js-2.101.1.tgz 4477ms (cache miss)
3615 http fetch GET 200 https://registry.npmjs.org/tailwindcss/-/tailwindcss-3.4.19.tgz 4578ms (cache miss)
3616 http fetch GET 200 https://registry.npmjs.org/next 4484ms (cache miss)
3617 silly packumentCache corgi:https://registry.npmjs.org/next set size:undefined disposed:false
3618 silly packumentCache corgi:https://registry.npmjs.org/@typescript-eslint%2ftypescript-estree cache-miss
3619 http fetch GET 200 https://registry.npmjs.org/typescript/-/typescript-5.9.3.tgz 7645ms (cache miss)
3620 http fetch GET 200 https://registry.npmjs.org/eslint-plugin-react/-/eslint-plugin-react-7.37.5.tgz 7671ms (cache miss)
3621 http fetch GET 200 https://registry.npmjs.org/eslint/-/eslint-8.57.1.tgz 7844ms (cache miss)
3622 warn deprecated eslint@8.57.1: This version is no longer supported. Please see https://eslint.org/version-support for other options.
3623 http fetch GET 200 https://registry.npmjs.org/@typescript-eslint%2ftypescript-estree 679ms (cache miss)
3624 silly packumentCache corgi:https://registry.npmjs.org/@typescript-eslint%2ftypescript-estree set size:undefined disposed:false
3625 silly packumentCache corgi:https://registry.npmjs.org/@next%2feslint-plugin-next cache-miss
3626 http fetch GET 200 https://registry.npmjs.org/@typescript-eslint/scope-manager/-/scope-manager-7.2.0.tgz 8328ms (cache miss)
3627 http fetch GET 200 https://registry.npmjs.org/@next%2feslint-plugin-next 218ms (cache miss)
3628 silly packumentCache corgi:https://registry.npmjs.org/@next%2feslint-plugin-next set size:undefined disposed:false
3629 silly packumentCache corgi:https://registry.npmjs.org/@typescript-eslint%2fparser cache-miss
3630 http fetch GET 200 https://registry.npmjs.org/zod/-/zod-3.25.76.tgz 8931ms (cache miss)
3631 http fetch GET 200 https://registry.npmjs.org/@typescript-eslint%2fparser 341ms (cache miss)
3632 silly packumentCache corgi:https://registry.npmjs.org/@typescript-eslint%2fparser set size:undefined disposed:false
3633 silly packumentCache corgi:https://registry.npmjs.org/eslint-config-next cache-miss
3634 http fetch GET 200 https://registry.npmjs.org/caniuse-lite/-/caniuse-lite-1.0.30001784.tgz 48209ms (cache miss)
3635 http fetch GET 200 https://registry.npmjs.org/@next/swc-darwin-arm64/-/swc-darwin-arm64-14.2.5.tgz 49305ms (cache miss)
3636 http fetch GET 200 https://registry.npmjs.org/es-abstract/-/es-abstract-1.24.1.tgz 49276ms (cache miss)
3637 http fetch GET 200 https://registry.npmjs.org/eslint-config-next 1151ms (cache miss)
3638 silly packumentCache corgi:https://registry.npmjs.org/eslint-config-next set size:undefined disposed:false
3639 http fetch GET 200 https://registry.npmjs.org/next/-/next-14.2.5.tgz 63336ms (cache miss)
3640 warn deprecated next@14.2.5: This version has a security vulnerability. Please upgrade to a patched version. See https://nextjs.org/blog/security-update-2025-12-11 for more details.
3641 info run fsevents@2.3.3 install node_modules/fsevents node-gyp rebuild
3642 info run fsevents@2.3.3 install { code: 1, signal: null }
3643 verbose reify failed optional dependency /Users/minsoopark/Downloads/바이브코딩/k-black-music-magazine-app/node_modules/fsevents
3644 silly reify mark deleted [
3644 silly reify   '/Users/minsoopark/Downloads/바이브코딩/k-black-music-magazine-app/node_modules/fsevents'
3644 silly reify ]
3645 info run unrs-resolver@1.11.1 postinstall node_modules/unrs-resolver napi-postinstall unrs-resolver 1.11.1 check
3646 info run unrs-resolver@1.11.1 postinstall { code: 0, signal: null }
3647 silly ADD node_modules/wrappy
3648 silly ADD node_modules/path-is-absolute
3649 silly ADD node_modules/once
3650 silly ADD node_modules/inherits
3651 silly ADD node_modules/inflight
3652 silly ADD node_modules/fs.realpath
3653 silly ADD node_modules/is-weakset
3654 silly ADD node_modules/is-weakmap
3655 silly ADD node_modules/is-map
3656 silly ADD node_modules/generator-function
3657 silly ADD node_modules/async-function
3658 silly ADD node_modules/which-collection
3659 silly ADD node_modules/is-generator-function
3660 silly ADD node_modules/is-finalizationregistry
3661 silly ADD node_modules/is-async-function
3662 silly ADD node_modules/is-number-object
3663 silly ADD node_modules/is-boolean-object
3664 silly ADD node_modules/is-bigint
3665 silly ADD node_modules/isexe
3666 silly ADD node_modules/punycode
3667 silly ADD node_modules/escalade
3668 silly ADD node_modules/napi-postinstall
3669 silly ADD node_modules/@unrs/resolver-binding-darwin-arm64
3670 silly ADD node_modules/which-boxed-primitive
3671 silly ADD node_modules/has-bigints
3672 silly ADD node_modules/which-builtin-type
3673 silly ADD node_modules/reflect.getprototypeof
3674 silly ADD node_modules/for-each
3675 silly ADD node_modules/strip-bom
3676 silly ADD node_modules/minimist
3677 silly ADD node_modules/json5
3678 silly ADD node_modules/@types/json5
3679 silly ADD node_modules/is-number
3680 silly ADD node_modules/thenify
3681 silly ADD node_modules/thenify-all
3682 silly ADD node_modules/any-promise
3683 silly ADD node_modules/@jridgewell/resolve-uri
3684 silly ADD node_modules/@jridgewell/trace-mapping
3685 silly ADD node_modules/@jridgewell/sourcemap-codec
3686 silly ADD node_modules/ts-interface-checker
3687 silly ADD node_modules/pirates
3688 silly ADD node_modules/mz
3689 silly ADD node_modules/lines-and-columns
3690 silly ADD node_modules/commander
3691 silly ADD node_modules/@jridgewell/gen-mapping
3692 silly ADD node_modules/pify
3693 silly ADD node_modules/util-deprecate
3694 silly ADD node_modules/cssesc
3695 silly ADD node_modules/camelcase-css
3696 silly ADD node_modules/read-cache
3697 silly ADD node_modules/binary-extensions
3698 silly ADD node_modules/readdirp
3699 silly ADD node_modules/is-binary-path
3700 silly ADD
3701 silly ADD node_modules/anymatch
3702 silly ADD node_modules/sucrase
3703 silly ADD node_modules/postcss-selector-parser
3704 silly ADD node_modules/postcss-nested
3705 silly ADD node_modules/postcss-load-config
3706 silly ADD node_modules/postcss-js
3707 silly ADD node_modules/postcss-import
3708 silly ADD node_modules/postcss-import/node_modules/resolve
3709 silly ADD node_modules/object-hash
3710 silly ADD node_modules/normalize-path
3711 silly ADD node_modules/lilconfig
3712 silly ADD node_modules/jiti
3713 silly ADD node_modules/dlv
3714 silly ADD node_modules/didyoumean
3715 silly ADD node_modules/chokidar
3716 silly ADD node_modules/chokidar/node_modules/glob-parent
3717 silly ADD node_modules/arg
3718 silly ADD node_modules/@alloc/quick-lru
3719 silly ADD node_modules/has-flag
3720 silly ADD node_modules/client-only
3721 silly ADD node_modules/ansi-regex
3722 silly ADD node_modules/is-fullwidth-code-point
3723 silly ADD node_modules/eastasianwidth
3724 silly ADD node_modules/side-channel-weakmap
3725 silly ADD node_modules/side-channel-map
3726 silly ADD node_modules/side-channel-list
3727 silly ADD node_modules/shebang-regex
3728 silly ADD node_modules/isarray
3729 silly ADD node_modules/queue-microtask
3730 silly ADD node_modules/supports-preserve-symlinks-flag
3731 silly ADD node_modules/path-parse
3732 silly ADD node_modules/node-exports-info
3733 silly ADD node_modules/node-exports-info/node_modules/semver
3734 silly ADD node_modules/scheduler
3735 silly ADD node_modules/js-tokens
3736 silly ADD node_modules/react-is
3737 silly ADD node_modules/object-assign
3738 silly ADD node_modules/loose-envify
3739 silly ADD node_modules/source-map-js
3740 silly ADD node_modules/nanoid
3741 silly ADD node_modules/lru-cache
3742 silly ADD node_modules/callsites
3743 silly ADD node_modules/yocto-queue
3744 silly ADD node_modules/p-limit
3745 silly ADD node_modules/word-wrap
3746 silly ADD node_modules/fast-levenshtein
3747 silly ADD node_modules/deep-is
3748 silly ADD node_modules/streamsearch
3749 silly ADD node_modules/@swc/counter
3750 silly ADD node_modules/styled-jsx
3751 silly ADD node_modules/graceful-fs
3752 silly ADD node_modules/busboy
3753 silly ADD node_modules/@swc/helpers
3754 silly ADD node_modules/@next/swc-darwin-arm64
3755 silly ADD node_modules/@next/env
3756 silly ADD node_modules/concat-map
3757 silly ADD node_modules/balanced-match
3758 silly ADD node_modules/brace-expansion
3759 silly ADD node_modules/to-regex-range
3760 silly ADD node_modules/fill-range
3761 silly ADD node_modules/picomatch
3762 silly ADD node_modules/braces
3763 silly ADD node_modules/p-locate
3764 silly ADD node_modules/type-check
3765 silly ADD node_modules/prelude-ls
3766 silly ADD node_modules/language-subtag-registry
3767 silly ADD node_modules/json-buffer
3768 silly ADD node_modules/argparse
3769 silly ADD node_modules/wrap-ansi-cjs
3770 silly ADD node_modules/wrap-ansi-cjs/node_modules/emoji-regex
3771 silly ADD node_modules/wrap-ansi-cjs/node_modules/string-width
3772 silly ADD node_modules/wrap-ansi
3773 silly ADD node_modules/wrap-ansi/node_modules/ansi-regex
3774 silly ADD node_modules/wrap-ansi/node_modules/strip-ansi
3775 silly ADD node_modules/wrap-ansi/node_modules/ansi-styles
3776 silly ADD node_modules/strip-ansi-cjs
3777 silly ADD node_modules/string-width-cjs
3778 silly ADD node_modules/string-width-cjs/node_modules/emoji-regex
3779 silly ADD node_modules/string-width
3780 silly ADD node_modules/string-width/node_modules/ansi-regex
3781 silly ADD node_modules/string-width/node_modules/strip-ansi
3782 silly ADD node_modules/@pkgjs/parseargs
3783 silly ADD node_modules/@isaacs/cliui
3784 silly ADD node_modules/@isaacs/cliui/node_modules/ansi-regex
3785 silly ADD node_modules/@isaacs/cliui/node_modules/strip-ansi
3786 silly ADD node_modules/set-function-name
3787 silly ADD node_modules/is-extglob
3788 silly ADD node_modules/side-channel
3789 silly ADD node_modules/resolve-from
3790 silly ADD node_modules/parent-module
3791 silly ADD node_modules/micromatch
3792 silly ADD node_modules/path-type
3793 silly ADD node_modules/slash
3794 silly ADD node_modules/merge2
3795 silly ADD node_modules/fast-glob
3796 silly ADD node_modules/fast-glob/node_modules/glob-parent
3797 silly ADD node_modules/dir-glob
3798 silly ADD node_modules/array-union
3799 silly ADD node_modules/type-fest
3800 silly ADD node_modules/signal-exit
3801 silly ADD node_modules/path-scurry
3802 silly ADD node_modules/minipass
3803 silly ADD node_modules/jackspeak
3804 silly ADD node_modules/foreground-child
3805 silly ADD node_modules/resolve-pkg-maps
3806 silly ADD node_modules/dunder-proto
3807 silly ADD node_modules/functions-have-names
3808 silly ADD node_modules/rimraf
3809 silly ADD node_modules/rimraf/node_modules/glob
3810 silly ADD node_modules/keyv
3811 silly ADD node_modules/flatted
3812 silly ADD node_modules/path-exists
3813 silly ADD node_modules/locate-path
3814 silly ADD node_modules/flat-cache
3815 silly ADD node_modules/reusify
3816 silly ADD node_modules/acorn-jsx
3817 silly ADD node_modules/acorn
3818 silly ADD node_modules/esrecurse
3819 silly ADD node_modules/iterator.prototype
3820 silly ADD node_modules/string.prototype.repeat
3821 silly ADD node_modules/string.prototype.matchall
3822 silly ADD node_modules/prop-types
3823 silly ADD node_modules/object.entries
3824 silly ADD node_modules/estraverse
3825 silly ADD node_modules/es-iterator-helpers
3826 silly ADD node_modules/array.prototype.tosorted
3827 silly ADD node_modules/array.prototype.findlast
3828 silly ADD node_modules/string.prototype.includes
3829 silly ADD node_modules/language-tags
3830 silly ADD node_modules/jsx-ast-utils
3831 silly ADD node_modules/emoji-regex
3832 silly ADD node_modules/damerau-levenshtein
3833 silly ADD node_modules/axobject-query
3834 silly ADD node_modules/axe-core
3835 silly ADD node_modules/ast-types-flow
3836 silly ADD node_modules/aria-query
3837 silly ADD node_modules/is-symbol
3838 silly ADD node_modules/is-date-object
3839 silly ADD node_modules/has-tostringtag
3840 silly ADD node_modules/possible-typed-array-names
3841 silly ADD node_modules/which-typed-array
3842 silly ADD node_modules/unbox-primitive
3843 silly ADD node_modules/typed-array-length
3844 silly ADD node_modules/typed-array-byte-offset
3845 silly ADD node_modules/typed-array-byte-length
3846 silly ADD node_modules/typed-array-buffer
3847 silly ADD node_modules/string.prototype.trimstart
3848 silly ADD node_modules/string.prototype.trim
3849 silly ADD node_modules/stop-iteration-iterator
3850 silly ADD node_modules/set-proto
3851 silly ADD node_modules/safe-regex-test
3852 silly ADD node_modules/safe-push-apply
3853 silly ADD node_modules/safe-array-concat
3854 silly ADD node_modules/regexp.prototype.flags
3855 silly ADD node_modules/own-keys
3856 silly ADD node_modules/object.assign
3857 silly ADD node_modules/object-inspect
3858 silly ADD node_modules/is-weakref
3859 silly ADD node_modules/is-typed-array
3860 silly ADD node_modules/is-shared-array-buffer
3861 silly ADD node_modules/is-set
3862 silly ADD node_modules/is-regex
3863 silly ADD node_modules/is-negative-zero
3864 silly ADD node_modules/is-data-view
3865 silly ADD node_modules/is-callable
3866 silly ADD node_modules/is-array-buffer
3867 silly ADD node_modules/internal-slot
3868 silly ADD node_modules/has-symbols
3869 silly ADD node_modules/has-proto
3870 silly ADD node_modules/globalthis
3871 silly ADD node_modules/get-symbol-description
3872 silly ADD node_modules/get-proto
3873 silly ADD node_modules/function.prototype.name
3874 silly ADD node_modules/es-to-primitive
3875 silly ADD node_modules/es-set-tostringtag
3876 silly ADD node_modules/data-view-byte-offset
3877 silly ADD node_modules/data-view-byte-length
3878 silly ADD node_modules/data-view-buffer
3879 silly ADD node_modules/available-typed-arrays
3880 silly ADD node_modules/arraybuffer.prototype.slice
3881 silly ADD node_modules/array-buffer-byte-length
3882 silly ADD node_modules/gopd
3883 silly ADD node_modules/object-keys
3884 silly ADD node_modules/has-property-descriptors
3885 silly ADD node_modules/define-data-property
3886 silly ADD node_modules/function-bind
3887 silly ADD node_modules/set-function-length
3888 silly ADD node_modules/es-define-property
3889 silly ADD node_modules/call-bind-apply-helpers
3890 silly ADD node_modules/es-shim-unscopables
3891 silly ADD node_modules/es-errors
3892 silly ADD node_modules/math-intrinsics
3893 silly ADD node_modules/is-string
3894 silly ADD node_modules/get-intrinsic
3895 silly ADD node_modules/es-object-atoms
3896 silly ADD node_modules/es-abstract
3897 silly ADD node_modules/define-properties
3898 silly ADD node_modules/call-bound
3899 silly ADD node_modules/call-bind
3900 silly ADD node_modules/tsconfig-paths
3901 silly ADD node_modules/string.prototype.trimend
3902 silly ADD node_modules/object.values
3903 silly ADD node_modules/object.groupby
3904 silly ADD node_modules/object.fromentries
3905 silly ADD node_modules/hasown
3906 silly ADD node_modules/eslint-module-utils
3907 silly ADD node_modules/eslint-module-utils/node_modules/debug
3908 silly ADD node_modules/array.prototype.flatmap
3909 silly ADD node_modules/array.prototype.flat
3910 silly ADD node_modules/array.prototype.findlastindex
3911 silly ADD node_modules/array-includes
3912 silly ADD node_modules/@rtsao/scc
3913 silly ADD node_modules/unrs-resolver
3914 silly ADD node_modules/tinyglobby
3915 silly ADD node_modules/tinyglobby/node_modules/picomatch
3916 silly ADD node_modules/tinyglobby/node_modules/fdir
3917 silly ADD node_modules/stable-hash
3918 silly ADD node_modules/is-bun-module
3919 silly ADD node_modules/get-tsconfig
3920 silly ADD node_modules/@nolyfill/is-core-module
3921 silly ADD node_modules/resolve
3922 silly ADD node_modules/is-core-module
3923 silly ADD node_modules/ts-api-utils
3924 silly ADD node_modules/semver
3925 silly ADD node_modules/globby
3926 silly ADD node_modules/@typescript-eslint/visitor-keys
3927 silly ADD node_modules/@typescript-eslint/typescript-estree
3928 silly ADD node_modules/@typescript-eslint/typescript-estree/node_modules/brace-expansion
3929 silly ADD node_modules/@typescript-eslint/typescript-estree/node_modules/minimatch
3930 silly ADD node_modules/@typescript-eslint/types
3931 silly ADD node_modules/@typescript-eslint/scope-manager
3932 silly ADD node_modules/glob
3933 silly ADD node_modules/glob/node_modules/brace-expansion
3934 silly ADD node_modules/glob/node_modules/minimatch
3935 silly ADD node_modules/eslint-plugin-react-hooks
3936 silly ADD node_modules/eslint-plugin-react
3937 silly ADD node_modules/eslint-plugin-react/node_modules/semver
3938 silly ADD node_modules/eslint-plugin-react/node_modules/doctrine
3939 silly ADD node_modules/eslint-plugin-jsx-a11y
3940 silly ADD node_modules/eslint-plugin-import
3941 silly ADD node_modules/eslint-plugin-import/node_modules/semver
3942 silly ADD node_modules/eslint-plugin-import/node_modules/doctrine
3943 silly ADD node_modules/eslint-plugin-import/node_modules/debug
3944 silly ADD node_modules/eslint-import-resolver-typescript
3945 silly ADD node_modules/eslint-import-resolver-node
3946 silly ADD node_modules/eslint-import-resolver-node/node_modules/debug
3947 silly ADD node_modules/@typescript-eslint/parser
3948 silly ADD node_modules/@rushstack/eslint-patch
3949 silly ADD node_modules/@next/eslint-plugin-next
3950 silly ADD node_modules/ms
3951 silly ADD node_modules/which
3952 silly ADD node_modules/shebang-command
3953 silly ADD node_modules/path-key
3954 silly ADD node_modules/color-name
3955 silly ADD node_modules/color-convert
3956 silly ADD node_modules/supports-color
3957 silly ADD node_modules/ansi-styles
3958 silly ADD node_modules/uri-js
3959 silly ADD node_modules/json-schema-traverse
3960 silly ADD node_modules/fast-json-stable-stringify
3961 silly ADD node_modules/run-parallel
3962 silly ADD node_modules/@nodelib/fs.stat
3963 silly ADD node_modules/fastq
3964 silly ADD node_modules/@nodelib/fs.scandir
3965 silly ADD node_modules/@humanwhocodes/object-schema
3966 silly ADD node_modules/strip-json-comments
3967 silly ADD node_modules/import-fresh
3968 silly ADD node_modules/text-table
3969 silly ADD node_modules/strip-ansi
3970 silly ADD node_modules/optionator
3971 silly ADD node_modules/natural-compare
3972 silly ADD node_modules/minimatch
3973 silly ADD node_modules/lodash.merge
3974 silly ADD node_modules/levn
3975 silly ADD node_modules/json-stable-stringify-without-jsonify
3976 silly ADD node_modules/js-yaml
3977 silly ADD node_modules/is-path-inside
3978 silly ADD node_modules/is-glob
3979 silly ADD node_modules/imurmurhash
3980 silly ADD node_modules/ignore
3981 silly ADD node_modules/graphemer
3982 silly ADD node_modules/globals
3983 silly ADD node_modules/glob-parent
3984 silly ADD node_modules/find-up
3985 silly ADD node_modules/file-entry-cache
3986 silly ADD node_modules/fast-deep-equal
3987 silly ADD node_modules/esutils
3988 silly ADD node_modules/esquery
3989 silly ADD node_modules/espree
3990 silly ADD node_modules/eslint-visitor-keys
3991 silly ADD node_modules/eslint-scope
3992 silly ADD node_modules/escape-string-regexp
3993 silly ADD node_modules/doctrine
3994 silly ADD node_modules/debug
3995 silly ADD node_modules/cross-spawn
3996 silly ADD node_modules/chalk
3997 silly ADD node_modules/ajv
3998 silly ADD node_modules/@ungap/structured-clone
3999 silly ADD node_modules/@nodelib/fs.walk
4000 silly ADD node_modules/@humanwhocodes/module-importer
4001 silly ADD node_modules/@humanwhocodes/config-array
4002 silly ADD node_modules/@eslint/js
4003 silly ADD node_modules/@eslint/eslintrc
4004 silly ADD node_modules/@eslint-community/regexpp
4005 silly ADD node_modules/@eslint-community/eslint-utils
4006 silly ADD node_modules/update-browserslist-db
4007 silly ADD node_modules/node-releases
4008 silly ADD node_modules/electron-to-chromium
4009 silly ADD node_modules/baseline-browser-mapping
4010 silly ADD node_modules/postcss-value-parser
4011 silly ADD node_modules/picocolors
4012 silly ADD node_modules/fraction.js
4013 silly ADD node_modules/caniuse-lite
4014 silly ADD node_modules/browserslist
4015 silly ADD node_modules/csstype
4016 silly ADD node_modules/@types/prop-types
4017 silly ADD node_modules/undici-types
4018 silly ADD node_modules/iceberg-js
4019 silly ADD node_modules/ws
4020 silly ADD node_modules/@types/ws
4021 silly ADD node_modules/@supabase/phoenix
4022 silly ADD node_modules/tslib
4023 silly ADD node_modules/@supabase/storage-js
4024 silly ADD node_modules/@supabase/realtime-js
4025 silly ADD node_modules/@supabase/postgrest-js
4026 silly ADD node_modules/@supabase/functions-js
4027 silly ADD node_modules/@supabase/auth-js
4028 silly ADD node_modules/zod
4029 silly ADD node_modules/typescript
4030 silly ADD node_modules/tailwindcss
4031 silly ADD node_modules/tailwindcss/node_modules/resolve
4032 silly ADD node_modules/react-dom
4033 silly ADD node_modules/react
4034 silly ADD node_modules/next
4035 silly ADD node_modules/next/node_modules/postcss
4036 silly ADD node_modules/eslint-config-next
4037 silly ADD node_modules/eslint
4038 silly ADD node_modules/postcss
4039 silly ADD node_modules/autoprefixer
4040 silly ADD node_modules/@types/react-dom
4041 silly ADD node_modules/@types/react
4042 silly ADD node_modules/@types/node
4043 silly ADD node_modules/@supabase/supabase-js
4044 verbose cwd /Users/minsoopark/Downloads/바이브코딩/k-black-music-magazine-app
4045 verbose os Darwin 25.2.0
4046 verbose node v24.13.0
4047 verbose npm  v11.6.2
4048 notice
4048 notice New minor version of npm available! 11.6.2 -> 11.12.1
4048 notice Changelog: https://github.com/npm/cli/releases/tag/v11.12.1
4048 notice To update run: npm install -g npm@11.12.1
4048 notice  { force: true, Symbol(proc-log.meta): true }
4049 verbose exit 0
4050 info ok
